product_id,date,city,sales
0067adfb-25e3-421c-aa04-8123762cccce,2024-08-08,M1,2.1103
0067adfb-25e3-421c-aa04-8123762cccce,2024-08-09,M1,1.8866
0067adfb-25e3-421c-aa04-8123762cccce,2024-08-10,M1,1.7209
0067adfb-25e3-421c-aa04-8123762cccce,2024-08-08,M2,1.9309
0067adfb-25e3-421c-aa04-8123762cccce,2024-08-09,M2,1.7262
0067adfb-25e3-421c-aa04-8123762cccce,2024-08-10,M2,1.5746
0067adfb-25e3-421c-aa04-8123762cccce,2024-08-08,M3,1.8204
0067adfb-25e3-421c-aa04-8123762cccce,2024-08-09,M3,1.6274
0067adfb-25e3-421c-aa04-8123762cccce,2024-08-10,M3,1.4846
0067adfb-25e3-421c-aa04-8123762cccce,2024-08-08,M4,2.1127
0067adfb-25e3-421c-aa04-8123762cccce,2024-08-09,M4,1.8887
0067adfb-25e3-421c-aa04-8123762cccce,2024-08-10,M4,1.7229
00afde38-77a7-410e-8f94-9d1110a44693,2024-08-08,B1,1.1536
00afde38-77a7-410e-8f94-9d1110a44693,2024-08-09,B1,0.9414
00afde38-77a7-410e-8f94-9d1110a44693,2024-08-10,B1,0.7316
00afde38-77a7-410e-8f94-9d1110a44693,2024-08-08,B2,1.1536
00afde38-77a7-410e-8f94-9d1110a44693,2024-08-09,B2,0.9414
00afde38-77a7-410e-8f94-9d1110a44693,2024-08-10,B2,0.7316
00afde38-77a7-410e-8f94-9d1110a44693,2024-08-08,B3,18.4576
00afde38-77a7-410e-8f94-9d1110a44693,2024-08-09,B3,15.0629
00afde38-77a7-410e-8f94-9d1110a44693,2024-08-10,B3,11.7053
00dac0d3-3b8f-4d7f-919a-bfb852e11148,2024-08-08,B1,1.9582
00dac0d3-3b8f-4d7f-919a-bfb852e11148,2024-08-09,B1,1.5981
00dac0d3-3b8f-4d7f-919a-bfb852e11148,2024-08-10,B1,1.2419
00dac0d3-3b8f-4d7f-919a-bfb852e11148,2024-08-08,B2,2.1303
00dac0d3-3b8f-4d7f-919a-bfb852e11148,2024-08-09,B2,1.7385
00dac0d3-3b8f-4d7f-919a-bfb852e11148,2024-08-10,B2,1.3509
00dac0d3-3b8f-4d7f-919a-bfb852e11148,2024-08-08,B3,4.5671
00dac0d3-3b8f-4d7f-919a-bfb852e11148,2024-08-09,B3,3.7271
00dac0d3-3b8f-4d7f-919a-bfb852e11148,2024-08-10,B3,2.8963
00fcdebe-63de-4e41-bcbe-1d13017ae42c,2024-08-08,M2,1.8038
00fcdebe-63de-4e41-bcbe-1d13017ae42c,2024-08-09,M2,1.6126
00fcdebe-63de-4e41-bcbe-1d13017ae42c,2024-08-10,M2,1.471
00fcdebe-63de-4e41-bcbe-1d13017ae42c,2024-08-08,M3,1.7539
00fcdebe-63de-4e41-bcbe-1d13017ae42c,2024-08-09,M3,1.568
00fcdebe-63de-4e41-bcbe-1d13017ae42c,2024-08-10,M3,1.4303
00fcdebe-63de-4e41-bcbe-1d13017ae42c,2024-08-08,M4,1.85
00fcdebe-63de-4e41-bcbe-1d13017ae42c,2024-08-09,M4,1.6539
00fcdebe-63de-4e41-bcbe-1d13017ae42c,2024-08-10,M4,1.5087
010facf4-08f0-4b25-9eef-2522a8caed4b,2024-08-08,B1,1.9854
010facf4-08f0-4b25-9eef-2522a8caed4b,2024-08-09,B1,1.6203
010facf4-08f0-4b25-9eef-2522a8caed4b,2024-08-10,B1,1.2591
010facf4-08f0-4b25-9eef-2522a8caed4b,2024-08-08,B2,6.9216
010facf4-08f0-4b25-9eef-2522a8caed4b,2024-08-09,B2,5.6486
010facf4-08f0-4b25-9eef-2522a8caed4b,2024-08-10,B2,4.3895
015ad371-f82f-4eba-ab3a-dc4c77262d23,2024-08-08,B1,2.3072
015ad371-f82f-4eba-ab3a-dc4c77262d23,2024-08-09,B1,1.8829
015ad371-f82f-4eba-ab3a-dc4c77262d23,2024-08-10,B1,1.4632
015ad371-f82f-4eba-ab3a-dc4c77262d23,2024-08-08,B2,1.847
015ad371-f82f-4eba-ab3a-dc4c77262d23,2024-08-09,B2,1.5073
015ad371-f82f-4eba-ab3a-dc4c77262d23,2024-08-10,B2,1.1713
015ad371-f82f-4eba-ab3a-dc4c77262d23,2024-08-08,B3,4.222
015ad371-f82f-4eba-ab3a-dc4c77262d23,2024-08-09,B3,3.4455
015ad371-f82f-4eba-ab3a-dc4c77262d23,2024-08-10,B3,2.6775
016910ce-27cd-4536-9b14-96e9caec3f56,2024-08-08,B3,3.2437
016910ce-27cd-4536-9b14-96e9caec3f56,2024-08-09,B3,2.6471
016910ce-27cd-4536-9b14-96e9caec3f56,2024-08-10,B3,2.057
01ceb2f7-f178-4a23-b470-20755a3be241,2024-08-08,B1,7.4984
01ceb2f7-f178-4a23-b470-20755a3be241,2024-08-09,B1,6.1193
01ceb2f7-f178-4a23-b470-20755a3be241,2024-08-10,B1,4.7553
01ceb2f7-f178-4a23-b470-20755a3be241,2024-08-08,B3,5.3995
01ceb2f7-f178-4a23-b470-20755a3be241,2024-08-09,B3,4.4064
01ceb2f7-f178-4a23-b470-20755a3be241,2024-08-10,B3,3.4242
0206b9ad-760f-447d-a86e-67120f67884d,2024-08-08,B1,1.1536
0206b9ad-760f-447d-a86e-67120f67884d,2024-08-09,B1,0.9414
0206b9ad-760f-447d-a86e-67120f67884d,2024-08-10,B1,0.7316
0206b9ad-760f-447d-a86e-67120f67884d,2024-08-08,B2,1.1536
0206b9ad-760f-447d-a86e-67120f67884d,2024-08-09,B2,0.9414
0206b9ad-760f-447d-a86e-67120f67884d,2024-08-10,B2,0.7316
0206b9ad-760f-447d-a86e-67120f67884d,2024-08-08,B3,1.1536
0206b9ad-760f-447d-a86e-67120f67884d,2024-08-09,B3,0.9414
0206b9ad-760f-447d-a86e-67120f67884d,2024-08-10,B3,0.7316
0310455e-2ec8-4e02-8a12-b59424678ff2,2024-08-08,M1,1.9538
0310455e-2ec8-4e02-8a12-b59424678ff2,2024-08-09,M1,1.7466
0310455e-2ec8-4e02-8a12-b59424678ff2,2024-08-10,M1,1.5933
0310455e-2ec8-4e02-8a12-b59424678ff2,2024-08-08,M2,5.0089
0310455e-2ec8-4e02-8a12-b59424678ff2,2024-08-09,M2,4.4779
0310455e-2ec8-4e02-8a12-b59424678ff2,2024-08-10,M2,4.0848
0310455e-2ec8-4e02-8a12-b59424678ff2,2024-08-08,M3,9.7604
0310455e-2ec8-4e02-8a12-b59424678ff2,2024-08-09,M3,8.7257
0310455e-2ec8-4e02-8a12-b59424678ff2,2024-08-10,M3,7.9597
0310455e-2ec8-4e02-8a12-b59424678ff2,2024-08-08,M4,10.4163
0310455e-2ec8-4e02-8a12-b59424678ff2,2024-08-09,M4,9.3121
0310455e-2ec8-4e02-8a12-b59424678ff2,2024-08-10,M4,8.4946
0310455e-2ec8-4e02-8a12-b59424678ff2,2024-08-08,M5,4.6858
0310455e-2ec8-4e02-8a12-b59424678ff2,2024-08-09,M5,4.189
0310455e-2ec8-4e02-8a12-b59424678ff2,2024-08-10,M5,3.8213
03506bee-8edc-4c03-b10e-4126b943a339,2024-08-08,B1,4.9338
03506bee-8edc-4c03-b10e-4126b943a339,2024-08-09,B1,4.0264
03506bee-8edc-4c03-b10e-4126b943a339,2024-08-10,B1,3.1289
03506bee-8edc-4c03-b10e-4126b943a339,2024-08-08,B2,1.1536
03506bee-8edc-4c03-b10e-4126b943a339,2024-08-09,B2,0.9414
03506bee-8edc-4c03-b10e-4126b943a339,2024-08-10,B2,0.7316
03506bee-8edc-4c03-b10e-4126b943a339,2024-08-08,B3,5.7101
03506bee-8edc-4c03-b10e-4126b943a339,2024-08-09,B3,4.6599
03506bee-8edc-4c03-b10e-4126b943a339,2024-08-10,B3,3.6212
03b56f4c-f2ec-4ee5-8341-87ef3e39a90e,2024-08-08,B1,2.3072
03b56f4c-f2ec-4ee5-8341-87ef3e39a90e,2024-08-09,B1,1.8829
03b56f4c-f2ec-4ee5-8341-87ef3e39a90e,2024-08-10,B1,1.4632
03b56f4c-f2ec-4ee5-8341-87ef3e39a90e,2024-08-08,B2,4.6144
03b56f4c-f2ec-4ee5-8341-87ef3e39a90e,2024-08-09,B2,3.7657
03b56f4c-f2ec-4ee5-8341-87ef3e39a90e,2024-08-10,B2,2.9263
03b56f4c-f2ec-4ee5-8341-87ef3e39a90e,2024-08-08,B3,4.5461
03b56f4c-f2ec-4ee5-8341-87ef3e39a90e,2024-08-09,B3,3.71
03b56f4c-f2ec-4ee5-8341-87ef3e39a90e,2024-08-10,B3,2.883
03b9beb7-6304-4fa5-93a2-73202e1620f5,2024-08-08,M1,2.1103
03b9beb7-6304-4fa5-93a2-73202e1620f5,2024-08-09,M1,1.8866
03b9beb7-6304-4fa5-93a2-73202e1620f5,2024-08-10,M1,1.7209
03b9beb7-6304-4fa5-93a2-73202e1620f5,2024-08-08,M2,1.8624
03b9beb7-6304-4fa5-93a2-73202e1620f5,2024-08-09,M2,1.665
03b9beb7-6304-4fa5-93a2-73202e1620f5,2024-08-10,M2,1.5188
03b9beb7-6304-4fa5-93a2-73202e1620f5,2024-08-08,M3,3.409
03b9beb7-6304-4fa5-93a2-73202e1620f5,2024-08-09,M3,3.0476
03b9beb7-6304-4fa5-93a2-73202e1620f5,2024-08-10,M3,2.7801
03b9beb7-6304-4fa5-93a2-73202e1620f5,2024-08-08,M4,2.1103
03b9beb7-6304-4fa5-93a2-73202e1620f5,2024-08-09,M4,1.8866
03b9beb7-6304-4fa5-93a2-73202e1620f5,2024-08-10,M4,1.7209
03b9beb7-6304-4fa5-93a2-73202e1620f5,2024-08-08,M5,1.0551
03b9beb7-6304-4fa5-93a2-73202e1620f5,2024-08-09,M5,0.9433
03b9beb7-6304-4fa5-93a2-73202e1620f5,2024-08-10,M5,0.8605
04587b04-b34d-477a-8c24-1edf1f9effc7,2024-08-08,B1,1.1536
04587b04-b34d-477a-8c24-1edf1f9effc7,2024-08-09,B1,0.9414
04587b04-b34d-477a-8c24-1edf1f9effc7,2024-08-10,B1,0.7316
04587b04-b34d-477a-8c24-1edf1f9effc7,2024-08-08,B2,1.1536
04587b04-b34d-477a-8c24-1edf1f9effc7,2024-08-09,B2,0.9414
04587b04-b34d-477a-8c24-1edf1f9effc7,2024-08-10,B2,0.7316
04587b04-b34d-477a-8c24-1edf1f9effc7,2024-08-08,B3,2.0676
04587b04-b34d-477a-8c24-1edf1f9effc7,2024-08-09,B3,1.6873
04587b04-b34d-477a-8c24-1edf1f9effc7,2024-08-10,B3,1.3112
047af93a-b988-4cfe-8af7-5d793960b295,2024-08-08,B1,3.4608
047af93a-b988-4cfe-8af7-5d793960b295,2024-08-09,B1,2.8243
047af93a-b988-4cfe-8af7-5d793960b295,2024-08-10,B1,2.1947
047af93a-b988-4cfe-8af7-5d793960b295,2024-08-08,B3,2.2129
047af93a-b988-4cfe-8af7-5d793960b295,2024-08-09,B3,1.8059
047af93a-b988-4cfe-8af7-5d793960b295,2024-08-10,B3,1.4034
04f07f2c-ed89-4c69-9de3-e24f28032748,2024-08-08,B1,2.7377
04f07f2c-ed89-4c69-9de3-e24f28032748,2024-08-09,B1,2.2342
04f07f2c-ed89-4c69-9de3-e24f28032748,2024-08-10,B1,1.7362
04f07f2c-ed89-4c69-9de3-e24f28032748,2024-08-08,B2,2.5238
04f07f2c-ed89-4c69-9de3-e24f28032748,2024-08-09,B2,2.0596
04f07f2c-ed89-4c69-9de3-e24f28032748,2024-08-10,B2,1.6005
04f07f2c-ed89-4c69-9de3-e24f28032748,2024-08-08,B3,5.5596
04f07f2c-ed89-4c69-9de3-e24f28032748,2024-08-09,B3,4.5371
04f07f2c-ed89-4c69-9de3-e24f28032748,2024-08-10,B3,3.5257
0548991e-185f-497f-9c37-d7e9c51edff0,2024-08-08,B1,2.9702
0548991e-185f-497f-9c37-d7e9c51edff0,2024-08-09,B1,2.4239
0548991e-185f-497f-9c37-d7e9c51edff0,2024-08-10,B1,1.8836
0548991e-185f-497f-9c37-d7e9c51edff0,2024-08-08,B2,4.589
0548991e-185f-497f-9c37-d7e9c51edff0,2024-08-09,B2,3.745
0548991e-185f-497f-9c37-d7e9c51edff0,2024-08-10,B2,2.9102
0548991e-185f-497f-9c37-d7e9c51edff0,2024-08-08,B3,8.6077
0548991e-185f-497f-9c37-d7e9c51edff0,2024-08-09,B3,7.0246
0548991e-185f-497f-9c37-d7e9c51edff0,2024-08-10,B3,5.4587
0576299b-d2b9-4a95-9f65-aa74f303726a,2024-08-08,B1,10.3015
0576299b-d2b9-4a95-9f65-aa74f303726a,2024-08-09,B1,8.4069
0576299b-d2b9-4a95-9f65-aa74f303726a,2024-08-10,B1,6.5329
0576299b-d2b9-4a95-9f65-aa74f303726a,2024-08-08,B2,4.5074
0576299b-d2b9-4a95-9f65-aa74f303726a,2024-08-09,B2,3.6785
0576299b-d2b9-4a95-9f65-aa74f303726a,2024-08-10,B2,2.8585
0576299b-d2b9-4a95-9f65-aa74f303726a,2024-08-08,B3,32.4354
0576299b-d2b9-4a95-9f65-aa74f303726a,2024-08-09,B3,26.47
0576299b-d2b9-4a95-9f65-aa74f303726a,2024-08-10,B3,20.5696
05d77e9c-c279-402d-b882-f2f533e0b221,2024-08-08,B1,1.1536
05d77e9c-c279-402d-b882-f2f533e0b221,2024-08-09,B1,0.9414
05d77e9c-c279-402d-b882-f2f533e0b221,2024-08-10,B1,0.7316
05d77e9c-c279-402d-b882-f2f533e0b221,2024-08-08,B2,2.884
05d77e9c-c279-402d-b882-f2f533e0b221,2024-08-09,B2,2.3536
05d77e9c-c279-402d-b882-f2f533e0b221,2024-08-10,B2,1.8289
05d77e9c-c279-402d-b882-f2f533e0b221,2024-08-08,B3,4.7658
05d77e9c-c279-402d-b882-f2f533e0b221,2024-08-09,B3,3.8893
05d77e9c-c279-402d-b882-f2f533e0b221,2024-08-10,B3,3.0224
061dc187-0d79-43d8-9e58-f360c4bcf197,2024-08-08,M1,1.6332
061dc187-0d79-43d8-9e58-f360c4bcf197,2024-08-09,M1,1.4601
061dc187-0d79-43d8-9e58-f360c4bcf197,2024-08-10,M1,1.3319
061dc187-0d79-43d8-9e58-f360c4bcf197,2024-08-08,M2,4.3251
061dc187-0d79-43d8-9e58-f360c4bcf197,2024-08-09,M2,3.8665
061dc187-0d79-43d8-9e58-f360c4bcf197,2024-08-10,M2,3.5271
061dc187-0d79-43d8-9e58-f360c4bcf197,2024-08-08,M3,3.5408
061dc187-0d79-43d8-9e58-f360c4bcf197,2024-08-09,M3,3.1655
061dc187-0d79-43d8-9e58-f360c4bcf197,2024-08-10,M3,2.8876
061dc187-0d79-43d8-9e58-f360c4bcf197,2024-08-08,M4,2.9433
061dc187-0d79-43d8-9e58-f360c4bcf197,2024-08-09,M4,2.6313
061dc187-0d79-43d8-9e58-f360c4bcf197,2024-08-10,M4,2.4003
061dc187-0d79-43d8-9e58-f360c4bcf197,2024-08-08,M5,1.9287
061dc187-0d79-43d8-9e58-f360c4bcf197,2024-08-09,M5,1.7243
061dc187-0d79-43d8-9e58-f360c4bcf197,2024-08-10,M5,1.5729
063a0fae-8732-42e9-ae25-aefcdffce44e,2024-08-08,B1,3.9902
063a0fae-8732-42e9-ae25-aefcdffce44e,2024-08-09,B1,3.2564
063a0fae-8732-42e9-ae25-aefcdffce44e,2024-08-10,B1,2.5305
063a0fae-8732-42e9-ae25-aefcdffce44e,2024-08-08,B2,3.9713
063a0fae-8732-42e9-ae25-aefcdffce44e,2024-08-09,B2,3.241
063a0fae-8732-42e9-ae25-aefcdffce44e,2024-08-10,B2,2.5185
063a0fae-8732-42e9-ae25-aefcdffce44e,2024-08-08,B3,17.1627
063a0fae-8732-42e9-ae25-aefcdffce44e,2024-08-09,B3,14.0062
063a0fae-8732-42e9-ae25-aefcdffce44e,2024-08-10,B3,10.8841
06976486-b1f3-42b2-8d21-d71a3ad0f49a,2024-08-08,M3,6.3309
06976486-b1f3-42b2-8d21-d71a3ad0f49a,2024-08-09,M3,5.6597
06976486-b1f3-42b2-8d21-d71a3ad0f49a,2024-08-10,M3,5.1628
06c3de3a-5134-4a31-8b48-9d7bd0370125,2024-08-08,B1,1.1536
06c3de3a-5134-4a31-8b48-9d7bd0370125,2024-08-09,B1,0.9414
06c3de3a-5134-4a31-8b48-9d7bd0370125,2024-08-10,B1,0.7316
06c3de3a-5134-4a31-8b48-9d7bd0370125,2024-08-08,B2,2.2647
06c3de3a-5134-4a31-8b48-9d7bd0370125,2024-08-09,B2,1.8482
06c3de3a-5134-4a31-8b48-9d7bd0370125,2024-08-10,B2,1.4362
06c3de3a-5134-4a31-8b48-9d7bd0370125,2024-08-08,B3,3.4097
06c3de3a-5134-4a31-8b48-9d7bd0370125,2024-08-09,B3,2.7826
06c3de3a-5134-4a31-8b48-9d7bd0370125,2024-08-10,B3,2.1623
06d507fe-e703-4a06-8efb-bd61a38990f3,2024-08-08,B1,1.7417
06d507fe-e703-4a06-8efb-bd61a38990f3,2024-08-09,B1,1.4214
06d507fe-e703-4a06-8efb-bd61a38990f3,2024-08-10,B1,1.1045
06d507fe-e703-4a06-8efb-bd61a38990f3,2024-08-08,B2,1.1536
06d507fe-e703-4a06-8efb-bd61a38990f3,2024-08-09,B2,0.9414
06d507fe-e703-4a06-8efb-bd61a38990f3,2024-08-10,B2,0.7316
06d507fe-e703-4a06-8efb-bd61a38990f3,2024-08-08,B3,3.6976
06d507fe-e703-4a06-8efb-bd61a38990f3,2024-08-09,B3,3.0176
06d507fe-e703-4a06-8efb-bd61a38990f3,2024-08-10,B3,2.3449
07078fae-2d0b-4225-99aa-587b5920a2ee,2024-08-08,B1,1.7304
07078fae-2d0b-4225-99aa-587b5920a2ee,2024-08-09,B1,1.4122
07078fae-2d0b-4225-99aa-587b5920a2ee,2024-08-10,B1,1.0974
07078fae-2d0b-4225-99aa-587b5920a2ee,2024-08-08,B2,3.4608
07078fae-2d0b-4225-99aa-587b5920a2ee,2024-08-09,B2,2.8243
07078fae-2d0b-4225-99aa-587b5920a2ee,2024-08-10,B2,2.1947
07078fae-2d0b-4225-99aa-587b5920a2ee,2024-08-08,B3,1.8448
07078fae-2d0b-4225-99aa-587b5920a2ee,2024-08-09,B3,1.5055
07078fae-2d0b-4225-99aa-587b5920a2ee,2024-08-10,B3,1.1699
070f7507-ef80-4456-84a5-10286c582786,2024-08-08,M2,3.1654
070f7507-ef80-4456-84a5-10286c582786,2024-08-09,M2,2.8298
070f7507-ef80-4456-84a5-10286c582786,2024-08-10,M2,2.5814
070f7507-ef80-4456-84a5-10286c582786,2024-08-08,M3,2.1349
070f7507-ef80-4456-84a5-10286c582786,2024-08-09,M3,1.9086
070f7507-ef80-4456-84a5-10286c582786,2024-08-10,M3,1.741
070f7507-ef80-4456-84a5-10286c582786,2024-08-08,M4,2.1103
070f7507-ef80-4456-84a5-10286c582786,2024-08-09,M4,1.8866
070f7507-ef80-4456-84a5-10286c582786,2024-08-10,M4,1.7209
070f7507-ef80-4456-84a5-10286c582786,2024-08-08,M5,2.1103
070f7507-ef80-4456-84a5-10286c582786,2024-08-09,M5,1.8866
070f7507-ef80-4456-84a5-10286c582786,2024-08-10,M5,1.7209
072d0bc0-d1b8-495d-abf0-0df0df40c6fb,2024-08-08,B1,1.1536
072d0bc0-d1b8-495d-abf0-0df0df40c6fb,2024-08-09,B1,0.9414
072d0bc0-d1b8-495d-abf0-0df0df40c6fb,2024-08-10,B1,0.7316
072d0bc0-d1b8-495d-abf0-0df0df40c6fb,2024-08-08,B3,2.884
072d0bc0-d1b8-495d-abf0-0df0df40c6fb,2024-08-09,B3,2.3536
072d0bc0-d1b8-495d-abf0-0df0df40c6fb,2024-08-10,B3,1.8289
0762dafc-9845-4bdd-bf4d-b061cb4e0f6f,2024-08-08,M2,3.2264
0762dafc-9845-4bdd-bf4d-b061cb4e0f6f,2024-08-09,M2,2.8844
0762dafc-9845-4bdd-bf4d-b061cb4e0f6f,2024-08-10,M2,2.6312
0762dafc-9845-4bdd-bf4d-b061cb4e0f6f,2024-08-08,M3,2.8516
0762dafc-9845-4bdd-bf4d-b061cb4e0f6f,2024-08-09,M3,2.5492
0762dafc-9845-4bdd-bf4d-b061cb4e0f6f,2024-08-10,M3,2.3255
0762dafc-9845-4bdd-bf4d-b061cb4e0f6f,2024-08-08,M4,2.0124
0762dafc-9845-4bdd-bf4d-b061cb4e0f6f,2024-08-09,M4,1.799
0762dafc-9845-4bdd-bf4d-b061cb4e0f6f,2024-08-10,M4,1.6411
0762dafc-9845-4bdd-bf4d-b061cb4e0f6f,2024-08-08,M5,1.0551
0762dafc-9845-4bdd-bf4d-b061cb4e0f6f,2024-08-09,M5,0.9433
0762dafc-9845-4bdd-bf4d-b061cb4e0f6f,2024-08-10,M5,0.8605
07a1390e-f46a-4c3e-86e9-471eb1fab082,2024-08-08,M1,2.1103
07a1390e-f46a-4c3e-86e9-471eb1fab082,2024-08-09,M1,1.8866
07a1390e-f46a-4c3e-86e9-471eb1fab082,2024-08-10,M1,1.7209
07a1390e-f46a-4c3e-86e9-471eb1fab082,2024-08-08,M2,1.8553
07a1390e-f46a-4c3e-86e9-471eb1fab082,2024-08-09,M2,1.6586
07a1390e-f46a-4c3e-86e9-471eb1fab082,2024-08-10,M2,1.513
07a1390e-f46a-4c3e-86e9-471eb1fab082,2024-08-08,M3,1.9222
07a1390e-f46a-4c3e-86e9-471eb1fab082,2024-08-09,M3,1.7184
07a1390e-f46a-4c3e-86e9-471eb1fab082,2024-08-10,M3,1.5676
07a1390e-f46a-4c3e-86e9-471eb1fab082,2024-08-08,M4,1.9363
07a1390e-f46a-4c3e-86e9-471eb1fab082,2024-08-09,M4,1.731
07a1390e-f46a-4c3e-86e9-471eb1fab082,2024-08-10,M4,1.579
07a1390e-f46a-4c3e-86e9-471eb1fab082,2024-08-08,M5,1.0551
07a1390e-f46a-4c3e-86e9-471eb1fab082,2024-08-09,M5,0.9433
07a1390e-f46a-4c3e-86e9-471eb1fab082,2024-08-10,M5,0.8605
07c415af-fed1-4cc4-b702-7314e1eeba4c,2024-08-08,B1,2.884
07c415af-fed1-4cc4-b702-7314e1eeba4c,2024-08-09,B1,2.3536
07c415af-fed1-4cc4-b702-7314e1eeba4c,2024-08-10,B1,1.8289
07c415af-fed1-4cc4-b702-7314e1eeba4c,2024-08-08,B2,1.7304
07c415af-fed1-4cc4-b702-7314e1eeba4c,2024-08-09,B2,1.4122
07c415af-fed1-4cc4-b702-7314e1eeba4c,2024-08-10,B2,1.0974
07c415af-fed1-4cc4-b702-7314e1eeba4c,2024-08-08,B3,4.4443
07c415af-fed1-4cc4-b702-7314e1eeba4c,2024-08-09,B3,3.6269
07c415af-fed1-4cc4-b702-7314e1eeba4c,2024-08-10,B3,2.8184
07c594d7-8141-45b1-a8e4-b4f8cb795d86,2024-08-08,M1,2.1103
07c594d7-8141-45b1-a8e4-b4f8cb795d86,2024-08-09,M1,1.8866
07c594d7-8141-45b1-a8e4-b4f8cb795d86,2024-08-10,M1,1.7209
07c594d7-8141-45b1-a8e4-b4f8cb795d86,2024-08-08,M2,1.8544
07c594d7-8141-45b1-a8e4-b4f8cb795d86,2024-08-09,M2,1.6578
07c594d7-8141-45b1-a8e4-b4f8cb795d86,2024-08-10,M2,1.5123
07c594d7-8141-45b1-a8e4-b4f8cb795d86,2024-08-08,M3,5.5599
07c594d7-8141-45b1-a8e4-b4f8cb795d86,2024-08-09,M3,4.9705
07c594d7-8141-45b1-a8e4-b4f8cb795d86,2024-08-10,M3,4.5341
07c594d7-8141-45b1-a8e4-b4f8cb795d86,2024-08-08,M4,2.0723
07c594d7-8141-45b1-a8e4-b4f8cb795d86,2024-08-09,M4,1.8526
07c594d7-8141-45b1-a8e4-b4f8cb795d86,2024-08-10,M4,1.6899
07c594d7-8141-45b1-a8e4-b4f8cb795d86,2024-08-08,M5,4.2206
07c594d7-8141-45b1-a8e4-b4f8cb795d86,2024-08-09,M5,3.7731
07c594d7-8141-45b1-a8e4-b4f8cb795d86,2024-08-10,M5,3.4419
09407f3d-8e3c-439e-850a-2c9df8080c7c,2024-08-08,M1,2.5168
09407f3d-8e3c-439e-850a-2c9df8080c7c,2024-08-09,M1,2.25
09407f3d-8e3c-439e-850a-2c9df8080c7c,2024-08-10,M1,2.0525
09407f3d-8e3c-439e-850a-2c9df8080c7c,2024-08-08,M2,6.8183
09407f3d-8e3c-439e-850a-2c9df8080c7c,2024-08-09,M2,6.0954
09407f3d-8e3c-439e-850a-2c9df8080c7c,2024-08-10,M2,5.5603
09407f3d-8e3c-439e-850a-2c9df8080c7c,2024-08-08,M3,19.1374
09407f3d-8e3c-439e-850a-2c9df8080c7c,2024-08-09,M3,17.1085
09407f3d-8e3c-439e-850a-2c9df8080c7c,2024-08-10,M3,15.6066
09407f3d-8e3c-439e-850a-2c9df8080c7c,2024-08-08,M4,3.1094
09407f3d-8e3c-439e-850a-2c9df8080c7c,2024-08-09,M4,2.7798
09407f3d-8e3c-439e-850a-2c9df8080c7c,2024-08-10,M4,2.5358
09407f3d-8e3c-439e-850a-2c9df8080c7c,2024-08-08,M5,3.693
09407f3d-8e3c-439e-850a-2c9df8080c7c,2024-08-09,M5,3.3015
09407f3d-8e3c-439e-850a-2c9df8080c7c,2024-08-10,M5,3.0117
094ecf84-9014-4900-9c53-efc209159c40,2024-08-08,B1,1.68
094ecf84-9014-4900-9c53-efc209159c40,2024-08-09,B1,1.371
094ecf84-9014-4900-9c53-efc209159c40,2024-08-10,B1,1.0654
094ecf84-9014-4900-9c53-efc209159c40,2024-08-08,B2,2.0447
094ecf84-9014-4900-9c53-efc209159c40,2024-08-09,B2,1.6687
094ecf84-9014-4900-9c53-efc209159c40,2024-08-10,B2,1.2967
094ecf84-9014-4900-9c53-efc209159c40,2024-08-08,B3,4.7254
094ecf84-9014-4900-9c53-efc209159c40,2024-08-09,B3,3.8563
094ecf84-9014-4900-9c53-efc209159c40,2024-08-10,B3,2.9967
0979d0a2-667b-4436-b935-8d182ad815a8,2024-08-08,M3,2.1103
0979d0a2-667b-4436-b935-8d182ad815a8,2024-08-09,M3,1.8866
0979d0a2-667b-4436-b935-8d182ad815a8,2024-08-10,M3,1.7209
0a68c33a-63ed-4f29-bc78-ace4855e2b83,2024-08-08,M1,2.1103
0a68c33a-63ed-4f29-bc78-ace4855e2b83,2024-08-09,M1,1.8866
0a68c33a-63ed-4f29-bc78-ace4855e2b83,2024-08-10,M1,1.7209
0a68c33a-63ed-4f29-bc78-ace4855e2b83,2024-08-08,M2,3.1695
0a68c33a-63ed-4f29-bc78-ace4855e2b83,2024-08-09,M2,2.8335
0a68c33a-63ed-4f29-bc78-ace4855e2b83,2024-08-10,M2,2.5847
0a68c33a-63ed-4f29-bc78-ace4855e2b83,2024-08-08,M3,6.2787
0a68c33a-63ed-4f29-bc78-ace4855e2b83,2024-08-09,M3,5.613
0a68c33a-63ed-4f29-bc78-ace4855e2b83,2024-08-10,M3,5.1203
0a68c33a-63ed-4f29-bc78-ace4855e2b83,2024-08-08,M4,3.9377
0a68c33a-63ed-4f29-bc78-ace4855e2b83,2024-08-09,M4,3.5202
0a68c33a-63ed-4f29-bc78-ace4855e2b83,2024-08-10,M4,3.2112
0a68c33a-63ed-4f29-bc78-ace4855e2b83,2024-08-08,M5,1.9997
0a68c33a-63ed-4f29-bc78-ace4855e2b83,2024-08-09,M5,1.7877
0a68c33a-63ed-4f29-bc78-ace4855e2b83,2024-08-10,M5,1.6307
0a6e577f-8956-4c92-ad3b-cfdd2075a5cf,2024-08-08,B1,2.8373
0a6e577f-8956-4c92-ad3b-cfdd2075a5cf,2024-08-09,B1,2.3155
0a6e577f-8956-4c92-ad3b-cfdd2075a5cf,2024-08-10,B1,1.7994
0a6e577f-8956-4c92-ad3b-cfdd2075a5cf,2024-08-08,B2,4.527
0a6e577f-8956-4c92-ad3b-cfdd2075a5cf,2024-08-09,B2,3.6944
0a6e577f-8956-4c92-ad3b-cfdd2075a5cf,2024-08-10,B2,2.8709
0a6e577f-8956-4c92-ad3b-cfdd2075a5cf,2024-08-08,B3,17.6965
0a6e577f-8956-4c92-ad3b-cfdd2075a5cf,2024-08-09,B3,14.4418
0a6e577f-8956-4c92-ad3b-cfdd2075a5cf,2024-08-10,B3,11.2226
0a759c6d-8c67-4ded-a495-a89b8ea2c65a,2024-08-08,M1,1.5827
0a759c6d-8c67-4ded-a495-a89b8ea2c65a,2024-08-09,M1,1.4149
0a759c6d-8c67-4ded-a495-a89b8ea2c65a,2024-08-10,M1,1.2907
0a759c6d-8c67-4ded-a495-a89b8ea2c65a,2024-08-08,M2,3.117
0a759c6d-8c67-4ded-a495-a89b8ea2c65a,2024-08-09,M2,2.7866
0a759c6d-8c67-4ded-a495-a89b8ea2c65a,2024-08-10,M2,2.5419
0a759c6d-8c67-4ded-a495-a89b8ea2c65a,2024-08-08,M3,4.4595
0a759c6d-8c67-4ded-a495-a89b8ea2c65a,2024-08-09,M3,3.9868
0a759c6d-8c67-4ded-a495-a89b8ea2c65a,2024-08-10,M3,3.6368
0a759c6d-8c67-4ded-a495-a89b8ea2c65a,2024-08-08,M4,1.8014
0a759c6d-8c67-4ded-a495-a89b8ea2c65a,2024-08-09,M4,1.6104
0a759c6d-8c67-4ded-a495-a89b8ea2c65a,2024-08-10,M4,1.469
0a759c6d-8c67-4ded-a495-a89b8ea2c65a,2024-08-08,M5,1.5827
0a759c6d-8c67-4ded-a495-a89b8ea2c65a,2024-08-09,M5,1.4149
0a759c6d-8c67-4ded-a495-a89b8ea2c65a,2024-08-10,M5,1.2907
0a83e7fa-ae53-409c-8912-536b43eb8cfd,2024-08-08,M1,2.1103
0a83e7fa-ae53-409c-8912-536b43eb8cfd,2024-08-09,M1,1.8866
0a83e7fa-ae53-409c-8912-536b43eb8cfd,2024-08-10,M1,1.7209
0a83e7fa-ae53-409c-8912-536b43eb8cfd,2024-08-08,M2,2.4265
0a83e7fa-ae53-409c-8912-536b43eb8cfd,2024-08-09,M2,2.1693
0a83e7fa-ae53-409c-8912-536b43eb8cfd,2024-08-10,M2,1.9789
0a83e7fa-ae53-409c-8912-536b43eb8cfd,2024-08-08,M3,4.6107
0a83e7fa-ae53-409c-8912-536b43eb8cfd,2024-08-09,M3,4.1219
0a83e7fa-ae53-409c-8912-536b43eb8cfd,2024-08-10,M3,3.7601
0a83e7fa-ae53-409c-8912-536b43eb8cfd,2024-08-08,M4,2.1193
0a83e7fa-ae53-409c-8912-536b43eb8cfd,2024-08-09,M4,1.8946
0a83e7fa-ae53-409c-8912-536b43eb8cfd,2024-08-10,M4,1.7283
0a83e7fa-ae53-409c-8912-536b43eb8cfd,2024-08-08,M5,1.7641
0a83e7fa-ae53-409c-8912-536b43eb8cfd,2024-08-09,M5,1.577
0a83e7fa-ae53-409c-8912-536b43eb8cfd,2024-08-10,M5,1.4386
0aa4d643-34b7-4973-85d0-b15efeff3e54,2024-08-08,B1,5.6703
0aa4d643-34b7-4973-85d0-b15efeff3e54,2024-08-09,B1,4.6275
0aa4d643-34b7-4973-85d0-b15efeff3e54,2024-08-10,B1,3.5959
0aa4d643-34b7-4973-85d0-b15efeff3e54,2024-08-08,B2,5.8617
0aa4d643-34b7-4973-85d0-b15efeff3e54,2024-08-09,B2,4.7837
0aa4d643-34b7-4973-85d0-b15efeff3e54,2024-08-10,B2,3.7173
0aa4d643-34b7-4973-85d0-b15efeff3e54,2024-08-08,B3,22.7336
0aa4d643-34b7-4973-85d0-b15efeff3e54,2024-08-09,B3,18.5526
0aa4d643-34b7-4973-85d0-b15efeff3e54,2024-08-10,B3,14.417
0aee0d77-bd0f-43ba-b45f-c0242b47d457,2024-08-08,M1,1.5827
0aee0d77-bd0f-43ba-b45f-c0242b47d457,2024-08-09,M1,1.4149
0aee0d77-bd0f-43ba-b45f-c0242b47d457,2024-08-10,M1,1.2907
0aee0d77-bd0f-43ba-b45f-c0242b47d457,2024-08-08,M2,3.0982
0aee0d77-bd0f-43ba-b45f-c0242b47d457,2024-08-09,M2,2.7698
0aee0d77-bd0f-43ba-b45f-c0242b47d457,2024-08-10,M2,2.5266
0aee0d77-bd0f-43ba-b45f-c0242b47d457,2024-08-08,M3,3.6887
0aee0d77-bd0f-43ba-b45f-c0242b47d457,2024-08-09,M3,3.2976
0aee0d77-bd0f-43ba-b45f-c0242b47d457,2024-08-10,M3,3.0081
0aee0d77-bd0f-43ba-b45f-c0242b47d457,2024-08-08,M4,2.3033
0aee0d77-bd0f-43ba-b45f-c0242b47d457,2024-08-09,M4,2.0591
0aee0d77-bd0f-43ba-b45f-c0242b47d457,2024-08-10,M4,1.8784
0aee0d77-bd0f-43ba-b45f-c0242b47d457,2024-08-08,M5,2.1103
0aee0d77-bd0f-43ba-b45f-c0242b47d457,2024-08-09,M5,1.8866
0aee0d77-bd0f-43ba-b45f-c0242b47d457,2024-08-10,M5,1.7209
0aee9bb0-78f5-4f5b-b13b-2589b169b0b7,2024-08-08,M1,1.0551
0aee9bb0-78f5-4f5b-b13b-2589b169b0b7,2024-08-09,M1,0.9433
0aee9bb0-78f5-4f5b-b13b-2589b169b0b7,2024-08-10,M1,0.8605
0aee9bb0-78f5-4f5b-b13b-2589b169b0b7,2024-08-08,M2,1.9504
0aee9bb0-78f5-4f5b-b13b-2589b169b0b7,2024-08-09,M2,1.7437
0aee9bb0-78f5-4f5b-b13b-2589b169b0b7,2024-08-10,M2,1.5906
0aee9bb0-78f5-4f5b-b13b-2589b169b0b7,2024-08-08,M3,2.6379
0aee9bb0-78f5-4f5b-b13b-2589b169b0b7,2024-08-09,M3,2.3582
0aee9bb0-78f5-4f5b-b13b-2589b169b0b7,2024-08-10,M3,2.1512
0aee9bb0-78f5-4f5b-b13b-2589b169b0b7,2024-08-08,M4,1.0551
0aee9bb0-78f5-4f5b-b13b-2589b169b0b7,2024-08-09,M4,0.9433
0aee9bb0-78f5-4f5b-b13b-2589b169b0b7,2024-08-10,M4,0.8605
0b0c7b9a-ec28-4971-9d11-435c2db92869,2024-08-08,B3,2.9754
0b0c7b9a-ec28-4971-9d11-435c2db92869,2024-08-09,B3,2.4282
0b0c7b9a-ec28-4971-9d11-435c2db92869,2024-08-10,B3,1.8869
0b2b8499-495e-4920-ac9b-1f835369e6a3,2024-08-08,M1,2.212
0b2b8499-495e-4920-ac9b-1f835369e6a3,2024-08-09,M1,1.9775
0b2b8499-495e-4920-ac9b-1f835369e6a3,2024-08-10,M1,1.8039
0b2b8499-495e-4920-ac9b-1f835369e6a3,2024-08-08,M2,8.0432
0b2b8499-495e-4920-ac9b-1f835369e6a3,2024-08-09,M2,7.1905
0b2b8499-495e-4920-ac9b-1f835369e6a3,2024-08-10,M2,6.5593
0b2b8499-495e-4920-ac9b-1f835369e6a3,2024-08-08,M3,8.5639
0b2b8499-495e-4920-ac9b-1f835369e6a3,2024-08-09,M3,7.656
0b2b8499-495e-4920-ac9b-1f835369e6a3,2024-08-10,M3,6.9839
0b2b8499-495e-4920-ac9b-1f835369e6a3,2024-08-08,M4,6.4918
0b2b8499-495e-4920-ac9b-1f835369e6a3,2024-08-09,M4,5.8035
0b2b8499-495e-4920-ac9b-1f835369e6a3,2024-08-10,M4,5.2941
0b2b8499-495e-4920-ac9b-1f835369e6a3,2024-08-08,M5,3.0055
0b2b8499-495e-4920-ac9b-1f835369e6a3,2024-08-09,M5,2.6869
0b2b8499-495e-4920-ac9b-1f835369e6a3,2024-08-10,M5,2.451
0be705d4-b5df-47b9-9947-4f30ffb916ef,2024-08-08,B1,2.327
0be705d4-b5df-47b9-9947-4f30ffb916ef,2024-08-09,B1,1.8991
0be705d4-b5df-47b9-9947-4f30ffb916ef,2024-08-10,B1,1.4757
0be705d4-b5df-47b9-9947-4f30ffb916ef,2024-08-08,B2,2.0601
0be705d4-b5df-47b9-9947-4f30ffb916ef,2024-08-09,B2,1.6812
0be705d4-b5df-47b9-9947-4f30ffb916ef,2024-08-10,B2,1.3065
0be705d4-b5df-47b9-9947-4f30ffb916ef,2024-08-08,B3,7.7742
0be705d4-b5df-47b9-9947-4f30ffb916ef,2024-08-09,B3,6.3444
0be705d4-b5df-47b9-9947-4f30ffb916ef,2024-08-10,B3,4.9302
0c509823-5e41-409a-9710-7ef926c5e9e7,2024-08-08,M1,1.0551
0c509823-5e41-409a-9710-7ef926c5e9e7,2024-08-09,M1,0.9433
0c509823-5e41-409a-9710-7ef926c5e9e7,2024-08-10,M1,0.8605
0c509823-5e41-409a-9710-7ef926c5e9e7,2024-08-08,M2,2.1103
0c509823-5e41-409a-9710-7ef926c5e9e7,2024-08-09,M2,1.8866
0c509823-5e41-409a-9710-7ef926c5e9e7,2024-08-10,M2,1.7209
0c509823-5e41-409a-9710-7ef926c5e9e7,2024-08-08,M3,1.9493
0c509823-5e41-409a-9710-7ef926c5e9e7,2024-08-09,M3,1.7427
0c509823-5e41-409a-9710-7ef926c5e9e7,2024-08-10,M3,1.5897
0c509823-5e41-409a-9710-7ef926c5e9e7,2024-08-08,M4,4.2206
0c509823-5e41-409a-9710-7ef926c5e9e7,2024-08-09,M4,3.7731
0c509823-5e41-409a-9710-7ef926c5e9e7,2024-08-10,M4,3.4419
0c511b76-393d-4970-85a0-db86ea2f16fe,2024-08-08,B1,2.884
0c511b76-393d-4970-85a0-db86ea2f16fe,2024-08-09,B1,2.3536
0c511b76-393d-4970-85a0-db86ea2f16fe,2024-08-10,B1,1.8289
0c511b76-393d-4970-85a0-db86ea2f16fe,2024-08-08,B3,6.3189
0c511b76-393d-4970-85a0-db86ea2f16fe,2024-08-09,B3,5.1567
0c511b76-393d-4970-85a0-db86ea2f16fe,2024-08-10,B3,4.0073
0c681e17-8884-4da4-a747-6706cbad15f9,2024-08-08,B2,4.6144
0c681e17-8884-4da4-a747-6706cbad15f9,2024-08-09,B2,3.7657
0c681e17-8884-4da4-a747-6706cbad15f9,2024-08-10,B2,2.9263
0c72f97a-24c8-497c-b405-f4f79088b06d,2024-08-08,B1,2.4488
0c72f97a-24c8-497c-b405-f4f79088b06d,2024-08-09,B1,1.9984
0c72f97a-24c8-497c-b405-f4f79088b06d,2024-08-10,B1,1.553
0c72f97a-24c8-497c-b405-f4f79088b06d,2024-08-08,B2,2.0714
0c72f97a-24c8-497c-b405-f4f79088b06d,2024-08-09,B2,1.6905
0c72f97a-24c8-497c-b405-f4f79088b06d,2024-08-10,B2,1.3136
0c72f97a-24c8-497c-b405-f4f79088b06d,2024-08-08,B3,10.602
0c72f97a-24c8-497c-b405-f4f79088b06d,2024-08-09,B3,8.6521
0c72f97a-24c8-497c-b405-f4f79088b06d,2024-08-10,B3,6.7235
0cd34cc6-1752-4523-89a6-9852a560c41a,2024-08-08,B1,6.495
0cd34cc6-1752-4523-89a6-9852a560c41a,2024-08-09,B1,5.3005
0cd34cc6-1752-4523-89a6-9852a560c41a,2024-08-10,B1,4.1189
0cd34cc6-1752-4523-89a6-9852a560c41a,2024-08-08,B2,4.9171
0cd34cc6-1752-4523-89a6-9852a560c41a,2024-08-09,B2,4.0128
0cd34cc6-1752-4523-89a6-9852a560c41a,2024-08-10,B2,3.1183
0cd34cc6-1752-4523-89a6-9852a560c41a,2024-08-08,B3,20.8731
0cd34cc6-1752-4523-89a6-9852a560c41a,2024-08-09,B3,17.0342
0cd34cc6-1752-4523-89a6-9852a560c41a,2024-08-10,B3,13.2371
0cfa343e-6b4a-4895-9d0e-f917c714ccb2,2024-08-08,B1,2.1646
0cfa343e-6b4a-4895-9d0e-f917c714ccb2,2024-08-09,B1,1.7665
0cfa343e-6b4a-4895-9d0e-f917c714ccb2,2024-08-10,B1,1.3727
0cfa343e-6b4a-4895-9d0e-f917c714ccb2,2024-08-08,B2,3.1863
0cfa343e-6b4a-4895-9d0e-f917c714ccb2,2024-08-09,B2,2.6003
0cfa343e-6b4a-4895-9d0e-f917c714ccb2,2024-08-10,B2,2.0207
0cfa343e-6b4a-4895-9d0e-f917c714ccb2,2024-08-08,B3,7.2882
0cfa343e-6b4a-4895-9d0e-f917c714ccb2,2024-08-09,B3,5.9478
0cfa343e-6b4a-4895-9d0e-f917c714ccb2,2024-08-10,B3,4.6219
0d58ac25-37a8-4e7c-aae1-04b2a90c7fa4,2024-08-08,B1,2.1514
0d58ac25-37a8-4e7c-aae1-04b2a90c7fa4,2024-08-09,B1,1.7557
0d58ac25-37a8-4e7c-aae1-04b2a90c7fa4,2024-08-10,B1,1.3644
0d58ac25-37a8-4e7c-aae1-04b2a90c7fa4,2024-08-08,B2,1.7623
0d58ac25-37a8-4e7c-aae1-04b2a90c7fa4,2024-08-09,B2,1.4381
0d58ac25-37a8-4e7c-aae1-04b2a90c7fa4,2024-08-10,B2,1.1176
0d58ac25-37a8-4e7c-aae1-04b2a90c7fa4,2024-08-08,B3,3.7127
0d58ac25-37a8-4e7c-aae1-04b2a90c7fa4,2024-08-09,B3,3.0299
0d58ac25-37a8-4e7c-aae1-04b2a90c7fa4,2024-08-10,B3,2.3545
0d6b6825-1760-4d32-9cef-a54b4b8fd421,2024-08-08,M1,3.2993
0d6b6825-1760-4d32-9cef-a54b4b8fd421,2024-08-09,M1,2.9495
0d6b6825-1760-4d32-9cef-a54b4b8fd421,2024-08-10,M1,2.6906
0d6b6825-1760-4d32-9cef-a54b4b8fd421,2024-08-08,M2,6.9235
0d6b6825-1760-4d32-9cef-a54b4b8fd421,2024-08-09,M2,6.1895
0d6b6825-1760-4d32-9cef-a54b4b8fd421,2024-08-10,M2,5.6461
0d6b6825-1760-4d32-9cef-a54b4b8fd421,2024-08-08,M3,16.7039
0d6b6825-1760-4d32-9cef-a54b4b8fd421,2024-08-09,M3,14.933
0d6b6825-1760-4d32-9cef-a54b4b8fd421,2024-08-10,M3,13.6221
0d6b6825-1760-4d32-9cef-a54b4b8fd421,2024-08-08,M4,8.5676
0d6b6825-1760-4d32-9cef-a54b4b8fd421,2024-08-09,M4,7.6593
0d6b6825-1760-4d32-9cef-a54b4b8fd421,2024-08-10,M4,6.9869
0d6b6825-1760-4d32-9cef-a54b4b8fd421,2024-08-08,M5,3.5198
0d6b6825-1760-4d32-9cef-a54b4b8fd421,2024-08-09,M5,3.1467
0d6b6825-1760-4d32-9cef-a54b4b8fd421,2024-08-10,M5,2.8704
0d6f6c33-a832-4136-b73b-020d7a2f3550,2024-08-08,B1,3.4608
0d6f6c33-a832-4136-b73b-020d7a2f3550,2024-08-09,B1,2.8243
0d6f6c33-a832-4136-b73b-020d7a2f3550,2024-08-10,B1,2.1947
0d6f6c33-a832-4136-b73b-020d7a2f3550,2024-08-08,B2,1.1536
0d6f6c33-a832-4136-b73b-020d7a2f3550,2024-08-09,B2,0.9414
0d6f6c33-a832-4136-b73b-020d7a2f3550,2024-08-10,B2,0.7316
0d6f6c33-a832-4136-b73b-020d7a2f3550,2024-08-08,B3,2.2594
0d6f6c33-a832-4136-b73b-020d7a2f3550,2024-08-09,B3,1.8439
0d6f6c33-a832-4136-b73b-020d7a2f3550,2024-08-10,B3,1.4329
0dc0b14e-7259-4ea8-b7cc-a54d66ab59f8,2024-08-08,B1,1.7888
0dc0b14e-7259-4ea8-b7cc-a54d66ab59f8,2024-08-09,B1,1.4598
0dc0b14e-7259-4ea8-b7cc-a54d66ab59f8,2024-08-10,B1,1.1344
0dc0b14e-7259-4ea8-b7cc-a54d66ab59f8,2024-08-08,B2,6.9216
0dc0b14e-7259-4ea8-b7cc-a54d66ab59f8,2024-08-09,B2,5.6486
0dc0b14e-7259-4ea8-b7cc-a54d66ab59f8,2024-08-10,B2,4.3895
0dc0b14e-7259-4ea8-b7cc-a54d66ab59f8,2024-08-08,B3,1.3817
0dc0b14e-7259-4ea8-b7cc-a54d66ab59f8,2024-08-09,B3,1.1276
0dc0b14e-7259-4ea8-b7cc-a54d66ab59f8,2024-08-10,B3,0.8762
0dca9cf6-2fe3-48c1-bcc8-19eaabdb48de,2024-08-08,M2,1.5221
0dca9cf6-2fe3-48c1-bcc8-19eaabdb48de,2024-08-09,M2,1.3608
0dca9cf6-2fe3-48c1-bcc8-19eaabdb48de,2024-08-10,M2,1.2413
0dca9cf6-2fe3-48c1-bcc8-19eaabdb48de,2024-08-08,M3,1.8324
0dca9cf6-2fe3-48c1-bcc8-19eaabdb48de,2024-08-09,M3,1.6382
0dca9cf6-2fe3-48c1-bcc8-19eaabdb48de,2024-08-10,M3,1.4944
0dca9cf6-2fe3-48c1-bcc8-19eaabdb48de,2024-08-08,M4,1.859
0dca9cf6-2fe3-48c1-bcc8-19eaabdb48de,2024-08-09,M4,1.6619
0dca9cf6-2fe3-48c1-bcc8-19eaabdb48de,2024-08-10,M4,1.516
0dca9cf6-2fe3-48c1-bcc8-19eaabdb48de,2024-08-08,M5,1.0551
0dca9cf6-2fe3-48c1-bcc8-19eaabdb48de,2024-08-09,M5,0.9433
0dca9cf6-2fe3-48c1-bcc8-19eaabdb48de,2024-08-10,M5,0.8605
0e8184cd-57d7-4433-ac51-b4c974a31050,2024-08-08,M1,3.1654
0e8184cd-57d7-4433-ac51-b4c974a31050,2024-08-09,M1,2.8298
0e8184cd-57d7-4433-ac51-b4c974a31050,2024-08-10,M1,2.5814
0e8184cd-57d7-4433-ac51-b4c974a31050,2024-08-08,M2,4.5215
0e8184cd-57d7-4433-ac51-b4c974a31050,2024-08-09,M2,4.0421
0e8184cd-57d7-4433-ac51-b4c974a31050,2024-08-10,M2,3.6873
0e8184cd-57d7-4433-ac51-b4c974a31050,2024-08-08,M3,6.5685
0e8184cd-57d7-4433-ac51-b4c974a31050,2024-08-09,M3,5.8722
0e8184cd-57d7-4433-ac51-b4c974a31050,2024-08-10,M3,5.3567
0e8184cd-57d7-4433-ac51-b4c974a31050,2024-08-08,M4,2.7211
0e8184cd-57d7-4433-ac51-b4c974a31050,2024-08-09,M4,2.4326
0e8184cd-57d7-4433-ac51-b4c974a31050,2024-08-10,M4,2.2191
0e8184cd-57d7-4433-ac51-b4c974a31050,2024-08-08,M5,2.6379
0e8184cd-57d7-4433-ac51-b4c974a31050,2024-08-09,M5,2.3582
0e8184cd-57d7-4433-ac51-b4c974a31050,2024-08-10,M5,2.1512
100c5a11-9a98-4ebb-865e-7be67d2661a4,2024-08-08,B1,2.0785
100c5a11-9a98-4ebb-865e-7be67d2661a4,2024-08-09,B1,1.6962
100c5a11-9a98-4ebb-865e-7be67d2661a4,2024-08-10,B1,1.3181
100c5a11-9a98-4ebb-865e-7be67d2661a4,2024-08-08,B2,2.3072
100c5a11-9a98-4ebb-865e-7be67d2661a4,2024-08-09,B2,1.8829
100c5a11-9a98-4ebb-865e-7be67d2661a4,2024-08-10,B2,1.4632
100c5a11-9a98-4ebb-865e-7be67d2661a4,2024-08-08,B3,3.1007
100c5a11-9a98-4ebb-865e-7be67d2661a4,2024-08-09,B3,2.5304
100c5a11-9a98-4ebb-865e-7be67d2661a4,2024-08-10,B3,1.9664
1065d870-366e-456d-8305-b01fb2b2d441,2024-08-08,M2,1.0551
1065d870-366e-456d-8305-b01fb2b2d441,2024-08-09,M2,0.9433
1065d870-366e-456d-8305-b01fb2b2d441,2024-08-10,M2,0.8605
1065d870-366e-456d-8305-b01fb2b2d441,2024-08-08,M3,1.5827
1065d870-366e-456d-8305-b01fb2b2d441,2024-08-09,M3,1.4149
1065d870-366e-456d-8305-b01fb2b2d441,2024-08-10,M3,1.2907
1065d870-366e-456d-8305-b01fb2b2d441,2024-08-08,M4,1.0551
1065d870-366e-456d-8305-b01fb2b2d441,2024-08-09,M4,0.9433
1065d870-366e-456d-8305-b01fb2b2d441,2024-08-10,M4,0.8605
1099141d-d4f7-4987-9b5d-43241fe58d80,2024-08-08,B1,22.0375
1099141d-d4f7-4987-9b5d-43241fe58d80,2024-08-09,B1,17.9845
1099141d-d4f7-4987-9b5d-43241fe58d80,2024-08-10,B1,13.9756
1099141d-d4f7-4987-9b5d-43241fe58d80,2024-08-08,B2,9.7504
1099141d-d4f7-4987-9b5d-43241fe58d80,2024-08-09,B2,7.9572
1099141d-d4f7-4987-9b5d-43241fe58d80,2024-08-10,B2,6.1834
1099141d-d4f7-4987-9b5d-43241fe58d80,2024-08-08,B3,31.2205
1099141d-d4f7-4987-9b5d-43241fe58d80,2024-08-09,B3,25.4786
1099141d-d4f7-4987-9b5d-43241fe58d80,2024-08-10,B3,19.7991
10d51277-adbf-407d-8acf-a0eb7aed0056,2024-08-08,M1,1.7604
10d51277-adbf-407d-8acf-a0eb7aed0056,2024-08-09,M1,1.5738
10d51277-adbf-407d-8acf-a0eb7aed0056,2024-08-10,M1,1.4357
10d51277-adbf-407d-8acf-a0eb7aed0056,2024-08-08,M2,5.2593
10d51277-adbf-407d-8acf-a0eb7aed0056,2024-08-09,M2,4.7018
10d51277-adbf-407d-8acf-a0eb7aed0056,2024-08-10,M2,4.289
10d51277-adbf-407d-8acf-a0eb7aed0056,2024-08-08,M3,23.1788
10d51277-adbf-407d-8acf-a0eb7aed0056,2024-08-09,M3,20.7216
10d51277-adbf-407d-8acf-a0eb7aed0056,2024-08-10,M3,18.9025
10d51277-adbf-407d-8acf-a0eb7aed0056,2024-08-08,M4,3.7766
10d51277-adbf-407d-8acf-a0eb7aed0056,2024-08-09,M4,3.3763
10d51277-adbf-407d-8acf-a0eb7aed0056,2024-08-10,M4,3.0799
10d51277-adbf-407d-8acf-a0eb7aed0056,2024-08-08,M5,1.0551
10d51277-adbf-407d-8acf-a0eb7aed0056,2024-08-09,M5,0.9433
10d51277-adbf-407d-8acf-a0eb7aed0056,2024-08-10,M5,0.8605
10dba7ef-a8dd-4748-aba1-2d3a6f260c09,2024-08-08,M2,1.0551
10dba7ef-a8dd-4748-aba1-2d3a6f260c09,2024-08-09,M2,0.9433
10dba7ef-a8dd-4748-aba1-2d3a6f260c09,2024-08-10,M2,0.8605
10dba7ef-a8dd-4748-aba1-2d3a6f260c09,2024-08-08,M3,2.0214
10dba7ef-a8dd-4748-aba1-2d3a6f260c09,2024-08-09,M3,1.8071
10dba7ef-a8dd-4748-aba1-2d3a6f260c09,2024-08-10,M3,1.6485
11154147-50f4-4f1d-a6e2-77cc0e45d97b,2024-08-08,B1,1.1536
11154147-50f4-4f1d-a6e2-77cc0e45d97b,2024-08-09,B1,0.9414
11154147-50f4-4f1d-a6e2-77cc0e45d97b,2024-08-10,B1,0.7316
11154147-50f4-4f1d-a6e2-77cc0e45d97b,2024-08-08,B2,2.0785
11154147-50f4-4f1d-a6e2-77cc0e45d97b,2024-08-09,B2,1.6962
11154147-50f4-4f1d-a6e2-77cc0e45d97b,2024-08-10,B2,1.3181
11154147-50f4-4f1d-a6e2-77cc0e45d97b,2024-08-08,B3,2.2899
11154147-50f4-4f1d-a6e2-77cc0e45d97b,2024-08-09,B3,1.8688
11154147-50f4-4f1d-a6e2-77cc0e45d97b,2024-08-10,B3,1.4522
11844c48-064a-4e22-984f-09e58aaff9bc,2024-08-08,B1,2.0517
11844c48-064a-4e22-984f-09e58aaff9bc,2024-08-09,B1,1.6743
11844c48-064a-4e22-984f-09e58aaff9bc,2024-08-10,B1,1.3011
11844c48-064a-4e22-984f-09e58aaff9bc,2024-08-08,B2,1.1536
11844c48-064a-4e22-984f-09e58aaff9bc,2024-08-09,B2,0.9414
11844c48-064a-4e22-984f-09e58aaff9bc,2024-08-10,B2,0.7316
11844c48-064a-4e22-984f-09e58aaff9bc,2024-08-08,B3,3.6277
11844c48-064a-4e22-984f-09e58aaff9bc,2024-08-09,B3,2.9605
11844c48-064a-4e22-984f-09e58aaff9bc,2024-08-10,B3,2.3006
11c9d841-fac0-4175-af5d-6feef5bf3838,2024-08-08,B1,3.0792
11c9d841-fac0-4175-af5d-6feef5bf3838,2024-08-09,B1,2.5129
11c9d841-fac0-4175-af5d-6feef5bf3838,2024-08-10,B1,1.9528
11c9d841-fac0-4175-af5d-6feef5bf3838,2024-08-08,B2,1.9904
11c9d841-fac0-4175-af5d-6feef5bf3838,2024-08-09,B2,1.6243
11c9d841-fac0-4175-af5d-6feef5bf3838,2024-08-10,B2,1.2622
11c9d841-fac0-4175-af5d-6feef5bf3838,2024-08-08,B3,6.1731
11c9d841-fac0-4175-af5d-6feef5bf3838,2024-08-09,B3,5.0378
11c9d841-fac0-4175-af5d-6feef5bf3838,2024-08-10,B3,3.9148
121f5226-d666-4f7f-ac64-e1dfb16fdff9,2024-08-08,M1,1.0551
121f5226-d666-4f7f-ac64-e1dfb16fdff9,2024-08-09,M1,0.9433
121f5226-d666-4f7f-ac64-e1dfb16fdff9,2024-08-10,M1,0.8605
121f5226-d666-4f7f-ac64-e1dfb16fdff9,2024-08-08,M2,2.1103
121f5226-d666-4f7f-ac64-e1dfb16fdff9,2024-08-09,M2,1.8866
121f5226-d666-4f7f-ac64-e1dfb16fdff9,2024-08-10,M2,1.7209
121f5226-d666-4f7f-ac64-e1dfb16fdff9,2024-08-08,M3,4.2206
121f5226-d666-4f7f-ac64-e1dfb16fdff9,2024-08-09,M3,3.7731
121f5226-d666-4f7f-ac64-e1dfb16fdff9,2024-08-10,M3,3.4419
121f5226-d666-4f7f-ac64-e1dfb16fdff9,2024-08-08,M4,2.1103
121f5226-d666-4f7f-ac64-e1dfb16fdff9,2024-08-09,M4,1.8866
121f5226-d666-4f7f-ac64-e1dfb16fdff9,2024-08-10,M4,1.7209
124a644a-8dd6-447b-bf3a-265db14fd4e6,2024-08-08,B3,3.7032
124a644a-8dd6-447b-bf3a-265db14fd4e6,2024-08-09,B3,3.0221
124a644a-8dd6-447b-bf3a-265db14fd4e6,2024-08-10,B3,2.3485
1348bcbb-4f7a-4c7c-a989-8b3d34b2645f,2024-08-08,M1,2.1103
1348bcbb-4f7a-4c7c-a989-8b3d34b2645f,2024-08-09,M1,1.8866
1348bcbb-4f7a-4c7c-a989-8b3d34b2645f,2024-08-10,M1,1.7209
1348bcbb-4f7a-4c7c-a989-8b3d34b2645f,2024-08-08,M2,1.687
1348bcbb-4f7a-4c7c-a989-8b3d34b2645f,2024-08-09,M2,1.5081
1348bcbb-4f7a-4c7c-a989-8b3d34b2645f,2024-08-10,M2,1.3757
1348bcbb-4f7a-4c7c-a989-8b3d34b2645f,2024-08-08,M3,3.8987
1348bcbb-4f7a-4c7c-a989-8b3d34b2645f,2024-08-09,M3,3.4854
1348bcbb-4f7a-4c7c-a989-8b3d34b2645f,2024-08-10,M3,3.1794
1348bcbb-4f7a-4c7c-a989-8b3d34b2645f,2024-08-08,M4,2.1103
1348bcbb-4f7a-4c7c-a989-8b3d34b2645f,2024-08-09,M4,1.8866
1348bcbb-4f7a-4c7c-a989-8b3d34b2645f,2024-08-10,M4,1.7209
1348bcbb-4f7a-4c7c-a989-8b3d34b2645f,2024-08-08,M5,1.0551
1348bcbb-4f7a-4c7c-a989-8b3d34b2645f,2024-08-09,M5,0.9433
1348bcbb-4f7a-4c7c-a989-8b3d34b2645f,2024-08-10,M5,0.8605
1351c284-325a-413f-bf21-b0d5e33b0355,2024-08-08,B1,8.9134
1351c284-325a-413f-bf21-b0d5e33b0355,2024-08-09,B1,7.2741
1351c284-325a-413f-bf21-b0d5e33b0355,2024-08-10,B1,5.6526
1351c284-325a-413f-bf21-b0d5e33b0355,2024-08-08,B2,5.1575
1351c284-325a-413f-bf21-b0d5e33b0355,2024-08-09,B2,4.2089
1351c284-325a-413f-bf21-b0d5e33b0355,2024-08-10,B2,3.2707
1351c284-325a-413f-bf21-b0d5e33b0355,2024-08-08,B3,126.4935
1351c284-325a-413f-bf21-b0d5e33b0355,2024-08-09,B3,103.2294
1351c284-325a-413f-bf21-b0d5e33b0355,2024-08-10,B3,80.2185
1354527f-78a7-4686-abb7-12d7ce15f5c4,2024-08-08,B1,2.1089
1354527f-78a7-4686-abb7-12d7ce15f5c4,2024-08-09,B1,1.721
1354527f-78a7-4686-abb7-12d7ce15f5c4,2024-08-10,B1,1.3374
1354527f-78a7-4686-abb7-12d7ce15f5c4,2024-08-08,B3,2.3072
1354527f-78a7-4686-abb7-12d7ce15f5c4,2024-08-09,B3,1.8829
1354527f-78a7-4686-abb7-12d7ce15f5c4,2024-08-10,B3,1.4632
135ac113-42b2-4254-909c-2397a07a9487,2024-08-08,M1,2.1092
135ac113-42b2-4254-909c-2397a07a9487,2024-08-09,M1,1.8856
135ac113-42b2-4254-909c-2397a07a9487,2024-08-10,M1,1.72
135ac113-42b2-4254-909c-2397a07a9487,2024-08-08,M2,2.6419
135ac113-42b2-4254-909c-2397a07a9487,2024-08-09,M2,2.3618
135ac113-42b2-4254-909c-2397a07a9487,2024-08-10,M2,2.1544
135ac113-42b2-4254-909c-2397a07a9487,2024-08-08,M3,4.251
135ac113-42b2-4254-909c-2397a07a9487,2024-08-09,M3,3.8004
135ac113-42b2-4254-909c-2397a07a9487,2024-08-10,M3,3.4667
135ac113-42b2-4254-909c-2397a07a9487,2024-08-08,M4,2.4557
135ac113-42b2-4254-909c-2397a07a9487,2024-08-09,M4,2.1953
135ac113-42b2-4254-909c-2397a07a9487,2024-08-10,M4,2.0026
135ac113-42b2-4254-909c-2397a07a9487,2024-08-08,M5,2.7697
135ac113-42b2-4254-909c-2397a07a9487,2024-08-09,M5,2.476
135ac113-42b2-4254-909c-2397a07a9487,2024-08-10,M5,2.2587
137479a2-c876-42a1-83a0-6db651b73c09,2024-08-08,B1,1.7304
137479a2-c876-42a1-83a0-6db651b73c09,2024-08-09,B1,1.4122
137479a2-c876-42a1-83a0-6db651b73c09,2024-08-10,B1,1.0974
137479a2-c876-42a1-83a0-6db651b73c09,2024-08-08,B3,2.8271
137479a2-c876-42a1-83a0-6db651b73c09,2024-08-09,B3,2.3071
137479a2-c876-42a1-83a0-6db651b73c09,2024-08-10,B3,1.7928
14654f91-babf-471a-807e-d253ac216c7f,2024-08-08,M1,1.5751
14654f91-babf-471a-807e-d253ac216c7f,2024-08-09,M1,1.4081
14654f91-babf-471a-807e-d253ac216c7f,2024-08-10,M1,1.2845
14654f91-babf-471a-807e-d253ac216c7f,2024-08-08,M2,3.5079
14654f91-babf-471a-807e-d253ac216c7f,2024-08-09,M2,3.136
14654f91-babf-471a-807e-d253ac216c7f,2024-08-10,M2,2.8607
14654f91-babf-471a-807e-d253ac216c7f,2024-08-08,M3,4.1544
14654f91-babf-471a-807e-d253ac216c7f,2024-08-09,M3,3.714
14654f91-babf-471a-807e-d253ac216c7f,2024-08-10,M3,3.3879
14654f91-babf-471a-807e-d253ac216c7f,2024-08-08,M4,2.7327
14654f91-babf-471a-807e-d253ac216c7f,2024-08-09,M4,2.443
14654f91-babf-471a-807e-d253ac216c7f,2024-08-10,M4,2.2285
14654f91-babf-471a-807e-d253ac216c7f,2024-08-08,M5,1.5827
14654f91-babf-471a-807e-d253ac216c7f,2024-08-09,M5,1.4149
14654f91-babf-471a-807e-d253ac216c7f,2024-08-10,M5,1.2907
14b17489-499e-46e3-a12e-caf20f1c9bed,2024-08-08,B1,1.1536
14b17489-499e-46e3-a12e-caf20f1c9bed,2024-08-09,B1,0.9414
14b17489-499e-46e3-a12e-caf20f1c9bed,2024-08-10,B1,0.7316
14b17489-499e-46e3-a12e-caf20f1c9bed,2024-08-08,B3,2.0831
14b17489-499e-46e3-a12e-caf20f1c9bed,2024-08-09,B3,1.7
14b17489-499e-46e3-a12e-caf20f1c9bed,2024-08-10,B3,1.3211
15089912-d2bd-42aa-b237-cd95a858fb21,2024-08-08,M1,3.1386
15089912-d2bd-42aa-b237-cd95a858fb21,2024-08-09,M1,2.8059
15089912-d2bd-42aa-b237-cd95a858fb21,2024-08-10,M1,2.5596
15089912-d2bd-42aa-b237-cd95a858fb21,2024-08-08,M2,5.0968
15089912-d2bd-42aa-b237-cd95a858fb21,2024-08-09,M2,4.5565
15089912-d2bd-42aa-b237-cd95a858fb21,2024-08-10,M2,4.1565
15089912-d2bd-42aa-b237-cd95a858fb21,2024-08-08,M3,10.1302
15089912-d2bd-42aa-b237-cd95a858fb21,2024-08-09,M3,9.0563
15089912-d2bd-42aa-b237-cd95a858fb21,2024-08-10,M3,8.2612
15089912-d2bd-42aa-b237-cd95a858fb21,2024-08-08,M4,4.7069
15089912-d2bd-42aa-b237-cd95a858fb21,2024-08-09,M4,4.2079
15089912-d2bd-42aa-b237-cd95a858fb21,2024-08-10,M4,3.8385
15089912-d2bd-42aa-b237-cd95a858fb21,2024-08-08,M5,3.693
15089912-d2bd-42aa-b237-cd95a858fb21,2024-08-09,M5,3.3015
15089912-d2bd-42aa-b237-cd95a858fb21,2024-08-10,M5,3.0117
15489f61-8be2-44a0-905a-b2e809d9ee0f,2024-08-08,B3,2.3072
15489f61-8be2-44a0-905a-b2e809d9ee0f,2024-08-09,B3,1.8829
15489f61-8be2-44a0-905a-b2e809d9ee0f,2024-08-10,B3,1.4632
1585c707-1bd1-4d65-9817-ca2eeb68eff1,2024-08-08,M1,1.8639
1585c707-1bd1-4d65-9817-ca2eeb68eff1,2024-08-09,M1,1.6663
1585c707-1bd1-4d65-9817-ca2eeb68eff1,2024-08-10,M1,1.52
1585c707-1bd1-4d65-9817-ca2eeb68eff1,2024-08-08,M2,2.908
1585c707-1bd1-4d65-9817-ca2eeb68eff1,2024-08-09,M2,2.5997
1585c707-1bd1-4d65-9817-ca2eeb68eff1,2024-08-10,M2,2.3714
1585c707-1bd1-4d65-9817-ca2eeb68eff1,2024-08-08,M3,15.0406
1585c707-1bd1-4d65-9817-ca2eeb68eff1,2024-08-09,M3,13.4461
1585c707-1bd1-4d65-9817-ca2eeb68eff1,2024-08-10,M3,12.2657
1585c707-1bd1-4d65-9817-ca2eeb68eff1,2024-08-08,M4,2.786
1585c707-1bd1-4d65-9817-ca2eeb68eff1,2024-08-09,M4,2.4906
1585c707-1bd1-4d65-9817-ca2eeb68eff1,2024-08-10,M4,2.272
1585c707-1bd1-4d65-9817-ca2eeb68eff1,2024-08-08,M5,1.6159
1585c707-1bd1-4d65-9817-ca2eeb68eff1,2024-08-09,M5,1.4446
1585c707-1bd1-4d65-9817-ca2eeb68eff1,2024-08-10,M5,1.3178
16d20241-60b0-4c6b-b7e3-b8b5e7f3f9e6,2024-08-08,M1,5.6153
16d20241-60b0-4c6b-b7e3-b8b5e7f3f9e6,2024-08-09,M1,5.02
16d20241-60b0-4c6b-b7e3-b8b5e7f3f9e6,2024-08-10,M1,4.5793
16d20241-60b0-4c6b-b7e3-b8b5e7f3f9e6,2024-08-08,M2,17.3379
16d20241-60b0-4c6b-b7e3-b8b5e7f3f9e6,2024-08-09,M2,15.4998
16d20241-60b0-4c6b-b7e3-b8b5e7f3f9e6,2024-08-10,M2,14.1391
16d20241-60b0-4c6b-b7e3-b8b5e7f3f9e6,2024-08-08,M3,55.6993
16d20241-60b0-4c6b-b7e3-b8b5e7f3f9e6,2024-08-09,M3,49.7944
16d20241-60b0-4c6b-b7e3-b8b5e7f3f9e6,2024-08-10,M3,45.423
16d20241-60b0-4c6b-b7e3-b8b5e7f3f9e6,2024-08-08,M4,16.0081
16d20241-60b0-4c6b-b7e3-b8b5e7f3f9e6,2024-08-09,M4,14.311
16d20241-60b0-4c6b-b7e3-b8b5e7f3f9e6,2024-08-10,M4,13.0547
16d20241-60b0-4c6b-b7e3-b8b5e7f3f9e6,2024-08-08,M5,4.3273
16d20241-60b0-4c6b-b7e3-b8b5e7f3f9e6,2024-08-09,M5,3.8685
16d20241-60b0-4c6b-b7e3-b8b5e7f3f9e6,2024-08-10,M5,3.5289
16e161b8-a6e9-44eb-bb6e-deae61d53186,2024-08-08,B1,2.3732
16e161b8-a6e9-44eb-bb6e-deae61d53186,2024-08-09,B1,1.9367
16e161b8-a6e9-44eb-bb6e-deae61d53186,2024-08-10,B1,1.505
16e161b8-a6e9-44eb-bb6e-deae61d53186,2024-08-08,B2,2.078
16e161b8-a6e9-44eb-bb6e-deae61d53186,2024-08-09,B2,1.6958
16e161b8-a6e9-44eb-bb6e-deae61d53186,2024-08-10,B2,1.3178
16e161b8-a6e9-44eb-bb6e-deae61d53186,2024-08-08,B3,4.1121
16e161b8-a6e9-44eb-bb6e-deae61d53186,2024-08-09,B3,3.3558
16e161b8-a6e9-44eb-bb6e-deae61d53186,2024-08-10,B3,2.6078
174eda90-a251-47e6-b447-275eddeea561,2024-08-08,M1,2.6379
174eda90-a251-47e6-b447-275eddeea561,2024-08-09,M1,2.3582
174eda90-a251-47e6-b447-275eddeea561,2024-08-10,M1,2.1512
174eda90-a251-47e6-b447-275eddeea561,2024-08-08,M2,3.0042
174eda90-a251-47e6-b447-275eddeea561,2024-08-09,M2,2.6857
174eda90-a251-47e6-b447-275eddeea561,2024-08-10,M2,2.45
174eda90-a251-47e6-b447-275eddeea561,2024-08-08,M3,2.6066
174eda90-a251-47e6-b447-275eddeea561,2024-08-09,M3,2.3302
174eda90-a251-47e6-b447-275eddeea561,2024-08-10,M3,2.1257
174eda90-a251-47e6-b447-275eddeea561,2024-08-08,M4,2.7335
174eda90-a251-47e6-b447-275eddeea561,2024-08-09,M4,2.4437
174eda90-a251-47e6-b447-275eddeea561,2024-08-10,M4,2.2292
174eda90-a251-47e6-b447-275eddeea561,2024-08-08,M5,1.5827
174eda90-a251-47e6-b447-275eddeea561,2024-08-09,M5,1.4149
174eda90-a251-47e6-b447-275eddeea561,2024-08-10,M5,1.2907
17887e80-fa42-4286-9c8a-d6cff4da4a00,2024-08-08,B1,4.8078
17887e80-fa42-4286-9c8a-d6cff4da4a00,2024-08-09,B1,3.9236
17887e80-fa42-4286-9c8a-d6cff4da4a00,2024-08-10,B1,3.049
17887e80-fa42-4286-9c8a-d6cff4da4a00,2024-08-08,B2,3.7335
17887e80-fa42-4286-9c8a-d6cff4da4a00,2024-08-09,B2,3.0469
17887e80-fa42-4286-9c8a-d6cff4da4a00,2024-08-10,B2,2.3677
17887e80-fa42-4286-9c8a-d6cff4da4a00,2024-08-08,B3,11.8488
17887e80-fa42-4286-9c8a-d6cff4da4a00,2024-08-09,B3,9.6696
17887e80-fa42-4286-9c8a-d6cff4da4a00,2024-08-10,B3,7.5142
1829fd45-0814-42cc-a186-cfb838b67167,2024-08-08,B1,2.1353
1829fd45-0814-42cc-a186-cfb838b67167,2024-08-09,B1,1.7426
1829fd45-0814-42cc-a186-cfb838b67167,2024-08-10,B1,1.3542
1829fd45-0814-42cc-a186-cfb838b67167,2024-08-08,B3,5.6313
1829fd45-0814-42cc-a186-cfb838b67167,2024-08-09,B3,4.5956
1829fd45-0814-42cc-a186-cfb838b67167,2024-08-10,B3,3.5712
187b24cc-c009-4e2f-82e9-8719b17e1a08,2024-08-08,M1,1.8175
187b24cc-c009-4e2f-82e9-8719b17e1a08,2024-08-09,M1,1.6248
187b24cc-c009-4e2f-82e9-8719b17e1a08,2024-08-10,M1,1.4822
187b24cc-c009-4e2f-82e9-8719b17e1a08,2024-08-08,M2,7.2018
187b24cc-c009-4e2f-82e9-8719b17e1a08,2024-08-09,M2,6.4383
187b24cc-c009-4e2f-82e9-8719b17e1a08,2024-08-10,M2,5.8731
187b24cc-c009-4e2f-82e9-8719b17e1a08,2024-08-08,M3,21.7633
187b24cc-c009-4e2f-82e9-8719b17e1a08,2024-08-09,M3,19.4561
187b24cc-c009-4e2f-82e9-8719b17e1a08,2024-08-10,M3,17.7481
187b24cc-c009-4e2f-82e9-8719b17e1a08,2024-08-08,M4,3.5597
187b24cc-c009-4e2f-82e9-8719b17e1a08,2024-08-09,M4,3.1823
187b24cc-c009-4e2f-82e9-8719b17e1a08,2024-08-10,M4,2.903
187b24cc-c009-4e2f-82e9-8719b17e1a08,2024-08-08,M5,2.089
187b24cc-c009-4e2f-82e9-8719b17e1a08,2024-08-09,M5,1.8675
187b24cc-c009-4e2f-82e9-8719b17e1a08,2024-08-10,M5,1.7036
193f39f5-fa43-4c65-9f18-5da798b4dae6,2024-08-08,M2,2.1103
193f39f5-fa43-4c65-9f18-5da798b4dae6,2024-08-09,M2,1.8866
193f39f5-fa43-4c65-9f18-5da798b4dae6,2024-08-10,M2,1.7209
193f39f5-fa43-4c65-9f18-5da798b4dae6,2024-08-08,M3,1.5827
193f39f5-fa43-4c65-9f18-5da798b4dae6,2024-08-09,M3,1.4149
193f39f5-fa43-4c65-9f18-5da798b4dae6,2024-08-10,M3,1.2907
193f39f5-fa43-4c65-9f18-5da798b4dae6,2024-08-08,M4,3.1654
193f39f5-fa43-4c65-9f18-5da798b4dae6,2024-08-09,M4,2.8298
193f39f5-fa43-4c65-9f18-5da798b4dae6,2024-08-10,M4,2.5814
193f39f5-fa43-4c65-9f18-5da798b4dae6,2024-08-08,M5,1.0551
193f39f5-fa43-4c65-9f18-5da798b4dae6,2024-08-09,M5,0.9433
193f39f5-fa43-4c65-9f18-5da798b4dae6,2024-08-10,M5,0.8605
19435f74-b180-4ef0-9abd-f9598d335034,2024-08-08,B1,2.2629
19435f74-b180-4ef0-9abd-f9598d335034,2024-08-09,B1,1.8467
19435f74-b180-4ef0-9abd-f9598d335034,2024-08-10,B1,1.435
19435f74-b180-4ef0-9abd-f9598d335034,2024-08-08,B3,1.9631
19435f74-b180-4ef0-9abd-f9598d335034,2024-08-09,B3,1.602
19435f74-b180-4ef0-9abd-f9598d335034,2024-08-10,B3,1.2449
1a6e6d21-32c8-4c13-8ef1-fdf6d9e88a61,2024-08-08,M2,1.0551
1a6e6d21-32c8-4c13-8ef1-fdf6d9e88a61,2024-08-09,M2,0.9433
1a6e6d21-32c8-4c13-8ef1-fdf6d9e88a61,2024-08-10,M2,0.8605
1a6e6d21-32c8-4c13-8ef1-fdf6d9e88a61,2024-08-08,M4,1.0551
1a6e6d21-32c8-4c13-8ef1-fdf6d9e88a61,2024-08-09,M4,0.9433
1a6e6d21-32c8-4c13-8ef1-fdf6d9e88a61,2024-08-10,M4,0.8605
1a7bfd10-b163-4748-be93-5049583987ff,2024-08-08,M1,1.837
1a7bfd10-b163-4748-be93-5049583987ff,2024-08-09,M1,1.6423
1a7bfd10-b163-4748-be93-5049583987ff,2024-08-10,M1,1.4981
1a7bfd10-b163-4748-be93-5049583987ff,2024-08-08,M2,4.7539
1a7bfd10-b163-4748-be93-5049583987ff,2024-08-09,M2,4.2499
1a7bfd10-b163-4748-be93-5049583987ff,2024-08-10,M2,3.8768
1a7bfd10-b163-4748-be93-5049583987ff,2024-08-08,M3,7.6913
1a7bfd10-b163-4748-be93-5049583987ff,2024-08-09,M3,6.8759
1a7bfd10-b163-4748-be93-5049583987ff,2024-08-10,M3,6.2723
1a7bfd10-b163-4748-be93-5049583987ff,2024-08-08,M4,7.5476
1a7bfd10-b163-4748-be93-5049583987ff,2024-08-09,M4,6.7475
1a7bfd10-b163-4748-be93-5049583987ff,2024-08-10,M4,6.1551
1a7bfd10-b163-4748-be93-5049583987ff,2024-08-08,M5,2.5707
1a7bfd10-b163-4748-be93-5049583987ff,2024-08-09,M5,2.2982
1a7bfd10-b163-4748-be93-5049583987ff,2024-08-10,M5,2.0964
1ac7cbd8-aa1c-4bb8-b53a-0536560d46fa,2024-08-08,M1,3.238
1ac7cbd8-aa1c-4bb8-b53a-0536560d46fa,2024-08-09,M1,2.8948
1ac7cbd8-aa1c-4bb8-b53a-0536560d46fa,2024-08-10,M1,2.6406
1ac7cbd8-aa1c-4bb8-b53a-0536560d46fa,2024-08-08,M2,7.6838
1ac7cbd8-aa1c-4bb8-b53a-0536560d46fa,2024-08-09,M2,6.8692
1ac7cbd8-aa1c-4bb8-b53a-0536560d46fa,2024-08-10,M2,6.2662
1ac7cbd8-aa1c-4bb8-b53a-0536560d46fa,2024-08-08,M3,20.5497
1ac7cbd8-aa1c-4bb8-b53a-0536560d46fa,2024-08-09,M3,18.3711
1ac7cbd8-aa1c-4bb8-b53a-0536560d46fa,2024-08-10,M3,16.7584
1ac7cbd8-aa1c-4bb8-b53a-0536560d46fa,2024-08-08,M4,7.4246
1ac7cbd8-aa1c-4bb8-b53a-0536560d46fa,2024-08-09,M4,6.6375
1ac7cbd8-aa1c-4bb8-b53a-0536560d46fa,2024-08-10,M4,6.0548
1ac7cbd8-aa1c-4bb8-b53a-0536560d46fa,2024-08-08,M5,1.7019
1ac7cbd8-aa1c-4bb8-b53a-0536560d46fa,2024-08-09,M5,1.5215
1ac7cbd8-aa1c-4bb8-b53a-0536560d46fa,2024-08-10,M5,1.3879
1b13021c-acb0-4fea-b6d4-f44d70ff3647,2024-08-08,B1,9.9684
1b13021c-acb0-4fea-b6d4-f44d70ff3647,2024-08-09,B1,8.1351
1b13021c-acb0-4fea-b6d4-f44d70ff3647,2024-08-10,B1,6.3217
1b13021c-acb0-4fea-b6d4-f44d70ff3647,2024-08-08,B2,11.2043
1b13021c-acb0-4fea-b6d4-f44d70ff3647,2024-08-09,B2,9.1437
1b13021c-acb0-4fea-b6d4-f44d70ff3647,2024-08-10,B2,7.1055
1b13021c-acb0-4fea-b6d4-f44d70ff3647,2024-08-08,B3,34.6594
1b13021c-acb0-4fea-b6d4-f44d70ff3647,2024-08-09,B3,28.285
1b13021c-acb0-4fea-b6d4-f44d70ff3647,2024-08-10,B3,21.98
1b4dbeb5-e4ed-4337-93e7-e9bdde3e4ae3,2024-08-08,B1,5.0623
1b4dbeb5-e4ed-4337-93e7-e9bdde3e4ae3,2024-08-09,B1,4.1312
1b4dbeb5-e4ed-4337-93e7-e9bdde3e4ae3,2024-08-10,B1,3.2104
1b4dbeb5-e4ed-4337-93e7-e9bdde3e4ae3,2024-08-08,B2,2.7386
1b4dbeb5-e4ed-4337-93e7-e9bdde3e4ae3,2024-08-09,B2,2.235
1b4dbeb5-e4ed-4337-93e7-e9bdde3e4ae3,2024-08-10,B2,1.7368
1b4dbeb5-e4ed-4337-93e7-e9bdde3e4ae3,2024-08-08,B3,17.5579
1b4dbeb5-e4ed-4337-93e7-e9bdde3e4ae3,2024-08-09,B3,14.3287
1b4dbeb5-e4ed-4337-93e7-e9bdde3e4ae3,2024-08-10,B3,11.1347
1b4dec01-ac5c-48c2-a18e-7bdd868b33df,2024-08-08,B1,2.34
1b4dec01-ac5c-48c2-a18e-7bdd868b33df,2024-08-09,B1,1.9096
1b4dec01-ac5c-48c2-a18e-7bdd868b33df,2024-08-10,B1,1.484
1b4dec01-ac5c-48c2-a18e-7bdd868b33df,2024-08-08,B2,2.3072
1b4dec01-ac5c-48c2-a18e-7bdd868b33df,2024-08-09,B2,1.8829
1b4dec01-ac5c-48c2-a18e-7bdd868b33df,2024-08-10,B2,1.4632
1b4dec01-ac5c-48c2-a18e-7bdd868b33df,2024-08-08,B3,5.6879
1b4dec01-ac5c-48c2-a18e-7bdd868b33df,2024-08-09,B3,4.6418
1b4dec01-ac5c-48c2-a18e-7bdd868b33df,2024-08-10,B3,3.6071
1b791c49-0274-4e90-95fa-89c6be6e6c3f,2024-08-08,M1,1.7075
1b791c49-0274-4e90-95fa-89c6be6e6c3f,2024-08-09,M1,1.5265
1b791c49-0274-4e90-95fa-89c6be6e6c3f,2024-08-10,M1,1.3925
1b791c49-0274-4e90-95fa-89c6be6e6c3f,2024-08-08,M2,3.5555
1b791c49-0274-4e90-95fa-89c6be6e6c3f,2024-08-09,M2,3.1786
1b791c49-0274-4e90-95fa-89c6be6e6c3f,2024-08-10,M2,2.8995
1b791c49-0274-4e90-95fa-89c6be6e6c3f,2024-08-08,M3,11.5639
1b791c49-0274-4e90-95fa-89c6be6e6c3f,2024-08-09,M3,10.338
1b791c49-0274-4e90-95fa-89c6be6e6c3f,2024-08-10,M3,9.4304
1b791c49-0274-4e90-95fa-89c6be6e6c3f,2024-08-08,M4,3.7148
1b791c49-0274-4e90-95fa-89c6be6e6c3f,2024-08-09,M4,3.321
1b791c49-0274-4e90-95fa-89c6be6e6c3f,2024-08-10,M4,3.0295
1b791c49-0274-4e90-95fa-89c6be6e6c3f,2024-08-08,M5,2.1103
1b791c49-0274-4e90-95fa-89c6be6e6c3f,2024-08-09,M5,1.8866
1b791c49-0274-4e90-95fa-89c6be6e6c3f,2024-08-10,M5,1.7209
1c359141-0d64-4439-bd48-0dbb2b43d132,2024-08-08,M1,2.6379
1c359141-0d64-4439-bd48-0dbb2b43d132,2024-08-09,M1,2.3582
1c359141-0d64-4439-bd48-0dbb2b43d132,2024-08-10,M1,2.1512
1c359141-0d64-4439-bd48-0dbb2b43d132,2024-08-08,M2,4.786
1c359141-0d64-4439-bd48-0dbb2b43d132,2024-08-09,M2,4.2786
1c359141-0d64-4439-bd48-0dbb2b43d132,2024-08-10,M2,3.903
1c359141-0d64-4439-bd48-0dbb2b43d132,2024-08-08,M3,8.7104
1c359141-0d64-4439-bd48-0dbb2b43d132,2024-08-09,M3,7.787
1c359141-0d64-4439-bd48-0dbb2b43d132,2024-08-10,M3,7.1034
1c359141-0d64-4439-bd48-0dbb2b43d132,2024-08-08,M4,5.9021
1c359141-0d64-4439-bd48-0dbb2b43d132,2024-08-09,M4,5.2764
1c359141-0d64-4439-bd48-0dbb2b43d132,2024-08-10,M4,4.8132
1c359141-0d64-4439-bd48-0dbb2b43d132,2024-08-08,M5,1.4404
1c359141-0d64-4439-bd48-0dbb2b43d132,2024-08-09,M5,1.2877
1c359141-0d64-4439-bd48-0dbb2b43d132,2024-08-10,M5,1.1747
1c9641b7-ba05-4b66-92f6-c04d046ab618,2024-08-08,B1,3.1672
1c9641b7-ba05-4b66-92f6-c04d046ab618,2024-08-09,B1,2.5847
1c9641b7-ba05-4b66-92f6-c04d046ab618,2024-08-10,B1,2.0086
1c9641b7-ba05-4b66-92f6-c04d046ab618,2024-08-08,B2,5.0734
1c9641b7-ba05-4b66-92f6-c04d046ab618,2024-08-09,B2,4.1403
1c9641b7-ba05-4b66-92f6-c04d046ab618,2024-08-10,B2,3.2174
1c9641b7-ba05-4b66-92f6-c04d046ab618,2024-08-08,B3,21.3338
1c9641b7-ba05-4b66-92f6-c04d046ab618,2024-08-09,B3,17.4102
1c9641b7-ba05-4b66-92f6-c04d046ab618,2024-08-10,B3,13.5293
1cdd03d0-42dd-4069-bf86-2df06f20553e,2024-08-08,B1,2.884
1cdd03d0-42dd-4069-bf86-2df06f20553e,2024-08-09,B1,2.3536
1cdd03d0-42dd-4069-bf86-2df06f20553e,2024-08-10,B1,1.8289
1cdd03d0-42dd-4069-bf86-2df06f20553e,2024-08-08,B3,2.8704
1cdd03d0-42dd-4069-bf86-2df06f20553e,2024-08-09,B3,2.3425
1cdd03d0-42dd-4069-bf86-2df06f20553e,2024-08-10,B3,1.8203
1cec7194-fe58-42b2-81b6-95f7004bb43a,2024-08-08,M1,2.148
1cec7194-fe58-42b2-81b6-95f7004bb43a,2024-08-09,M1,1.9203
1cec7194-fe58-42b2-81b6-95f7004bb43a,2024-08-10,M1,1.7517
1cec7194-fe58-42b2-81b6-95f7004bb43a,2024-08-08,M2,3.2516
1cec7194-fe58-42b2-81b6-95f7004bb43a,2024-08-09,M2,2.9069
1cec7194-fe58-42b2-81b6-95f7004bb43a,2024-08-10,M2,2.6517
1cec7194-fe58-42b2-81b6-95f7004bb43a,2024-08-08,M3,7.9303
1cec7194-fe58-42b2-81b6-95f7004bb43a,2024-08-09,M3,7.0896
1cec7194-fe58-42b2-81b6-95f7004bb43a,2024-08-10,M3,6.4672
1cec7194-fe58-42b2-81b6-95f7004bb43a,2024-08-08,M4,3.4756
1cec7194-fe58-42b2-81b6-95f7004bb43a,2024-08-09,M4,3.1072
1cec7194-fe58-42b2-81b6-95f7004bb43a,2024-08-10,M4,2.8344
1cec7194-fe58-42b2-81b6-95f7004bb43a,2024-08-08,M5,3.1654
1cec7194-fe58-42b2-81b6-95f7004bb43a,2024-08-09,M5,2.8298
1cec7194-fe58-42b2-81b6-95f7004bb43a,2024-08-10,M5,2.5814
1d04384a-f083-437b-a7e3-c79e7f6d0b64,2024-08-08,B3,1.8691
1d04384a-f083-437b-a7e3-c79e7f6d0b64,2024-08-09,B3,1.5253
1d04384a-f083-437b-a7e3-c79e7f6d0b64,2024-08-10,B3,1.1853
1e58543a-ee53-4d73-9462-0c9f73fb57ae,2024-08-08,M1,1.7876
1e58543a-ee53-4d73-9462-0c9f73fb57ae,2024-08-09,M1,1.5981
1e58543a-ee53-4d73-9462-0c9f73fb57ae,2024-08-10,M1,1.4578
1e58543a-ee53-4d73-9462-0c9f73fb57ae,2024-08-08,M2,4.6069
1e58543a-ee53-4d73-9462-0c9f73fb57ae,2024-08-09,M2,4.1185
1e58543a-ee53-4d73-9462-0c9f73fb57ae,2024-08-10,M2,3.7569
1e58543a-ee53-4d73-9462-0c9f73fb57ae,2024-08-08,M3,7.8461
1e58543a-ee53-4d73-9462-0c9f73fb57ae,2024-08-09,M3,7.0143
1e58543a-ee53-4d73-9462-0c9f73fb57ae,2024-08-10,M3,6.3985
1e58543a-ee53-4d73-9462-0c9f73fb57ae,2024-08-08,M4,4.8747
1e58543a-ee53-4d73-9462-0c9f73fb57ae,2024-08-09,M4,4.3579
1e58543a-ee53-4d73-9462-0c9f73fb57ae,2024-08-10,M4,3.9753
1e58543a-ee53-4d73-9462-0c9f73fb57ae,2024-08-08,M5,1.0551
1e58543a-ee53-4d73-9462-0c9f73fb57ae,2024-08-09,M5,0.9433
1e58543a-ee53-4d73-9462-0c9f73fb57ae,2024-08-10,M5,0.8605
1e65f53b-73c6-47e0-9323-4e3633b9646e,2024-08-08,M2,1.5695
1e65f53b-73c6-47e0-9323-4e3633b9646e,2024-08-09,M2,1.4031
1e65f53b-73c6-47e0-9323-4e3633b9646e,2024-08-10,M2,1.2799
1e65f53b-73c6-47e0-9323-4e3633b9646e,2024-08-08,M3,3.0623
1e65f53b-73c6-47e0-9323-4e3633b9646e,2024-08-09,M3,2.7377
1e65f53b-73c6-47e0-9323-4e3633b9646e,2024-08-10,M3,2.4973
1e65f53b-73c6-47e0-9323-4e3633b9646e,2024-08-08,M4,1.9589
1e65f53b-73c6-47e0-9323-4e3633b9646e,2024-08-09,M4,1.7512
1e65f53b-73c6-47e0-9323-4e3633b9646e,2024-08-10,M4,1.5975
1eef1e0a-3268-4db8-8272-44f56514d3f8,2024-08-08,B1,3.3598
1eef1e0a-3268-4db8-8272-44f56514d3f8,2024-08-09,B1,2.7419
1eef1e0a-3268-4db8-8272-44f56514d3f8,2024-08-10,B1,2.1307
1eef1e0a-3268-4db8-8272-44f56514d3f8,2024-08-08,B2,3.9619
1eef1e0a-3268-4db8-8272-44f56514d3f8,2024-08-09,B2,3.2332
1eef1e0a-3268-4db8-8272-44f56514d3f8,2024-08-10,B2,2.5125
1eef1e0a-3268-4db8-8272-44f56514d3f8,2024-08-08,B3,11.9974
1eef1e0a-3268-4db8-8272-44f56514d3f8,2024-08-09,B3,9.7909
1eef1e0a-3268-4db8-8272-44f56514d3f8,2024-08-10,B3,7.6084
1efa9a25-bbb5-4d94-8180-b62a63cd3136,2024-08-08,B1,4.0376
1efa9a25-bbb5-4d94-8180-b62a63cd3136,2024-08-09,B1,3.295
1efa9a25-bbb5-4d94-8180-b62a63cd3136,2024-08-10,B1,2.5605
1efa9a25-bbb5-4d94-8180-b62a63cd3136,2024-08-08,B2,1.1536
1efa9a25-bbb5-4d94-8180-b62a63cd3136,2024-08-09,B2,0.9414
1efa9a25-bbb5-4d94-8180-b62a63cd3136,2024-08-10,B2,0.7316
1efa9a25-bbb5-4d94-8180-b62a63cd3136,2024-08-08,B3,3.7661
1efa9a25-bbb5-4d94-8180-b62a63cd3136,2024-08-09,B3,3.0735
1efa9a25-bbb5-4d94-8180-b62a63cd3136,2024-08-10,B3,2.3884
1f2a4890-59e3-478b-be26-4fe177048d39,2024-08-08,B1,1.7304
1f2a4890-59e3-478b-be26-4fe177048d39,2024-08-09,B1,1.4122
1f2a4890-59e3-478b-be26-4fe177048d39,2024-08-10,B1,1.0974
1f2a4890-59e3-478b-be26-4fe177048d39,2024-08-08,B2,4.6144
1f2a4890-59e3-478b-be26-4fe177048d39,2024-08-09,B2,3.7657
1f2a4890-59e3-478b-be26-4fe177048d39,2024-08-10,B2,2.9263
1f2a4890-59e3-478b-be26-4fe177048d39,2024-08-08,B3,3.201
1f2a4890-59e3-478b-be26-4fe177048d39,2024-08-09,B3,2.6123
1f2a4890-59e3-478b-be26-4fe177048d39,2024-08-10,B3,2.03
1f504dfa-c5eb-48d0-8be2-1f2d6ec74934,2024-08-08,M1,3.1654
1f504dfa-c5eb-48d0-8be2-1f2d6ec74934,2024-08-09,M1,2.8298
1f504dfa-c5eb-48d0-8be2-1f2d6ec74934,2024-08-10,M1,2.5814
1f504dfa-c5eb-48d0-8be2-1f2d6ec74934,2024-08-08,M2,2.4389
1f504dfa-c5eb-48d0-8be2-1f2d6ec74934,2024-08-09,M2,2.1803
1f504dfa-c5eb-48d0-8be2-1f2d6ec74934,2024-08-10,M2,1.9889
1f504dfa-c5eb-48d0-8be2-1f2d6ec74934,2024-08-08,M3,3.3083
1f504dfa-c5eb-48d0-8be2-1f2d6ec74934,2024-08-09,M3,2.9576
1f504dfa-c5eb-48d0-8be2-1f2d6ec74934,2024-08-10,M3,2.698
1f504dfa-c5eb-48d0-8be2-1f2d6ec74934,2024-08-08,M4,1.5043
1f504dfa-c5eb-48d0-8be2-1f2d6ec74934,2024-08-09,M4,1.3448
1f504dfa-c5eb-48d0-8be2-1f2d6ec74934,2024-08-10,M4,1.2268
1f504dfa-c5eb-48d0-8be2-1f2d6ec74934,2024-08-08,M5,1.713
1f504dfa-c5eb-48d0-8be2-1f2d6ec74934,2024-08-09,M5,1.5314
1f504dfa-c5eb-48d0-8be2-1f2d6ec74934,2024-08-10,M5,1.397
2006377c-90ba-40be-84f5-fd94693b79b5,2024-08-08,M2,2.0799
2006377c-90ba-40be-84f5-fd94693b79b5,2024-08-09,M2,1.8594
2006377c-90ba-40be-84f5-fd94693b79b5,2024-08-10,M2,1.6962
2006377c-90ba-40be-84f5-fd94693b79b5,2024-08-08,M3,1.6426
2006377c-90ba-40be-84f5-fd94693b79b5,2024-08-09,M3,1.4685
2006377c-90ba-40be-84f5-fd94693b79b5,2024-08-10,M3,1.3396
2006377c-90ba-40be-84f5-fd94693b79b5,2024-08-08,M4,2.063
2006377c-90ba-40be-84f5-fd94693b79b5,2024-08-09,M4,1.8443
2006377c-90ba-40be-84f5-fd94693b79b5,2024-08-10,M4,1.6824
2006377c-90ba-40be-84f5-fd94693b79b5,2024-08-08,M5,1.0551
2006377c-90ba-40be-84f5-fd94693b79b5,2024-08-09,M5,0.9433
2006377c-90ba-40be-84f5-fd94693b79b5,2024-08-10,M5,0.8605
200f10b9-ae22-43bc-8af8-e0ac69531d55,2024-08-08,B3,2.3072
200f10b9-ae22-43bc-8af8-e0ac69531d55,2024-08-09,B3,1.8829
200f10b9-ae22-43bc-8af8-e0ac69531d55,2024-08-10,B3,1.4632
207ebf50-1207-4a69-8877-fe23f3d0648b,2024-08-08,M2,1.0551
207ebf50-1207-4a69-8877-fe23f3d0648b,2024-08-09,M2,0.9433
207ebf50-1207-4a69-8877-fe23f3d0648b,2024-08-10,M2,0.8605
207ebf50-1207-4a69-8877-fe23f3d0648b,2024-08-08,M3,2.4665
207ebf50-1207-4a69-8877-fe23f3d0648b,2024-08-09,M3,2.205
207ebf50-1207-4a69-8877-fe23f3d0648b,2024-08-10,M3,2.0114
207ebf50-1207-4a69-8877-fe23f3d0648b,2024-08-08,M4,2.1103
207ebf50-1207-4a69-8877-fe23f3d0648b,2024-08-09,M4,1.8866
207ebf50-1207-4a69-8877-fe23f3d0648b,2024-08-10,M4,1.7209
20814485-9274-4605-af64-eb78586aff47,2024-08-08,M2,1.5699
20814485-9274-4605-af64-eb78586aff47,2024-08-09,M2,1.4035
20814485-9274-4605-af64-eb78586aff47,2024-08-10,M2,1.2802
20814485-9274-4605-af64-eb78586aff47,2024-08-08,M4,1.0551
20814485-9274-4605-af64-eb78586aff47,2024-08-09,M4,0.9433
20814485-9274-4605-af64-eb78586aff47,2024-08-10,M4,0.8605
209c03f2-dac6-4010-a9bb-debd2b5d0acb,2024-08-08,B1,3.056
209c03f2-dac6-4010-a9bb-debd2b5d0acb,2024-08-09,B1,2.494
209c03f2-dac6-4010-a9bb-debd2b5d0acb,2024-08-10,B1,1.9381
209c03f2-dac6-4010-a9bb-debd2b5d0acb,2024-08-08,B2,8.1652
209c03f2-dac6-4010-a9bb-debd2b5d0acb,2024-08-09,B2,6.6635
209c03f2-dac6-4010-a9bb-debd2b5d0acb,2024-08-10,B2,5.1782
209c03f2-dac6-4010-a9bb-debd2b5d0acb,2024-08-08,B3,18.2397
209c03f2-dac6-4010-a9bb-debd2b5d0acb,2024-08-09,B3,14.8851
209c03f2-dac6-4010-a9bb-debd2b5d0acb,2024-08-10,B3,11.5671
20ea7c54-85e4-4cd8-8e0f-d8a0f26b190b,2024-08-08,M3,1.5827
20ea7c54-85e4-4cd8-8e0f-d8a0f26b190b,2024-08-09,M3,1.4149
20ea7c54-85e4-4cd8-8e0f-d8a0f26b190b,2024-08-10,M3,1.2907
211b1fb7-e20f-4d48-acda-5c6c74a9aecd,2024-08-08,B1,5.5794
211b1fb7-e20f-4d48-acda-5c6c74a9aecd,2024-08-09,B1,4.5533
211b1fb7-e20f-4d48-acda-5c6c74a9aecd,2024-08-10,B1,3.5383
211b1fb7-e20f-4d48-acda-5c6c74a9aecd,2024-08-08,B2,5.5321
211b1fb7-e20f-4d48-acda-5c6c74a9aecd,2024-08-09,B2,4.5146
211b1fb7-e20f-4d48-acda-5c6c74a9aecd,2024-08-10,B2,3.5083
211b1fb7-e20f-4d48-acda-5c6c74a9aecd,2024-08-08,B3,14.3558
211b1fb7-e20f-4d48-acda-5c6c74a9aecd,2024-08-09,B3,11.7156
211b1fb7-e20f-4d48-acda-5c6c74a9aecd,2024-08-10,B3,9.1041
224bdb6d-e4c9-499b-a07f-cbea1ef4c2ad,2024-08-08,B1,5.768
224bdb6d-e4c9-499b-a07f-cbea1ef4c2ad,2024-08-09,B1,4.7072
224bdb6d-e4c9-499b-a07f-cbea1ef4c2ad,2024-08-10,B1,3.6579
224bdb6d-e4c9-499b-a07f-cbea1ef4c2ad,2024-08-08,B2,1.8093
224bdb6d-e4c9-499b-a07f-cbea1ef4c2ad,2024-08-09,B2,1.4766
224bdb6d-e4c9-499b-a07f-cbea1ef4c2ad,2024-08-10,B2,1.1474
224bdb6d-e4c9-499b-a07f-cbea1ef4c2ad,2024-08-08,B3,9.5704
224bdb6d-e4c9-499b-a07f-cbea1ef4c2ad,2024-08-09,B3,7.8102
224bdb6d-e4c9-499b-a07f-cbea1ef4c2ad,2024-08-10,B3,6.0692
22678bd2-81ea-4bae-974f-1fd5d1d79580,2024-08-08,B1,2.52
22678bd2-81ea-4bae-974f-1fd5d1d79580,2024-08-09,B1,2.0565
22678bd2-81ea-4bae-974f-1fd5d1d79580,2024-08-10,B1,1.5981
22678bd2-81ea-4bae-974f-1fd5d1d79580,2024-08-08,B2,2.9549
22678bd2-81ea-4bae-974f-1fd5d1d79580,2024-08-09,B2,2.4114
22678bd2-81ea-4bae-974f-1fd5d1d79580,2024-08-10,B2,1.8739
22678bd2-81ea-4bae-974f-1fd5d1d79580,2024-08-08,B3,5.1626
22678bd2-81ea-4bae-974f-1fd5d1d79580,2024-08-09,B3,4.2131
22678bd2-81ea-4bae-974f-1fd5d1d79580,2024-08-10,B3,3.274
22df8b7a-bacc-4ebe-94b1-d410108c67bd,2024-08-08,M3,2.9839
22df8b7a-bacc-4ebe-94b1-d410108c67bd,2024-08-09,M3,2.6675
22df8b7a-bacc-4ebe-94b1-d410108c67bd,2024-08-10,M3,2.4333
22df8b7a-bacc-4ebe-94b1-d410108c67bd,2024-08-08,M4,2.1103
22df8b7a-bacc-4ebe-94b1-d410108c67bd,2024-08-09,M4,1.8866
22df8b7a-bacc-4ebe-94b1-d410108c67bd,2024-08-10,M4,1.7209
22e8e86a-82ef-4e90-9905-e23c83ae1cf0,2024-08-08,B1,1.1536
22e8e86a-82ef-4e90-9905-e23c83ae1cf0,2024-08-09,B1,0.9414
22e8e86a-82ef-4e90-9905-e23c83ae1cf0,2024-08-10,B1,0.7316
22e8e86a-82ef-4e90-9905-e23c83ae1cf0,2024-08-08,B2,2.884
22e8e86a-82ef-4e90-9905-e23c83ae1cf0,2024-08-09,B2,2.3536
22e8e86a-82ef-4e90-9905-e23c83ae1cf0,2024-08-10,B2,1.8289
22e8e86a-82ef-4e90-9905-e23c83ae1cf0,2024-08-08,B3,5.2782
22e8e86a-82ef-4e90-9905-e23c83ae1cf0,2024-08-09,B3,4.3075
22e8e86a-82ef-4e90-9905-e23c83ae1cf0,2024-08-10,B3,3.3473
2381abfb-0b42-4412-ac53-39fe23c7a873,2024-08-08,B3,2.0542
2381abfb-0b42-4412-ac53-39fe23c7a873,2024-08-09,B3,1.6764
2381abfb-0b42-4412-ac53-39fe23c7a873,2024-08-10,B3,1.3027
24015dce-eb04-48f0-9b6c-04c08f3abd9f,2024-08-08,B1,2.0365
24015dce-eb04-48f0-9b6c-04c08f3abd9f,2024-08-09,B1,1.662
24015dce-eb04-48f0-9b6c-04c08f3abd9f,2024-08-10,B1,1.2915
24015dce-eb04-48f0-9b6c-04c08f3abd9f,2024-08-08,B2,2.884
24015dce-eb04-48f0-9b6c-04c08f3abd9f,2024-08-09,B2,2.3536
24015dce-eb04-48f0-9b6c-04c08f3abd9f,2024-08-10,B2,1.8289
24015dce-eb04-48f0-9b6c-04c08f3abd9f,2024-08-08,B3,6.0191
24015dce-eb04-48f0-9b6c-04c08f3abd9f,2024-08-09,B3,4.9121
24015dce-eb04-48f0-9b6c-04c08f3abd9f,2024-08-10,B3,3.8172
242a5f96-d886-4bf4-b684-02080d4dd185,2024-08-08,M1,4.2206
242a5f96-d886-4bf4-b684-02080d4dd185,2024-08-09,M1,3.7731
242a5f96-d886-4bf4-b684-02080d4dd185,2024-08-10,M1,3.4419
242a5f96-d886-4bf4-b684-02080d4dd185,2024-08-08,M2,1.7685
242a5f96-d886-4bf4-b684-02080d4dd185,2024-08-09,M2,1.581
242a5f96-d886-4bf4-b684-02080d4dd185,2024-08-10,M2,1.4422
242a5f96-d886-4bf4-b684-02080d4dd185,2024-08-08,M3,3.0679
242a5f96-d886-4bf4-b684-02080d4dd185,2024-08-09,M3,2.7427
242a5f96-d886-4bf4-b684-02080d4dd185,2024-08-10,M3,2.5019
242a5f96-d886-4bf4-b684-02080d4dd185,2024-08-08,M4,1.8717
242a5f96-d886-4bf4-b684-02080d4dd185,2024-08-09,M4,1.6733
242a5f96-d886-4bf4-b684-02080d4dd185,2024-08-10,M4,1.5264
2432bacc-2234-46a1-90a1-344f973d0352,2024-08-08,M3,2.6379
2432bacc-2234-46a1-90a1-344f973d0352,2024-08-09,M3,2.3582
2432bacc-2234-46a1-90a1-344f973d0352,2024-08-10,M3,2.1512
243d9eec-32e4-472a-80ab-cb13cb08d76e,2024-08-08,B1,1.7304
243d9eec-32e4-472a-80ab-cb13cb08d76e,2024-08-09,B1,1.4122
243d9eec-32e4-472a-80ab-cb13cb08d76e,2024-08-10,B1,1.0974
243d9eec-32e4-472a-80ab-cb13cb08d76e,2024-08-08,B2,2.3072
243d9eec-32e4-472a-80ab-cb13cb08d76e,2024-08-09,B2,1.8829
243d9eec-32e4-472a-80ab-cb13cb08d76e,2024-08-10,B2,1.4632
243d9eec-32e4-472a-80ab-cb13cb08d76e,2024-08-08,B3,8.5719
243d9eec-32e4-472a-80ab-cb13cb08d76e,2024-08-09,B3,6.9954
243d9eec-32e4-472a-80ab-cb13cb08d76e,2024-08-10,B3,5.436
24c64581-aeb1-4940-9917-b6dd91c8d8c2,2024-08-08,B1,1.1536
24c64581-aeb1-4940-9917-b6dd91c8d8c2,2024-08-09,B1,0.9414
24c64581-aeb1-4940-9917-b6dd91c8d8c2,2024-08-10,B1,0.7316
24c64581-aeb1-4940-9917-b6dd91c8d8c2,2024-08-08,B2,1.1536
24c64581-aeb1-4940-9917-b6dd91c8d8c2,2024-08-09,B2,0.9414
24c64581-aeb1-4940-9917-b6dd91c8d8c2,2024-08-10,B2,0.7316
24c64581-aeb1-4940-9917-b6dd91c8d8c2,2024-08-08,B3,2.3309
24c64581-aeb1-4940-9917-b6dd91c8d8c2,2024-08-09,B3,1.9022
24c64581-aeb1-4940-9917-b6dd91c8d8c2,2024-08-10,B3,1.4782
251a3684-7655-4f74-bd0c-d66cbd8dd968,2024-08-08,M1,1.9776
251a3684-7655-4f74-bd0c-d66cbd8dd968,2024-08-09,M1,1.7679
251a3684-7655-4f74-bd0c-d66cbd8dd968,2024-08-10,M1,1.6127
251a3684-7655-4f74-bd0c-d66cbd8dd968,2024-08-08,M2,2.4669
251a3684-7655-4f74-bd0c-d66cbd8dd968,2024-08-09,M2,2.2054
251a3684-7655-4f74-bd0c-d66cbd8dd968,2024-08-10,M2,2.0118
251a3684-7655-4f74-bd0c-d66cbd8dd968,2024-08-08,M3,4.2809
251a3684-7655-4f74-bd0c-d66cbd8dd968,2024-08-09,M3,3.8271
251a3684-7655-4f74-bd0c-d66cbd8dd968,2024-08-10,M3,3.4911
251a3684-7655-4f74-bd0c-d66cbd8dd968,2024-08-08,M4,3.45
251a3684-7655-4f74-bd0c-d66cbd8dd968,2024-08-09,M4,3.0843
251a3684-7655-4f74-bd0c-d66cbd8dd968,2024-08-10,M4,2.8135
251a3684-7655-4f74-bd0c-d66cbd8dd968,2024-08-08,M5,3.1654
251a3684-7655-4f74-bd0c-d66cbd8dd968,2024-08-09,M5,2.8298
251a3684-7655-4f74-bd0c-d66cbd8dd968,2024-08-10,M5,2.5814
252abfef-7e62-45b3-b2bd-fecf603c61a5,2024-08-08,B3,74.7355
252abfef-7e62-45b3-b2bd-fecf603c61a5,2024-08-09,B3,60.9905
252abfef-7e62-45b3-b2bd-fecf603c61a5,2024-08-10,B3,47.3951
253eb2c2-535c-4671-9fd2-0869fb348cee,2024-08-08,M2,3.1654
253eb2c2-535c-4671-9fd2-0869fb348cee,2024-08-09,M2,2.8298
253eb2c2-535c-4671-9fd2-0869fb348cee,2024-08-10,M2,2.5814
253eb2c2-535c-4671-9fd2-0869fb348cee,2024-08-08,M3,7.386
253eb2c2-535c-4671-9fd2-0869fb348cee,2024-08-09,M3,6.603
253eb2c2-535c-4671-9fd2-0869fb348cee,2024-08-10,M3,6.0233
253eb2c2-535c-4671-9fd2-0869fb348cee,2024-08-08,M4,8.4411
253eb2c2-535c-4671-9fd2-0869fb348cee,2024-08-09,M4,7.5463
253eb2c2-535c-4671-9fd2-0869fb348cee,2024-08-10,M4,6.8838
253eb2c2-535c-4671-9fd2-0869fb348cee,2024-08-08,M5,1.0551
253eb2c2-535c-4671-9fd2-0869fb348cee,2024-08-09,M5,0.9433
253eb2c2-535c-4671-9fd2-0869fb348cee,2024-08-10,M5,0.8605
259df2b5-de9d-47fd-9e21-e0656ba45e5d,2024-08-08,M1,2.0031
259df2b5-de9d-47fd-9e21-e0656ba45e5d,2024-08-09,M1,1.7907
259df2b5-de9d-47fd-9e21-e0656ba45e5d,2024-08-10,M1,1.6335
259df2b5-de9d-47fd-9e21-e0656ba45e5d,2024-08-08,M2,1.8076
259df2b5-de9d-47fd-9e21-e0656ba45e5d,2024-08-09,M2,1.616
259df2b5-de9d-47fd-9e21-e0656ba45e5d,2024-08-10,M2,1.4741
259df2b5-de9d-47fd-9e21-e0656ba45e5d,2024-08-08,M3,4.2567
259df2b5-de9d-47fd-9e21-e0656ba45e5d,2024-08-09,M3,3.8054
259df2b5-de9d-47fd-9e21-e0656ba45e5d,2024-08-10,M3,3.4714
259df2b5-de9d-47fd-9e21-e0656ba45e5d,2024-08-08,M4,2.1103
259df2b5-de9d-47fd-9e21-e0656ba45e5d,2024-08-09,M4,1.8866
259df2b5-de9d-47fd-9e21-e0656ba45e5d,2024-08-10,M4,1.7209
25b06ccf-3c6d-4fe8-b8e0-a66d52177bbf,2024-08-08,B1,20.1719
25b06ccf-3c6d-4fe8-b8e0-a66d52177bbf,2024-08-09,B1,16.462
25b06ccf-3c6d-4fe8-b8e0-a66d52177bbf,2024-08-10,B1,12.7925
25b06ccf-3c6d-4fe8-b8e0-a66d52177bbf,2024-08-08,B2,10.7054
25b06ccf-3c6d-4fe8-b8e0-a66d52177bbf,2024-08-09,B2,8.7366
25b06ccf-3c6d-4fe8-b8e0-a66d52177bbf,2024-08-10,B2,6.7891
25b06ccf-3c6d-4fe8-b8e0-a66d52177bbf,2024-08-08,B3,80.0747
25b06ccf-3c6d-4fe8-b8e0-a66d52177bbf,2024-08-09,B3,65.3477
25b06ccf-3c6d-4fe8-b8e0-a66d52177bbf,2024-08-10,B3,50.7811
26055e3a-1278-45e3-95f9-fceed11b808f,2024-08-08,B1,1.1536
26055e3a-1278-45e3-95f9-fceed11b808f,2024-08-09,B1,0.9414
26055e3a-1278-45e3-95f9-fceed11b808f,2024-08-10,B1,0.7316
26055e3a-1278-45e3-95f9-fceed11b808f,2024-08-08,B2,2.3072
26055e3a-1278-45e3-95f9-fceed11b808f,2024-08-09,B2,1.8829
26055e3a-1278-45e3-95f9-fceed11b808f,2024-08-10,B2,1.4632
26055e3a-1278-45e3-95f9-fceed11b808f,2024-08-08,B3,2.304
26055e3a-1278-45e3-95f9-fceed11b808f,2024-08-09,B3,1.8803
26055e3a-1278-45e3-95f9-fceed11b808f,2024-08-10,B3,1.4611
2612edb8-f7db-429a-8db9-4f371f1d56ae,2024-08-08,M1,3.1654
2612edb8-f7db-429a-8db9-4f371f1d56ae,2024-08-09,M1,2.8298
2612edb8-f7db-429a-8db9-4f371f1d56ae,2024-08-10,M1,2.5814
2612edb8-f7db-429a-8db9-4f371f1d56ae,2024-08-08,M2,2.1103
2612edb8-f7db-429a-8db9-4f371f1d56ae,2024-08-09,M2,1.8866
2612edb8-f7db-429a-8db9-4f371f1d56ae,2024-08-10,M2,1.7209
2612edb8-f7db-429a-8db9-4f371f1d56ae,2024-08-08,M3,4.8458
2612edb8-f7db-429a-8db9-4f371f1d56ae,2024-08-09,M3,4.3321
2612edb8-f7db-429a-8db9-4f371f1d56ae,2024-08-10,M3,3.9518
2612edb8-f7db-429a-8db9-4f371f1d56ae,2024-08-08,M5,1.5827
2612edb8-f7db-429a-8db9-4f371f1d56ae,2024-08-09,M5,1.4149
2612edb8-f7db-429a-8db9-4f371f1d56ae,2024-08-10,M5,1.2907
26973321-0148-4a3f-bbe7-efcfb94ffd11,2024-08-08,B1,1.7178
26973321-0148-4a3f-bbe7-efcfb94ffd11,2024-08-09,B1,1.4019
26973321-0148-4a3f-bbe7-efcfb94ffd11,2024-08-10,B1,1.0894
26973321-0148-4a3f-bbe7-efcfb94ffd11,2024-08-08,B2,2.0486
26973321-0148-4a3f-bbe7-efcfb94ffd11,2024-08-09,B2,1.6718
26973321-0148-4a3f-bbe7-efcfb94ffd11,2024-08-10,B2,1.2992
26973321-0148-4a3f-bbe7-efcfb94ffd11,2024-08-08,B3,3.9889
26973321-0148-4a3f-bbe7-efcfb94ffd11,2024-08-09,B3,3.2553
26973321-0148-4a3f-bbe7-efcfb94ffd11,2024-08-10,B3,2.5296
27129160-2312-4be8-a04e-ac03f72b854e,2024-08-08,M1,1.9079
27129160-2312-4be8-a04e-ac03f72b854e,2024-08-09,M1,1.7056
27129160-2312-4be8-a04e-ac03f72b854e,2024-08-10,M1,1.5559
27129160-2312-4be8-a04e-ac03f72b854e,2024-08-08,M2,2.9337
27129160-2312-4be8-a04e-ac03f72b854e,2024-08-09,M2,2.6227
27129160-2312-4be8-a04e-ac03f72b854e,2024-08-10,M2,2.3925
27129160-2312-4be8-a04e-ac03f72b854e,2024-08-08,M3,3.5693
27129160-2312-4be8-a04e-ac03f72b854e,2024-08-09,M3,3.1909
27129160-2312-4be8-a04e-ac03f72b854e,2024-08-10,M3,2.9108
27129160-2312-4be8-a04e-ac03f72b854e,2024-08-08,M4,2.4808
27129160-2312-4be8-a04e-ac03f72b854e,2024-08-09,M4,2.2178
27129160-2312-4be8-a04e-ac03f72b854e,2024-08-10,M4,2.0231
27129160-2312-4be8-a04e-ac03f72b854e,2024-08-08,M5,1.0551
27129160-2312-4be8-a04e-ac03f72b854e,2024-08-09,M5,0.9433
27129160-2312-4be8-a04e-ac03f72b854e,2024-08-10,M5,0.8605
272ddb46-ffaa-4960-95bd-3a2a8d2497cf,2024-08-08,B1,2.1984
272ddb46-ffaa-4960-95bd-3a2a8d2497cf,2024-08-09,B1,1.7941
272ddb46-ffaa-4960-95bd-3a2a8d2497cf,2024-08-10,B1,1.3942
272ddb46-ffaa-4960-95bd-3a2a8d2497cf,2024-08-08,B2,1.9543
272ddb46-ffaa-4960-95bd-3a2a8d2497cf,2024-08-09,B2,1.5949
272ddb46-ffaa-4960-95bd-3a2a8d2497cf,2024-08-10,B2,1.2394
272ddb46-ffaa-4960-95bd-3a2a8d2497cf,2024-08-08,B3,12.3502
272ddb46-ffaa-4960-95bd-3a2a8d2497cf,2024-08-09,B3,10.0788
272ddb46-ffaa-4960-95bd-3a2a8d2497cf,2024-08-10,B3,7.8322
278620ce-b583-4569-86a6-0951f0f3b932,2024-08-08,B2,3.4608
278620ce-b583-4569-86a6-0951f0f3b932,2024-08-09,B2,2.8243
278620ce-b583-4569-86a6-0951f0f3b932,2024-08-10,B2,2.1947
278620ce-b583-4569-86a6-0951f0f3b932,2024-08-08,B3,5.1912
278620ce-b583-4569-86a6-0951f0f3b932,2024-08-09,B3,4.2365
278620ce-b583-4569-86a6-0951f0f3b932,2024-08-10,B3,3.2921
27f133d7-9b6b-48bb-a3b7-2cad512cbf67,2024-08-08,B3,1.1536
27f133d7-9b6b-48bb-a3b7-2cad512cbf67,2024-08-09,B3,0.9414
27f133d7-9b6b-48bb-a3b7-2cad512cbf67,2024-08-10,B3,0.7316
27f4b63d-64eb-474d-94d6-b12aedb763bf,2024-08-08,B1,2.3072
27f4b63d-64eb-474d-94d6-b12aedb763bf,2024-08-09,B1,1.8829
27f4b63d-64eb-474d-94d6-b12aedb763bf,2024-08-10,B1,1.4632
27f4b63d-64eb-474d-94d6-b12aedb763bf,2024-08-08,B2,5.768
27f4b63d-64eb-474d-94d6-b12aedb763bf,2024-08-09,B2,4.7072
27f4b63d-64eb-474d-94d6-b12aedb763bf,2024-08-10,B2,3.6579
27f4b63d-64eb-474d-94d6-b12aedb763bf,2024-08-08,B3,2.3072
27f4b63d-64eb-474d-94d6-b12aedb763bf,2024-08-09,B3,1.8829
27f4b63d-64eb-474d-94d6-b12aedb763bf,2024-08-10,B3,1.4632
28537caa-feba-486a-a086-20d0bc46e02b,2024-08-08,B1,1.8856
28537caa-feba-486a-a086-20d0bc46e02b,2024-08-09,B1,1.5388
28537caa-feba-486a-a086-20d0bc46e02b,2024-08-10,B1,1.1958
28537caa-feba-486a-a086-20d0bc46e02b,2024-08-08,B2,9.2288
28537caa-feba-486a-a086-20d0bc46e02b,2024-08-09,B2,7.5315
28537caa-feba-486a-a086-20d0bc46e02b,2024-08-10,B2,5.8526
28537caa-feba-486a-a086-20d0bc46e02b,2024-08-08,B3,10.0593
28537caa-feba-486a-a086-20d0bc46e02b,2024-08-09,B3,8.2092
28537caa-feba-486a-a086-20d0bc46e02b,2024-08-10,B3,6.3793
28f8f71d-9aad-449f-b3e8-a84f30be95e5,2024-08-08,B1,2.3072
28f8f71d-9aad-449f-b3e8-a84f30be95e5,2024-08-09,B1,1.8829
28f8f71d-9aad-449f-b3e8-a84f30be95e5,2024-08-10,B1,1.4632
28f8f71d-9aad-449f-b3e8-a84f30be95e5,2024-08-08,B2,2.0486
28f8f71d-9aad-449f-b3e8-a84f30be95e5,2024-08-09,B2,1.6718
28f8f71d-9aad-449f-b3e8-a84f30be95e5,2024-08-10,B2,1.2992
28f8f71d-9aad-449f-b3e8-a84f30be95e5,2024-08-08,B3,2.8115
28f8f71d-9aad-449f-b3e8-a84f30be95e5,2024-08-09,B3,2.2944
28f8f71d-9aad-449f-b3e8-a84f30be95e5,2024-08-10,B3,1.783
29387e7a-0f28-430a-a110-6653838b75c5,2024-08-08,M1,1.9253
29387e7a-0f28-430a-a110-6653838b75c5,2024-08-09,M1,1.7212
29387e7a-0f28-430a-a110-6653838b75c5,2024-08-10,M1,1.5701
29387e7a-0f28-430a-a110-6653838b75c5,2024-08-08,M2,2.5234
29387e7a-0f28-430a-a110-6653838b75c5,2024-08-09,M2,2.2559
29387e7a-0f28-430a-a110-6653838b75c5,2024-08-10,M2,2.0578
29387e7a-0f28-430a-a110-6653838b75c5,2024-08-08,M3,7.512
29387e7a-0f28-430a-a110-6653838b75c5,2024-08-09,M3,6.7156
29387e7a-0f28-430a-a110-6653838b75c5,2024-08-10,M3,6.1261
29387e7a-0f28-430a-a110-6653838b75c5,2024-08-08,M4,2.8293
29387e7a-0f28-430a-a110-6653838b75c5,2024-08-09,M4,2.5293
29387e7a-0f28-430a-a110-6653838b75c5,2024-08-10,M4,2.3073
29387e7a-0f28-430a-a110-6653838b75c5,2024-08-08,M5,3.693
29387e7a-0f28-430a-a110-6653838b75c5,2024-08-09,M5,3.3015
29387e7a-0f28-430a-a110-6653838b75c5,2024-08-10,M5,3.0117
298a045e-9a72-44ef-8ab0-44de83fd6ec7,2024-08-08,B1,3.0727
298a045e-9a72-44ef-8ab0-44de83fd6ec7,2024-08-09,B1,2.5076
298a045e-9a72-44ef-8ab0-44de83fd6ec7,2024-08-10,B1,1.9486
298a045e-9a72-44ef-8ab0-44de83fd6ec7,2024-08-08,B2,2.2775
298a045e-9a72-44ef-8ab0-44de83fd6ec7,2024-08-09,B2,1.8587
298a045e-9a72-44ef-8ab0-44de83fd6ec7,2024-08-10,B2,1.4444
298a045e-9a72-44ef-8ab0-44de83fd6ec7,2024-08-08,B3,5.4385
298a045e-9a72-44ef-8ab0-44de83fd6ec7,2024-08-09,B3,4.4383
298a045e-9a72-44ef-8ab0-44de83fd6ec7,2024-08-10,B3,3.4489
29c9b227-eea9-492d-b196-0dfc68535d97,2024-08-08,M1,2.1103
29c9b227-eea9-492d-b196-0dfc68535d97,2024-08-09,M1,1.8866
29c9b227-eea9-492d-b196-0dfc68535d97,2024-08-10,M1,1.7209
29c9b227-eea9-492d-b196-0dfc68535d97,2024-08-08,M2,1.7217
29c9b227-eea9-492d-b196-0dfc68535d97,2024-08-09,M2,1.5391
29c9b227-eea9-492d-b196-0dfc68535d97,2024-08-10,M2,1.404
29c9b227-eea9-492d-b196-0dfc68535d97,2024-08-08,M3,2.7098
29c9b227-eea9-492d-b196-0dfc68535d97,2024-08-09,M3,2.4225
29c9b227-eea9-492d-b196-0dfc68535d97,2024-08-10,M3,2.2098
29c9b227-eea9-492d-b196-0dfc68535d97,2024-08-08,M4,2.1103
29c9b227-eea9-492d-b196-0dfc68535d97,2024-08-09,M4,1.8866
29c9b227-eea9-492d-b196-0dfc68535d97,2024-08-10,M4,1.7209
29d78ad7-afb8-49cd-b162-97e5a52593ec,2024-08-08,B1,1.1536
29d78ad7-afb8-49cd-b162-97e5a52593ec,2024-08-09,B1,0.9414
29d78ad7-afb8-49cd-b162-97e5a52593ec,2024-08-10,B1,0.7316
29d78ad7-afb8-49cd-b162-97e5a52593ec,2024-08-08,B2,4.6144
29d78ad7-afb8-49cd-b162-97e5a52593ec,2024-08-09,B2,3.7657
29d78ad7-afb8-49cd-b162-97e5a52593ec,2024-08-10,B2,2.9263
29d78ad7-afb8-49cd-b162-97e5a52593ec,2024-08-08,B3,3.3977
29d78ad7-afb8-49cd-b162-97e5a52593ec,2024-08-09,B3,2.7728
29d78ad7-afb8-49cd-b162-97e5a52593ec,2024-08-10,B3,2.1547
29e4f488-03a3-42da-bb80-6330b0a07452,2024-08-08,B1,4.6144
29e4f488-03a3-42da-bb80-6330b0a07452,2024-08-09,B1,3.7657
29e4f488-03a3-42da-bb80-6330b0a07452,2024-08-10,B1,2.9263
29e4f488-03a3-42da-bb80-6330b0a07452,2024-08-08,B2,2.0608
29e4f488-03a3-42da-bb80-6330b0a07452,2024-08-09,B2,1.6818
29e4f488-03a3-42da-bb80-6330b0a07452,2024-08-10,B2,1.3069
29e4f488-03a3-42da-bb80-6330b0a07452,2024-08-08,B3,2.7895
29e4f488-03a3-42da-bb80-6330b0a07452,2024-08-09,B3,2.2765
29e4f488-03a3-42da-bb80-6330b0a07452,2024-08-10,B3,1.769
29f99152-e535-4e99-8773-f228bf4585f5,2024-08-08,B3,1.1536
29f99152-e535-4e99-8773-f228bf4585f5,2024-08-09,B3,0.9414
29f99152-e535-4e99-8773-f228bf4585f5,2024-08-10,B3,0.7316
2aa5e3b8-20e6-419c-86a3-1246c1273f57,2024-08-08,M1,2.9637
2aa5e3b8-20e6-419c-86a3-1246c1273f57,2024-08-09,M1,2.6495
2aa5e3b8-20e6-419c-86a3-1246c1273f57,2024-08-10,M1,2.4169
2aa5e3b8-20e6-419c-86a3-1246c1273f57,2024-08-08,M2,6.1702
2aa5e3b8-20e6-419c-86a3-1246c1273f57,2024-08-09,M2,5.5161
2aa5e3b8-20e6-419c-86a3-1246c1273f57,2024-08-10,M2,5.0318
2aa5e3b8-20e6-419c-86a3-1246c1273f57,2024-08-08,M3,18.9439
2aa5e3b8-20e6-419c-86a3-1246c1273f57,2024-08-09,M3,16.9356
2aa5e3b8-20e6-419c-86a3-1246c1273f57,2024-08-10,M3,15.4488
2aa5e3b8-20e6-419c-86a3-1246c1273f57,2024-08-08,M4,6.0302
2aa5e3b8-20e6-419c-86a3-1246c1273f57,2024-08-09,M4,5.3909
2aa5e3b8-20e6-419c-86a3-1246c1273f57,2024-08-10,M4,4.9176
2aa5e3b8-20e6-419c-86a3-1246c1273f57,2024-08-08,M5,3.4065
2aa5e3b8-20e6-419c-86a3-1246c1273f57,2024-08-09,M5,3.0453
2aa5e3b8-20e6-419c-86a3-1246c1273f57,2024-08-10,M5,2.778
2aac125e-5623-4206-8161-881a28d7826c,2024-08-08,B1,3.0771
2aac125e-5623-4206-8161-881a28d7826c,2024-08-09,B1,2.5112
2aac125e-5623-4206-8161-881a28d7826c,2024-08-10,B1,1.9514
2aac125e-5623-4206-8161-881a28d7826c,2024-08-08,B2,2.2503
2aac125e-5623-4206-8161-881a28d7826c,2024-08-09,B2,1.8364
2aac125e-5623-4206-8161-881a28d7826c,2024-08-10,B2,1.4271
2aac125e-5623-4206-8161-881a28d7826c,2024-08-08,B3,14.4009
2aac125e-5623-4206-8161-881a28d7826c,2024-08-09,B3,11.7523
2aac125e-5623-4206-8161-881a28d7826c,2024-08-10,B3,9.1326
2b6ec472-e060-43ed-b343-cc9052eb11be,2024-08-08,B1,4.1794
2b6ec472-e060-43ed-b343-cc9052eb11be,2024-08-09,B1,3.4107
2b6ec472-e060-43ed-b343-cc9052eb11be,2024-08-10,B1,2.6504
2b6ec472-e060-43ed-b343-cc9052eb11be,2024-08-08,B3,3.4792
2b6ec472-e060-43ed-b343-cc9052eb11be,2024-08-09,B3,2.8394
2b6ec472-e060-43ed-b343-cc9052eb11be,2024-08-10,B3,2.2064
2b724e25-8747-4cc9-9fb0-9565fb160728,2024-08-08,B1,2.7542
2b724e25-8747-4cc9-9fb0-9565fb160728,2024-08-09,B1,2.2477
2b724e25-8747-4cc9-9fb0-9565fb160728,2024-08-10,B1,1.7466
2b724e25-8747-4cc9-9fb0-9565fb160728,2024-08-08,B2,2.0295
2b724e25-8747-4cc9-9fb0-9565fb160728,2024-08-09,B2,1.6563
2b724e25-8747-4cc9-9fb0-9565fb160728,2024-08-10,B2,1.2871
2b724e25-8747-4cc9-9fb0-9565fb160728,2024-08-08,B3,14.4678
2b724e25-8747-4cc9-9fb0-9565fb160728,2024-08-09,B3,11.807
2b724e25-8747-4cc9-9fb0-9565fb160728,2024-08-10,B3,9.1751
2b8985f5-ef46-4f8b-bb43-fe872caf8b6b,2024-08-08,M1,1.9289
2b8985f5-ef46-4f8b-bb43-fe872caf8b6b,2024-08-09,M1,1.7244
2b8985f5-ef46-4f8b-bb43-fe872caf8b6b,2024-08-10,M1,1.5731
2b8985f5-ef46-4f8b-bb43-fe872caf8b6b,2024-08-08,M2,4.3735
2b8985f5-ef46-4f8b-bb43-fe872caf8b6b,2024-08-09,M2,3.9098
2b8985f5-ef46-4f8b-bb43-fe872caf8b6b,2024-08-10,M2,3.5666
2b8985f5-ef46-4f8b-bb43-fe872caf8b6b,2024-08-08,M3,7.4677
2b8985f5-ef46-4f8b-bb43-fe872caf8b6b,2024-08-09,M3,6.676
2b8985f5-ef46-4f8b-bb43-fe872caf8b6b,2024-08-10,M3,6.09
2b8985f5-ef46-4f8b-bb43-fe872caf8b6b,2024-08-08,M4,3.6268
2b8985f5-ef46-4f8b-bb43-fe872caf8b6b,2024-08-09,M4,3.2423
2b8985f5-ef46-4f8b-bb43-fe872caf8b6b,2024-08-10,M4,2.9577
2b8985f5-ef46-4f8b-bb43-fe872caf8b6b,2024-08-08,M5,2.6333
2b8985f5-ef46-4f8b-bb43-fe872caf8b6b,2024-08-09,M5,2.3542
2b8985f5-ef46-4f8b-bb43-fe872caf8b6b,2024-08-10,M5,2.1475
2ba36bfd-c32e-4df0-8646-2520a738300f,2024-08-08,B1,2.0243
2ba36bfd-c32e-4df0-8646-2520a738300f,2024-08-09,B1,1.652
2ba36bfd-c32e-4df0-8646-2520a738300f,2024-08-10,B1,1.2838
2ba36bfd-c32e-4df0-8646-2520a738300f,2024-08-08,B2,4.6405
2ba36bfd-c32e-4df0-8646-2520a738300f,2024-08-09,B2,3.7871
2ba36bfd-c32e-4df0-8646-2520a738300f,2024-08-10,B2,2.9429
2ba36bfd-c32e-4df0-8646-2520a738300f,2024-08-08,B3,13.3872
2ba36bfd-c32e-4df0-8646-2520a738300f,2024-08-09,B3,10.9251
2ba36bfd-c32e-4df0-8646-2520a738300f,2024-08-10,B3,8.4898
2bfe7445-86e4-4786-8371-e9ff9f215301,2024-08-08,B1,2.1322
2bfe7445-86e4-4786-8371-e9ff9f215301,2024-08-09,B1,1.7401
2bfe7445-86e4-4786-8371-e9ff9f215301,2024-08-10,B1,1.3522
2bfe7445-86e4-4786-8371-e9ff9f215301,2024-08-08,B2,2.0753
2bfe7445-86e4-4786-8371-e9ff9f215301,2024-08-09,B2,1.6936
2bfe7445-86e4-4786-8371-e9ff9f215301,2024-08-10,B2,1.3161
2bfe7445-86e4-4786-8371-e9ff9f215301,2024-08-08,B3,4.2552
2bfe7445-86e4-4786-8371-e9ff9f215301,2024-08-09,B3,3.4726
2bfe7445-86e4-4786-8371-e9ff9f215301,2024-08-10,B3,2.6985
2c117663-25d1-4353-a27e-26e12b5c89f3,2024-08-08,B1,2.2972
2c117663-25d1-4353-a27e-26e12b5c89f3,2024-08-09,B1,1.8747
2c117663-25d1-4353-a27e-26e12b5c89f3,2024-08-10,B1,1.4568
2c117663-25d1-4353-a27e-26e12b5c89f3,2024-08-08,B2,3.0598
2c117663-25d1-4353-a27e-26e12b5c89f3,2024-08-09,B2,2.4971
2c117663-25d1-4353-a27e-26e12b5c89f3,2024-08-10,B2,1.9405
2c117663-25d1-4353-a27e-26e12b5c89f3,2024-08-08,B3,7.1878
2c117663-25d1-4353-a27e-26e12b5c89f3,2024-08-09,B3,5.8659
2c117663-25d1-4353-a27e-26e12b5c89f3,2024-08-10,B3,4.5583
2c18d0cb-ad1d-4567-a492-f94beb37c475,2024-08-08,B1,2.074
2c18d0cb-ad1d-4567-a492-f94beb37c475,2024-08-09,B1,1.6925
2c18d0cb-ad1d-4567-a492-f94beb37c475,2024-08-10,B1,1.3153
2c18d0cb-ad1d-4567-a492-f94beb37c475,2024-08-08,B2,2.0216
2c18d0cb-ad1d-4567-a492-f94beb37c475,2024-08-09,B2,1.6498
2c18d0cb-ad1d-4567-a492-f94beb37c475,2024-08-10,B2,1.2821
2c18d0cb-ad1d-4567-a492-f94beb37c475,2024-08-08,B3,4.4118
2c18d0cb-ad1d-4567-a492-f94beb37c475,2024-08-09,B3,3.6004
2c18d0cb-ad1d-4567-a492-f94beb37c475,2024-08-10,B3,2.7978
2c1ad666-2422-49d6-a0f5-3effa24427f4,2024-08-08,B1,18.9136
2c1ad666-2422-49d6-a0f5-3effa24427f4,2024-08-09,B1,15.4351
2c1ad666-2422-49d6-a0f5-3effa24427f4,2024-08-10,B1,11.9945
2c1ad666-2422-49d6-a0f5-3effa24427f4,2024-08-08,B2,115.2045
2c1ad666-2422-49d6-a0f5-3effa24427f4,2024-08-09,B2,94.0166
2c1ad666-2422-49d6-a0f5-3effa24427f4,2024-08-10,B2,73.0594
2c1ad666-2422-49d6-a0f5-3effa24427f4,2024-08-08,B3,117.5569
2c1ad666-2422-49d6-a0f5-3effa24427f4,2024-08-09,B3,95.9364
2c1ad666-2422-49d6-a0f5-3effa24427f4,2024-08-10,B3,74.5512
2c374c74-7f8f-498e-8364-d5b24d366c4f,2024-08-08,M1,1.0551
2c374c74-7f8f-498e-8364-d5b24d366c4f,2024-08-09,M1,0.9433
2c374c74-7f8f-498e-8364-d5b24d366c4f,2024-08-10,M1,0.8605
2c374c74-7f8f-498e-8364-d5b24d366c4f,2024-08-08,M2,1.0551
2c374c74-7f8f-498e-8364-d5b24d366c4f,2024-08-09,M2,0.9433
2c374c74-7f8f-498e-8364-d5b24d366c4f,2024-08-10,M2,0.8605
2c374c74-7f8f-498e-8364-d5b24d366c4f,2024-08-08,M3,1.9046
2c374c74-7f8f-498e-8364-d5b24d366c4f,2024-08-09,M3,1.7027
2c374c74-7f8f-498e-8364-d5b24d366c4f,2024-08-10,M3,1.5532
2c374c74-7f8f-498e-8364-d5b24d366c4f,2024-08-08,M5,1.0551
2c374c74-7f8f-498e-8364-d5b24d366c4f,2024-08-09,M5,0.9433
2c374c74-7f8f-498e-8364-d5b24d366c4f,2024-08-10,M5,0.8605
2cef4a4a-93f9-4ee3-a068-71e05488bed4,2024-08-08,B1,2.0815
2cef4a4a-93f9-4ee3-a068-71e05488bed4,2024-08-09,B1,1.6987
2cef4a4a-93f9-4ee3-a068-71e05488bed4,2024-08-10,B1,1.32
2cef4a4a-93f9-4ee3-a068-71e05488bed4,2024-08-08,B2,2.5416
2cef4a4a-93f9-4ee3-a068-71e05488bed4,2024-08-09,B2,2.0742
2cef4a4a-93f9-4ee3-a068-71e05488bed4,2024-08-10,B2,1.6118
2cef4a4a-93f9-4ee3-a068-71e05488bed4,2024-08-08,B3,5.2612
2cef4a4a-93f9-4ee3-a068-71e05488bed4,2024-08-09,B3,4.2936
2cef4a4a-93f9-4ee3-a068-71e05488bed4,2024-08-10,B3,3.3365
2da65c66-a400-4306-ab2b-4107d4b26aa5,2024-08-08,M1,2.8366
2da65c66-a400-4306-ab2b-4107d4b26aa5,2024-08-09,M1,2.5359
2da65c66-a400-4306-ab2b-4107d4b26aa5,2024-08-10,M1,2.3133
2da65c66-a400-4306-ab2b-4107d4b26aa5,2024-08-08,M2,8.6897
2da65c66-a400-4306-ab2b-4107d4b26aa5,2024-08-09,M2,7.7684
2da65c66-a400-4306-ab2b-4107d4b26aa5,2024-08-10,M2,7.0865
2da65c66-a400-4306-ab2b-4107d4b26aa5,2024-08-08,M3,16.7626
2da65c66-a400-4306-ab2b-4107d4b26aa5,2024-08-09,M3,14.9855
2da65c66-a400-4306-ab2b-4107d4b26aa5,2024-08-10,M3,13.67
2da65c66-a400-4306-ab2b-4107d4b26aa5,2024-08-08,M4,9.7343
2da65c66-a400-4306-ab2b-4107d4b26aa5,2024-08-09,M4,8.7023
2da65c66-a400-4306-ab2b-4107d4b26aa5,2024-08-10,M4,7.9384
2da65c66-a400-4306-ab2b-4107d4b26aa5,2024-08-08,M5,3.3797
2da65c66-a400-4306-ab2b-4107d4b26aa5,2024-08-09,M5,3.0214
2da65c66-a400-4306-ab2b-4107d4b26aa5,2024-08-10,M5,2.7562
2df5a7ff-8eca-40bf-b69d-35619e10b93f,2024-08-08,M1,2.6379
2df5a7ff-8eca-40bf-b69d-35619e10b93f,2024-08-09,M1,2.3582
2df5a7ff-8eca-40bf-b69d-35619e10b93f,2024-08-10,M1,2.1512
2df5a7ff-8eca-40bf-b69d-35619e10b93f,2024-08-08,M2,2.3405
2df5a7ff-8eca-40bf-b69d-35619e10b93f,2024-08-09,M2,2.0923
2df5a7ff-8eca-40bf-b69d-35619e10b93f,2024-08-10,M2,1.9087
2df5a7ff-8eca-40bf-b69d-35619e10b93f,2024-08-08,M3,2.1103
2df5a7ff-8eca-40bf-b69d-35619e10b93f,2024-08-09,M3,1.8866
2df5a7ff-8eca-40bf-b69d-35619e10b93f,2024-08-10,M3,1.7209
2df5a7ff-8eca-40bf-b69d-35619e10b93f,2024-08-08,M4,7.9136
2df5a7ff-8eca-40bf-b69d-35619e10b93f,2024-08-09,M4,7.0746
2df5a7ff-8eca-40bf-b69d-35619e10b93f,2024-08-10,M4,6.4536
2e3f102b-0286-433b-b2bb-e67c04ad0c41,2024-08-08,B1,2.0785
2e3f102b-0286-433b-b2bb-e67c04ad0c41,2024-08-09,B1,1.6962
2e3f102b-0286-433b-b2bb-e67c04ad0c41,2024-08-10,B1,1.3181
2e3f102b-0286-433b-b2bb-e67c04ad0c41,2024-08-08,B2,2.0076
2e3f102b-0286-433b-b2bb-e67c04ad0c41,2024-08-09,B2,1.6384
2e3f102b-0286-433b-b2bb-e67c04ad0c41,2024-08-10,B2,1.2732
2e3f102b-0286-433b-b2bb-e67c04ad0c41,2024-08-08,B3,8.2252
2e3f102b-0286-433b-b2bb-e67c04ad0c41,2024-08-09,B3,6.7124
2e3f102b-0286-433b-b2bb-e67c04ad0c41,2024-08-10,B3,5.2162
2e4aa918-8188-4e82-a20b-8ef3568cfbe8,2024-08-08,M3,2.1103
2e4aa918-8188-4e82-a20b-8ef3568cfbe8,2024-08-09,M3,1.8866
2e4aa918-8188-4e82-a20b-8ef3568cfbe8,2024-08-10,M3,1.7209
2e4aa918-8188-4e82-a20b-8ef3568cfbe8,2024-08-08,M4,2.1103
2e4aa918-8188-4e82-a20b-8ef3568cfbe8,2024-08-09,M4,1.8866
2e4aa918-8188-4e82-a20b-8ef3568cfbe8,2024-08-10,M4,1.7209
2eb16b55-01a8-4bb8-88da-bad730598dfb,2024-08-08,M1,1.7391
2eb16b55-01a8-4bb8-88da-bad730598dfb,2024-08-09,M1,1.5547
2eb16b55-01a8-4bb8-88da-bad730598dfb,2024-08-10,M1,1.4182
2eb16b55-01a8-4bb8-88da-bad730598dfb,2024-08-08,M2,1.84
2eb16b55-01a8-4bb8-88da-bad730598dfb,2024-08-09,M2,1.6449
2eb16b55-01a8-4bb8-88da-bad730598dfb,2024-08-10,M2,1.5005
2eb16b55-01a8-4bb8-88da-bad730598dfb,2024-08-08,M3,2.4547
2eb16b55-01a8-4bb8-88da-bad730598dfb,2024-08-09,M3,2.1944
2eb16b55-01a8-4bb8-88da-bad730598dfb,2024-08-10,M3,2.0018
2eb16b55-01a8-4bb8-88da-bad730598dfb,2024-08-08,M4,1.8329
2eb16b55-01a8-4bb8-88da-bad730598dfb,2024-08-09,M4,1.6386
2eb16b55-01a8-4bb8-88da-bad730598dfb,2024-08-10,M4,1.4948
2eca9390-ffae-4834-8403-e6611b355309,2024-08-08,M1,1.6393
2eca9390-ffae-4834-8403-e6611b355309,2024-08-09,M1,1.4655
2eca9390-ffae-4834-8403-e6611b355309,2024-08-10,M1,1.3369
2eca9390-ffae-4834-8403-e6611b355309,2024-08-08,M2,2.0119
2eca9390-ffae-4834-8403-e6611b355309,2024-08-09,M2,1.7986
2eca9390-ffae-4834-8403-e6611b355309,2024-08-10,M2,1.6407
2eca9390-ffae-4834-8403-e6611b355309,2024-08-08,M3,6.2486
2eca9390-ffae-4834-8403-e6611b355309,2024-08-09,M3,5.5861
2eca9390-ffae-4834-8403-e6611b355309,2024-08-10,M3,5.0957
2eca9390-ffae-4834-8403-e6611b355309,2024-08-08,M4,3.1615
2eca9390-ffae-4834-8403-e6611b355309,2024-08-09,M4,2.8264
2eca9390-ffae-4834-8403-e6611b355309,2024-08-10,M4,2.5783
2eca9390-ffae-4834-8403-e6611b355309,2024-08-08,M5,1.9183
2eca9390-ffae-4834-8403-e6611b355309,2024-08-09,M5,1.7149
2eca9390-ffae-4834-8403-e6611b355309,2024-08-10,M5,1.5644
2efe22a3-fc97-4159-8122-3695a15788ca,2024-08-08,B1,2.3072
2efe22a3-fc97-4159-8122-3695a15788ca,2024-08-09,B1,1.8829
2efe22a3-fc97-4159-8122-3695a15788ca,2024-08-10,B1,1.4632
2efe22a3-fc97-4159-8122-3695a15788ca,2024-08-08,B2,1.1536
2efe22a3-fc97-4159-8122-3695a15788ca,2024-08-09,B2,0.9414
2efe22a3-fc97-4159-8122-3695a15788ca,2024-08-10,B2,0.7316
2efe22a3-fc97-4159-8122-3695a15788ca,2024-08-08,B3,2.3072
2efe22a3-fc97-4159-8122-3695a15788ca,2024-08-09,B3,1.8829
2efe22a3-fc97-4159-8122-3695a15788ca,2024-08-10,B3,1.4632
2f1c2222-d25a-445f-a605-61cb6c4c2c2e,2024-08-08,M1,2.1103
2f1c2222-d25a-445f-a605-61cb6c4c2c2e,2024-08-09,M1,1.8866
2f1c2222-d25a-445f-a605-61cb6c4c2c2e,2024-08-10,M1,1.7209
2f1c2222-d25a-445f-a605-61cb6c4c2c2e,2024-08-08,M2,1.8197
2f1c2222-d25a-445f-a605-61cb6c4c2c2e,2024-08-09,M2,1.6268
2f1c2222-d25a-445f-a605-61cb6c4c2c2e,2024-08-10,M2,1.484
2f1c2222-d25a-445f-a605-61cb6c4c2c2e,2024-08-08,M3,1.8824
2f1c2222-d25a-445f-a605-61cb6c4c2c2e,2024-08-09,M3,1.6829
2f1c2222-d25a-445f-a605-61cb6c4c2c2e,2024-08-10,M3,1.5351
2f1c2222-d25a-445f-a605-61cb6c4c2c2e,2024-08-08,M4,3.1654
2f1c2222-d25a-445f-a605-61cb6c4c2c2e,2024-08-09,M4,2.8298
2f1c2222-d25a-445f-a605-61cb6c4c2c2e,2024-08-10,M4,2.5814
2f3fdc1f-be68-4d24-bd63-6f435c97075e,2024-08-08,B1,3.1555
2f3fdc1f-be68-4d24-bd63-6f435c97075e,2024-08-09,B1,2.5752
2f3fdc1f-be68-4d24-bd63-6f435c97075e,2024-08-10,B1,2.0011
2f3fdc1f-be68-4d24-bd63-6f435c97075e,2024-08-08,B2,2.909
2f3fdc1f-be68-4d24-bd63-6f435c97075e,2024-08-09,B2,2.374
2f3fdc1f-be68-4d24-bd63-6f435c97075e,2024-08-10,B2,1.8448
2f3fdc1f-be68-4d24-bd63-6f435c97075e,2024-08-08,B3,6.9382
2f3fdc1f-be68-4d24-bd63-6f435c97075e,2024-08-09,B3,5.6622
2f3fdc1f-be68-4d24-bd63-6f435c97075e,2024-08-10,B3,4.4
2f5297a0-cef7-4aeb-8845-f9f21ea0622f,2024-08-08,M1,2.6379
2f5297a0-cef7-4aeb-8845-f9f21ea0622f,2024-08-09,M1,2.3582
2f5297a0-cef7-4aeb-8845-f9f21ea0622f,2024-08-10,M1,2.1512
2f5297a0-cef7-4aeb-8845-f9f21ea0622f,2024-08-08,M2,1.939
2f5297a0-cef7-4aeb-8845-f9f21ea0622f,2024-08-09,M2,1.7334
2f5297a0-cef7-4aeb-8845-f9f21ea0622f,2024-08-10,M2,1.5813
2f5297a0-cef7-4aeb-8845-f9f21ea0622f,2024-08-08,M3,4.8259
2f5297a0-cef7-4aeb-8845-f9f21ea0622f,2024-08-09,M3,4.3143
2f5297a0-cef7-4aeb-8845-f9f21ea0622f,2024-08-10,M3,3.9355
2f5297a0-cef7-4aeb-8845-f9f21ea0622f,2024-08-08,M4,2.1103
2f5297a0-cef7-4aeb-8845-f9f21ea0622f,2024-08-09,M4,1.8866
2f5297a0-cef7-4aeb-8845-f9f21ea0622f,2024-08-10,M4,1.7209
2f529dfc-3f50-4d86-9168-3b3789532e80,2024-08-08,B1,5.3852
2f529dfc-3f50-4d86-9168-3b3789532e80,2024-08-09,B1,4.3948
2f529dfc-3f50-4d86-9168-3b3789532e80,2024-08-10,B1,3.4151
2f529dfc-3f50-4d86-9168-3b3789532e80,2024-08-08,B2,8.8567
2f529dfc-3f50-4d86-9168-3b3789532e80,2024-08-09,B2,7.2278
2f529dfc-3f50-4d86-9168-3b3789532e80,2024-08-10,B2,5.6166
2f529dfc-3f50-4d86-9168-3b3789532e80,2024-08-08,B3,53.029
2f529dfc-3f50-4d86-9168-3b3789532e80,2024-08-09,B3,43.2761
2f529dfc-3f50-4d86-9168-3b3789532e80,2024-08-10,B3,33.6295
2f77cb50-3795-4aaa-9771-1295fc311656,2024-08-08,M1,1.8975
2f77cb50-3795-4aaa-9771-1295fc311656,2024-08-09,M1,1.6964
2f77cb50-3795-4aaa-9771-1295fc311656,2024-08-10,M1,1.5475
2f77cb50-3795-4aaa-9771-1295fc311656,2024-08-08,M2,3.7652
2f77cb50-3795-4aaa-9771-1295fc311656,2024-08-09,M2,3.366
2f77cb50-3795-4aaa-9771-1295fc311656,2024-08-10,M2,3.0705
2f77cb50-3795-4aaa-9771-1295fc311656,2024-08-08,M3,8.7298
2f77cb50-3795-4aaa-9771-1295fc311656,2024-08-09,M3,7.8043
2f77cb50-3795-4aaa-9771-1295fc311656,2024-08-10,M3,7.1192
2f77cb50-3795-4aaa-9771-1295fc311656,2024-08-08,M4,3.3395
2f77cb50-3795-4aaa-9771-1295fc311656,2024-08-09,M4,2.9855
2f77cb50-3795-4aaa-9771-1295fc311656,2024-08-10,M4,2.7234
2f77cb50-3795-4aaa-9771-1295fc311656,2024-08-08,M5,4.2206
2f77cb50-3795-4aaa-9771-1295fc311656,2024-08-09,M5,3.7731
2f77cb50-3795-4aaa-9771-1295fc311656,2024-08-10,M5,3.4419
2fd02e7a-7251-47f4-a1a8-610fb894fb06,2024-08-08,B1,20.188
2fd02e7a-7251-47f4-a1a8-610fb894fb06,2024-08-09,B1,16.4751
2fd02e7a-7251-47f4-a1a8-610fb894fb06,2024-08-10,B1,12.8026
2fd02e7a-7251-47f4-a1a8-610fb894fb06,2024-08-08,B2,1.7695
2fd02e7a-7251-47f4-a1a8-610fb894fb06,2024-08-09,B2,1.4441
2fd02e7a-7251-47f4-a1a8-610fb894fb06,2024-08-10,B2,1.1222
2fd02e7a-7251-47f4-a1a8-610fb894fb06,2024-08-08,B3,2.999
2fd02e7a-7251-47f4-a1a8-610fb894fb06,2024-08-09,B3,2.4475
2fd02e7a-7251-47f4-a1a8-610fb894fb06,2024-08-10,B3,1.9019
2fd04914-7b9d-4091-8361-075020fc342c,2024-08-08,M1,2.1103
2fd04914-7b9d-4091-8361-075020fc342c,2024-08-09,M1,1.8866
2fd04914-7b9d-4091-8361-075020fc342c,2024-08-10,M1,1.7209
2fd04914-7b9d-4091-8361-075020fc342c,2024-08-08,M2,2.8016
2fd04914-7b9d-4091-8361-075020fc342c,2024-08-09,M2,2.5046
2fd04914-7b9d-4091-8361-075020fc342c,2024-08-10,M2,2.2847
2fd04914-7b9d-4091-8361-075020fc342c,2024-08-08,M3,5.6588
2fd04914-7b9d-4091-8361-075020fc342c,2024-08-09,M3,5.0589
2fd04914-7b9d-4091-8361-075020fc342c,2024-08-10,M3,4.6148
2fd04914-7b9d-4091-8361-075020fc342c,2024-08-08,M4,1.8175
2fd04914-7b9d-4091-8361-075020fc342c,2024-08-09,M4,1.6248
2fd04914-7b9d-4091-8361-075020fc342c,2024-08-10,M4,1.4821
2fd04914-7b9d-4091-8361-075020fc342c,2024-08-08,M5,2.6379
2fd04914-7b9d-4091-8361-075020fc342c,2024-08-09,M5,2.3582
2fd04914-7b9d-4091-8361-075020fc342c,2024-08-10,M5,2.1512
31aa02de-7d86-44cb-901a-e330f4cdfc8f,2024-08-08,B1,10.0128
31aa02de-7d86-44cb-901a-e330f4cdfc8f,2024-08-09,B1,8.1713
31aa02de-7d86-44cb-901a-e330f4cdfc8f,2024-08-10,B1,6.3498
31aa02de-7d86-44cb-901a-e330f4cdfc8f,2024-08-08,B2,6.2516
31aa02de-7d86-44cb-901a-e330f4cdfc8f,2024-08-09,B2,5.1019
31aa02de-7d86-44cb-901a-e330f4cdfc8f,2024-08-10,B2,3.9646
31aa02de-7d86-44cb-901a-e330f4cdfc8f,2024-08-08,B3,55.8634
31aa02de-7d86-44cb-901a-e330f4cdfc8f,2024-08-09,B3,45.5892
31aa02de-7d86-44cb-901a-e330f4cdfc8f,2024-08-10,B3,35.4269
3203a429-e8f4-4e88-bd51-0a4d3e117383,2024-08-08,M1,1.8233
3203a429-e8f4-4e88-bd51-0a4d3e117383,2024-08-09,M1,1.63
3203a429-e8f4-4e88-bd51-0a4d3e117383,2024-08-10,M1,1.4869
3203a429-e8f4-4e88-bd51-0a4d3e117383,2024-08-08,M2,5.9999
3203a429-e8f4-4e88-bd51-0a4d3e117383,2024-08-09,M2,5.3638
3203a429-e8f4-4e88-bd51-0a4d3e117383,2024-08-10,M2,4.8929
3203a429-e8f4-4e88-bd51-0a4d3e117383,2024-08-08,M3,11.8691
3203a429-e8f4-4e88-bd51-0a4d3e117383,2024-08-09,M3,10.6108
3203a429-e8f4-4e88-bd51-0a4d3e117383,2024-08-10,M3,9.6793
3203a429-e8f4-4e88-bd51-0a4d3e117383,2024-08-08,M4,3.6642
3203a429-e8f4-4e88-bd51-0a4d3e117383,2024-08-09,M4,3.2757
3203a429-e8f4-4e88-bd51-0a4d3e117383,2024-08-10,M4,2.9881
3203a429-e8f4-4e88-bd51-0a4d3e117383,2024-08-08,M5,2.7045
3203a429-e8f4-4e88-bd51-0a4d3e117383,2024-08-09,M5,2.4178
3203a429-e8f4-4e88-bd51-0a4d3e117383,2024-08-10,M5,2.2056
3314fc74-b648-438f-910d-0545ec5d6f9e,2024-08-08,M1,5.2757
3314fc74-b648-438f-910d-0545ec5d6f9e,2024-08-09,M1,4.7164
3314fc74-b648-438f-910d-0545ec5d6f9e,2024-08-10,M1,4.3024
3314fc74-b648-438f-910d-0545ec5d6f9e,2024-08-08,M2,2.463
3314fc74-b648-438f-910d-0545ec5d6f9e,2024-08-09,M2,2.2019
3314fc74-b648-438f-910d-0545ec5d6f9e,2024-08-10,M2,2.0086
3314fc74-b648-438f-910d-0545ec5d6f9e,2024-08-08,M3,3.5158
3314fc74-b648-438f-910d-0545ec5d6f9e,2024-08-09,M3,3.143
3314fc74-b648-438f-910d-0545ec5d6f9e,2024-08-10,M3,2.8671
3314fc74-b648-438f-910d-0545ec5d6f9e,2024-08-08,M4,2.1337
3314fc74-b648-438f-910d-0545ec5d6f9e,2024-08-09,M4,1.9075
3314fc74-b648-438f-910d-0545ec5d6f9e,2024-08-10,M4,1.74
33168590-7c0c-4459-8be7-a010f0a739a2,2024-08-08,B1,1.1536
33168590-7c0c-4459-8be7-a010f0a739a2,2024-08-09,B1,0.9414
33168590-7c0c-4459-8be7-a010f0a739a2,2024-08-10,B1,0.7316
33168590-7c0c-4459-8be7-a010f0a739a2,2024-08-08,B2,2.3072
33168590-7c0c-4459-8be7-a010f0a739a2,2024-08-09,B2,1.8829
33168590-7c0c-4459-8be7-a010f0a739a2,2024-08-10,B2,1.4632
33168590-7c0c-4459-8be7-a010f0a739a2,2024-08-08,B3,4.6144
33168590-7c0c-4459-8be7-a010f0a739a2,2024-08-09,B3,3.7657
33168590-7c0c-4459-8be7-a010f0a739a2,2024-08-10,B3,2.9263
333df581-0d53-4970-93b3-207fecad6562,2024-08-08,B1,1.1536
333df581-0d53-4970-93b3-207fecad6562,2024-08-09,B1,0.9414
333df581-0d53-4970-93b3-207fecad6562,2024-08-10,B1,0.7316
333df581-0d53-4970-93b3-207fecad6562,2024-08-08,B2,5.1912
333df581-0d53-4970-93b3-207fecad6562,2024-08-09,B2,4.2365
333df581-0d53-4970-93b3-207fecad6562,2024-08-10,B2,3.2921
333df581-0d53-4970-93b3-207fecad6562,2024-08-08,B3,2.545
333df581-0d53-4970-93b3-207fecad6562,2024-08-09,B3,2.0769
333df581-0d53-4970-93b3-207fecad6562,2024-08-10,B3,1.614
33e30497-b026-48ad-93c4-a99edfd0e05b,2024-08-08,M3,1.8638
33e30497-b026-48ad-93c4-a99edfd0e05b,2024-08-09,M3,1.6662
33e30497-b026-48ad-93c4-a99edfd0e05b,2024-08-10,M3,1.5199
33e30497-b026-48ad-93c4-a99edfd0e05b,2024-08-08,M5,3.1654
33e30497-b026-48ad-93c4-a99edfd0e05b,2024-08-09,M5,2.8298
33e30497-b026-48ad-93c4-a99edfd0e05b,2024-08-10,M5,2.5814
342a1761-344c-4517-b4d1-d01ed7e43842,2024-08-08,M1,1.7667
342a1761-344c-4517-b4d1-d01ed7e43842,2024-08-09,M1,1.5794
342a1761-344c-4517-b4d1-d01ed7e43842,2024-08-10,M1,1.4408
342a1761-344c-4517-b4d1-d01ed7e43842,2024-08-08,M2,2.1468
342a1761-344c-4517-b4d1-d01ed7e43842,2024-08-09,M2,1.9192
342a1761-344c-4517-b4d1-d01ed7e43842,2024-08-10,M2,1.7507
342a1761-344c-4517-b4d1-d01ed7e43842,2024-08-08,M3,3.8622
342a1761-344c-4517-b4d1-d01ed7e43842,2024-08-09,M3,3.4528
342a1761-344c-4517-b4d1-d01ed7e43842,2024-08-10,M3,3.1497
342a1761-344c-4517-b4d1-d01ed7e43842,2024-08-08,M4,2.6608
342a1761-344c-4517-b4d1-d01ed7e43842,2024-08-09,M4,2.3787
342a1761-344c-4517-b4d1-d01ed7e43842,2024-08-10,M4,2.1699
342a1761-344c-4517-b4d1-d01ed7e43842,2024-08-08,M5,3.1654
342a1761-344c-4517-b4d1-d01ed7e43842,2024-08-09,M5,2.8298
342a1761-344c-4517-b4d1-d01ed7e43842,2024-08-10,M5,2.5814
3480010a-f3c2-421c-8ff0-5772e534a03b,2024-08-08,M1,1.7504
3480010a-f3c2-421c-8ff0-5772e534a03b,2024-08-09,M1,1.5648
3480010a-f3c2-421c-8ff0-5772e534a03b,2024-08-10,M1,1.4275
3480010a-f3c2-421c-8ff0-5772e534a03b,2024-08-08,M2,2.7151
3480010a-f3c2-421c-8ff0-5772e534a03b,2024-08-09,M2,2.4272
3480010a-f3c2-421c-8ff0-5772e534a03b,2024-08-10,M2,2.2142
3480010a-f3c2-421c-8ff0-5772e534a03b,2024-08-08,M3,3.4739
3480010a-f3c2-421c-8ff0-5772e534a03b,2024-08-09,M3,3.1056
3480010a-f3c2-421c-8ff0-5772e534a03b,2024-08-10,M3,2.833
3480010a-f3c2-421c-8ff0-5772e534a03b,2024-08-08,M4,1.8899
3480010a-f3c2-421c-8ff0-5772e534a03b,2024-08-09,M4,1.6895
3480010a-f3c2-421c-8ff0-5772e534a03b,2024-08-10,M4,1.5412
3480010a-f3c2-421c-8ff0-5772e534a03b,2024-08-08,M5,1.68
3480010a-f3c2-421c-8ff0-5772e534a03b,2024-08-09,M5,1.5019
3480010a-f3c2-421c-8ff0-5772e534a03b,2024-08-10,M5,1.37
34b005eb-673d-4ffe-9683-e4a1a8340e88,2024-08-08,B1,2.2293
34b005eb-673d-4ffe-9683-e4a1a8340e88,2024-08-09,B1,1.8193
34b005eb-673d-4ffe-9683-e4a1a8340e88,2024-08-10,B1,1.4138
34b005eb-673d-4ffe-9683-e4a1a8340e88,2024-08-08,B2,2.3072
34b005eb-673d-4ffe-9683-e4a1a8340e88,2024-08-09,B2,1.8829
34b005eb-673d-4ffe-9683-e4a1a8340e88,2024-08-10,B2,1.4632
34b005eb-673d-4ffe-9683-e4a1a8340e88,2024-08-08,B3,4.8648
34b005eb-673d-4ffe-9683-e4a1a8340e88,2024-08-09,B3,3.9701
34b005eb-673d-4ffe-9683-e4a1a8340e88,2024-08-10,B3,3.0851
34c8c32e-8eb8-45ed-8d25-2d8b842c2573,2024-08-08,B1,2.3072
34c8c32e-8eb8-45ed-8d25-2d8b842c2573,2024-08-09,B1,1.8829
34c8c32e-8eb8-45ed-8d25-2d8b842c2573,2024-08-10,B1,1.4632
34c8c32e-8eb8-45ed-8d25-2d8b842c2573,2024-08-08,B2,1.1536
34c8c32e-8eb8-45ed-8d25-2d8b842c2573,2024-08-09,B2,0.9414
34c8c32e-8eb8-45ed-8d25-2d8b842c2573,2024-08-10,B2,0.7316
34c8c32e-8eb8-45ed-8d25-2d8b842c2573,2024-08-08,B3,2.5237
34c8c32e-8eb8-45ed-8d25-2d8b842c2573,2024-08-09,B3,2.0595
34c8c32e-8eb8-45ed-8d25-2d8b842c2573,2024-08-10,B3,1.6004
3508e65d-b479-466b-8c5f-990022a1e688,2024-08-08,M2,3.693
3508e65d-b479-466b-8c5f-990022a1e688,2024-08-09,M2,3.3015
3508e65d-b479-466b-8c5f-990022a1e688,2024-08-10,M2,3.0117
3508e65d-b479-466b-8c5f-990022a1e688,2024-08-08,M3,3.7179
3508e65d-b479-466b-8c5f-990022a1e688,2024-08-09,M3,3.3238
3508e65d-b479-466b-8c5f-990022a1e688,2024-08-10,M3,3.032
353a13ab-3263-4f4f-9224-234c2e95df97,2024-08-08,B1,2.3072
353a13ab-3263-4f4f-9224-234c2e95df97,2024-08-09,B1,1.8829
353a13ab-3263-4f4f-9224-234c2e95df97,2024-08-10,B1,1.4632
353a13ab-3263-4f4f-9224-234c2e95df97,2024-08-08,B2,1.1536
353a13ab-3263-4f4f-9224-234c2e95df97,2024-08-09,B2,0.9414
353a13ab-3263-4f4f-9224-234c2e95df97,2024-08-10,B2,0.7316
353a13ab-3263-4f4f-9224-234c2e95df97,2024-08-08,B3,1.9817
353a13ab-3263-4f4f-9224-234c2e95df97,2024-08-09,B3,1.6173
353a13ab-3263-4f4f-9224-234c2e95df97,2024-08-10,B3,1.2568
359740b7-aff4-404f-8249-a6ceb48a9a09,2024-08-08,B1,2.0724
359740b7-aff4-404f-8249-a6ceb48a9a09,2024-08-09,B1,1.6913
359740b7-aff4-404f-8249-a6ceb48a9a09,2024-08-10,B1,1.3143
359740b7-aff4-404f-8249-a6ceb48a9a09,2024-08-08,B2,5.6738
359740b7-aff4-404f-8249-a6ceb48a9a09,2024-08-09,B2,4.6303
359740b7-aff4-404f-8249-a6ceb48a9a09,2024-08-10,B2,3.5982
359740b7-aff4-404f-8249-a6ceb48a9a09,2024-08-08,B3,11.3119
359740b7-aff4-404f-8249-a6ceb48a9a09,2024-08-09,B3,9.2315
359740b7-aff4-404f-8249-a6ceb48a9a09,2024-08-10,B3,7.1737
35a4de73-6d11-4f11-89b9-ca655e0e9b2a,2024-08-08,M1,7.386
35a4de73-6d11-4f11-89b9-ca655e0e9b2a,2024-08-09,M1,6.603
35a4de73-6d11-4f11-89b9-ca655e0e9b2a,2024-08-10,M1,6.0233
35a4de73-6d11-4f11-89b9-ca655e0e9b2a,2024-08-08,M2,3.2836
35a4de73-6d11-4f11-89b9-ca655e0e9b2a,2024-08-09,M2,2.9355
35a4de73-6d11-4f11-89b9-ca655e0e9b2a,2024-08-10,M2,2.6778
35a4de73-6d11-4f11-89b9-ca655e0e9b2a,2024-08-08,M3,2.7673
35a4de73-6d11-4f11-89b9-ca655e0e9b2a,2024-08-09,M3,2.4739
35a4de73-6d11-4f11-89b9-ca655e0e9b2a,2024-08-10,M3,2.2567
35a4de73-6d11-4f11-89b9-ca655e0e9b2a,2024-08-08,M4,2.3076
35a4de73-6d11-4f11-89b9-ca655e0e9b2a,2024-08-09,M4,2.0629
35a4de73-6d11-4f11-89b9-ca655e0e9b2a,2024-08-10,M4,1.8818
35a4de73-6d11-4f11-89b9-ca655e0e9b2a,2024-08-08,M5,1.7665
35a4de73-6d11-4f11-89b9-ca655e0e9b2a,2024-08-09,M5,1.5793
35a4de73-6d11-4f11-89b9-ca655e0e9b2a,2024-08-10,M5,1.4406
35bf03a3-62d1-4bee-b165-7d85877e85ba,2024-08-08,M1,2.1103
35bf03a3-62d1-4bee-b165-7d85877e85ba,2024-08-09,M1,1.8866
35bf03a3-62d1-4bee-b165-7d85877e85ba,2024-08-10,M1,1.7209
35bf03a3-62d1-4bee-b165-7d85877e85ba,2024-08-08,M2,3.4639
35bf03a3-62d1-4bee-b165-7d85877e85ba,2024-08-09,M2,3.0967
35bf03a3-62d1-4bee-b165-7d85877e85ba,2024-08-10,M2,2.8248
35bf03a3-62d1-4bee-b165-7d85877e85ba,2024-08-08,M3,4.6865
35bf03a3-62d1-4bee-b165-7d85877e85ba,2024-08-09,M3,4.1897
35bf03a3-62d1-4bee-b165-7d85877e85ba,2024-08-10,M3,3.8219
35bf03a3-62d1-4bee-b165-7d85877e85ba,2024-08-08,M4,2.6307
35bf03a3-62d1-4bee-b165-7d85877e85ba,2024-08-09,M4,2.3518
35bf03a3-62d1-4bee-b165-7d85877e85ba,2024-08-10,M4,2.1453
35bf03a3-62d1-4bee-b165-7d85877e85ba,2024-08-08,M5,1.0551
35bf03a3-62d1-4bee-b165-7d85877e85ba,2024-08-09,M5,0.9433
35bf03a3-62d1-4bee-b165-7d85877e85ba,2024-08-10,M5,0.8605
35e437bb-0725-4c8b-8822-0db55db0b9aa,2024-08-08,B1,1.96
35e437bb-0725-4c8b-8822-0db55db0b9aa,2024-08-09,B1,1.5995
35e437bb-0725-4c8b-8822-0db55db0b9aa,2024-08-10,B1,1.2429
35e437bb-0725-4c8b-8822-0db55db0b9aa,2024-08-08,B2,1.6687
35e437bb-0725-4c8b-8822-0db55db0b9aa,2024-08-09,B2,1.3618
35e437bb-0725-4c8b-8822-0db55db0b9aa,2024-08-10,B2,1.0583
35e437bb-0725-4c8b-8822-0db55db0b9aa,2024-08-08,B3,4.7911
35e437bb-0725-4c8b-8822-0db55db0b9aa,2024-08-09,B3,3.91
35e437bb-0725-4c8b-8822-0db55db0b9aa,2024-08-10,B3,3.0384
364e08e1-abef-468b-9ee2-9fc36c3adadc,2024-08-08,B1,2.0913
364e08e1-abef-468b-9ee2-9fc36c3adadc,2024-08-09,B1,1.7067
364e08e1-abef-468b-9ee2-9fc36c3adadc,2024-08-10,B1,1.3263
364e08e1-abef-468b-9ee2-9fc36c3adadc,2024-08-08,B2,2.0636
364e08e1-abef-468b-9ee2-9fc36c3adadc,2024-08-09,B2,1.6841
364e08e1-abef-468b-9ee2-9fc36c3adadc,2024-08-10,B2,1.3087
364e08e1-abef-468b-9ee2-9fc36c3adadc,2024-08-08,B3,5.4636
364e08e1-abef-468b-9ee2-9fc36c3adadc,2024-08-09,B3,4.4587
364e08e1-abef-468b-9ee2-9fc36c3adadc,2024-08-10,B3,3.4648
3693fb8a-2ece-4a81-9a3b-02912f54b9ea,2024-08-08,M2,2.6379
3693fb8a-2ece-4a81-9a3b-02912f54b9ea,2024-08-09,M2,2.3582
3693fb8a-2ece-4a81-9a3b-02912f54b9ea,2024-08-10,M2,2.1512
3693fb8a-2ece-4a81-9a3b-02912f54b9ea,2024-08-08,M3,2.1103
3693fb8a-2ece-4a81-9a3b-02912f54b9ea,2024-08-09,M3,1.8866
3693fb8a-2ece-4a81-9a3b-02912f54b9ea,2024-08-10,M3,1.7209
3693fb8a-2ece-4a81-9a3b-02912f54b9ea,2024-08-08,M5,1.0551
3693fb8a-2ece-4a81-9a3b-02912f54b9ea,2024-08-09,M5,0.9433
3693fb8a-2ece-4a81-9a3b-02912f54b9ea,2024-08-10,M5,0.8605
3848ca45-9625-473d-a483-b7078b15a8ff,2024-08-08,M1,1.0551
3848ca45-9625-473d-a483-b7078b15a8ff,2024-08-09,M1,0.9433
3848ca45-9625-473d-a483-b7078b15a8ff,2024-08-10,M1,0.8605
3848ca45-9625-473d-a483-b7078b15a8ff,2024-08-08,M2,1.7963
3848ca45-9625-473d-a483-b7078b15a8ff,2024-08-09,M2,1.6059
3848ca45-9625-473d-a483-b7078b15a8ff,2024-08-10,M2,1.4649
3848ca45-9625-473d-a483-b7078b15a8ff,2024-08-08,M3,2.566
3848ca45-9625-473d-a483-b7078b15a8ff,2024-08-09,M3,2.294
3848ca45-9625-473d-a483-b7078b15a8ff,2024-08-10,M3,2.0926
3848ca45-9625-473d-a483-b7078b15a8ff,2024-08-08,M4,2.1103
3848ca45-9625-473d-a483-b7078b15a8ff,2024-08-09,M4,1.8866
3848ca45-9625-473d-a483-b7078b15a8ff,2024-08-10,M4,1.7209
3848ca45-9625-473d-a483-b7078b15a8ff,2024-08-08,M5,1.0551
3848ca45-9625-473d-a483-b7078b15a8ff,2024-08-09,M5,0.9433
3848ca45-9625-473d-a483-b7078b15a8ff,2024-08-10,M5,0.8605
38fd5f5f-038f-47bb-9288-6733e9dd13a2,2024-08-08,B1,1.8233
38fd5f5f-038f-47bb-9288-6733e9dd13a2,2024-08-09,B1,1.4879
38fd5f5f-038f-47bb-9288-6733e9dd13a2,2024-08-10,B1,1.1563
38fd5f5f-038f-47bb-9288-6733e9dd13a2,2024-08-08,B3,2.1707
38fd5f5f-038f-47bb-9288-6733e9dd13a2,2024-08-09,B3,1.7715
38fd5f5f-038f-47bb-9288-6733e9dd13a2,2024-08-10,B3,1.3766
399208ee-38a3-4b1c-b94f-47347d3a4192,2024-08-08,B1,4.6144
399208ee-38a3-4b1c-b94f-47347d3a4192,2024-08-09,B1,3.7657
399208ee-38a3-4b1c-b94f-47347d3a4192,2024-08-10,B1,2.9263
399208ee-38a3-4b1c-b94f-47347d3a4192,2024-08-08,B2,5.768
399208ee-38a3-4b1c-b94f-47347d3a4192,2024-08-09,B2,4.7072
399208ee-38a3-4b1c-b94f-47347d3a4192,2024-08-10,B2,3.6579
399208ee-38a3-4b1c-b94f-47347d3a4192,2024-08-08,B3,2.5811
399208ee-38a3-4b1c-b94f-47347d3a4192,2024-08-09,B3,2.1064
399208ee-38a3-4b1c-b94f-47347d3a4192,2024-08-10,B3,1.6369
39e22a4e-9e12-4ffa-b783-856379d30d37,2024-08-08,B3,2.6497
39e22a4e-9e12-4ffa-b783-856379d30d37,2024-08-09,B3,2.1623
39e22a4e-9e12-4ffa-b783-856379d30d37,2024-08-10,B3,1.6803
3a416240-de1b-43f6-b749-d59684b21c82,2024-08-08,B1,2.3072
3a416240-de1b-43f6-b749-d59684b21c82,2024-08-09,B1,1.8829
3a416240-de1b-43f6-b749-d59684b21c82,2024-08-10,B1,1.4632
3a416240-de1b-43f6-b749-d59684b21c82,2024-08-08,B2,1.8965
3a416240-de1b-43f6-b749-d59684b21c82,2024-08-09,B2,1.5477
3a416240-de1b-43f6-b749-d59684b21c82,2024-08-10,B2,1.2027
3a416240-de1b-43f6-b749-d59684b21c82,2024-08-08,B3,3.2104
3a416240-de1b-43f6-b749-d59684b21c82,2024-08-09,B3,2.6199
3a416240-de1b-43f6-b749-d59684b21c82,2024-08-10,B3,2.0359
3a8597d0-d79d-4e56-9723-07483911f5f8,2024-08-08,B2,1.1536
3a8597d0-d79d-4e56-9723-07483911f5f8,2024-08-09,B2,0.9414
3a8597d0-d79d-4e56-9723-07483911f5f8,2024-08-10,B2,0.7316
3a8597d0-d79d-4e56-9723-07483911f5f8,2024-08-08,B3,1.7873
3a8597d0-d79d-4e56-9723-07483911f5f8,2024-08-09,B3,1.4586
3a8597d0-d79d-4e56-9723-07483911f5f8,2024-08-10,B3,1.1335
3a8baf59-758e-4218-b533-b0f3acb3969b,2024-08-08,M1,1.7566
3a8baf59-758e-4218-b533-b0f3acb3969b,2024-08-09,M1,1.5704
3a8baf59-758e-4218-b533-b0f3acb3969b,2024-08-10,M1,1.4325
3a8baf59-758e-4218-b533-b0f3acb3969b,2024-08-08,M2,3.6566
3a8baf59-758e-4218-b533-b0f3acb3969b,2024-08-09,M2,3.2689
3a8baf59-758e-4218-b533-b0f3acb3969b,2024-08-10,M2,2.9819
3a8baf59-758e-4218-b533-b0f3acb3969b,2024-08-08,M3,5.6073
3a8baf59-758e-4218-b533-b0f3acb3969b,2024-08-09,M3,5.0129
3a8baf59-758e-4218-b533-b0f3acb3969b,2024-08-10,M3,4.5728
3a8baf59-758e-4218-b533-b0f3acb3969b,2024-08-08,M4,4.9726
3a8baf59-758e-4218-b533-b0f3acb3969b,2024-08-09,M4,4.4454
3a8baf59-758e-4218-b533-b0f3acb3969b,2024-08-10,M4,4.0552
3a8baf59-758e-4218-b533-b0f3acb3969b,2024-08-08,M5,2.0254
3a8baf59-758e-4218-b533-b0f3acb3969b,2024-08-09,M5,1.8107
3a8baf59-758e-4218-b533-b0f3acb3969b,2024-08-10,M5,1.6517
3ac7175d-2d13-408a-920b-193befa7f81f,2024-08-08,M1,1.0551
3ac7175d-2d13-408a-920b-193befa7f81f,2024-08-09,M1,0.9433
3ac7175d-2d13-408a-920b-193befa7f81f,2024-08-10,M1,0.8605
3ac7175d-2d13-408a-920b-193befa7f81f,2024-08-08,M2,2.1103
3ac7175d-2d13-408a-920b-193befa7f81f,2024-08-09,M2,1.8866
3ac7175d-2d13-408a-920b-193befa7f81f,2024-08-10,M2,1.7209
3ac7175d-2d13-408a-920b-193befa7f81f,2024-08-08,M3,2.4808
3ac7175d-2d13-408a-920b-193befa7f81f,2024-08-09,M3,2.2178
3ac7175d-2d13-408a-920b-193befa7f81f,2024-08-10,M3,2.0231
3ac7175d-2d13-408a-920b-193befa7f81f,2024-08-08,M4,2.6819
3ac7175d-2d13-408a-920b-193befa7f81f,2024-08-09,M4,2.3976
3ac7175d-2d13-408a-920b-193befa7f81f,2024-08-10,M4,2.1871
3ac7175d-2d13-408a-920b-193befa7f81f,2024-08-08,M5,1.0551
3ac7175d-2d13-408a-920b-193befa7f81f,2024-08-09,M5,0.9433
3ac7175d-2d13-408a-920b-193befa7f81f,2024-08-10,M5,0.8605
3b530152-fa4c-4483-9754-41b794c15ffc,2024-08-08,B1,2.7236
3b530152-fa4c-4483-9754-41b794c15ffc,2024-08-09,B1,2.2227
3b530152-fa4c-4483-9754-41b794c15ffc,2024-08-10,B1,1.7272
3b530152-fa4c-4483-9754-41b794c15ffc,2024-08-08,B2,3.4778
3b530152-fa4c-4483-9754-41b794c15ffc,2024-08-09,B2,2.8382
3b530152-fa4c-4483-9754-41b794c15ffc,2024-08-10,B2,2.2055
3b530152-fa4c-4483-9754-41b794c15ffc,2024-08-08,B3,23.4805
3b530152-fa4c-4483-9754-41b794c15ffc,2024-08-09,B3,19.1621
3b530152-fa4c-4483-9754-41b794c15ffc,2024-08-10,B3,14.8907
3c0923d0-cbc2-4b4f-9a26-79d5f7b7b2f3,2024-08-08,B1,3.1724
3c0923d0-cbc2-4b4f-9a26-79d5f7b7b2f3,2024-08-09,B1,2.5889
3c0923d0-cbc2-4b4f-9a26-79d5f7b7b2f3,2024-08-10,B1,2.0118
3c0923d0-cbc2-4b4f-9a26-79d5f7b7b2f3,2024-08-08,B2,1.8175
3c0923d0-cbc2-4b4f-9a26-79d5f7b7b2f3,2024-08-09,B2,1.4832
3c0923d0-cbc2-4b4f-9a26-79d5f7b7b2f3,2024-08-10,B2,1.1526
3c0923d0-cbc2-4b4f-9a26-79d5f7b7b2f3,2024-08-08,B3,7.5424
3c0923d0-cbc2-4b4f-9a26-79d5f7b7b2f3,2024-08-09,B3,6.1553
3c0923d0-cbc2-4b4f-9a26-79d5f7b7b2f3,2024-08-10,B3,4.7832
3cf27fbe-bece-4f34-a077-91d91b0590d8,2024-08-08,B1,3.0336
3cf27fbe-bece-4f34-a077-91d91b0590d8,2024-08-09,B1,2.4757
3cf27fbe-bece-4f34-a077-91d91b0590d8,2024-08-10,B1,1.9238
3cf27fbe-bece-4f34-a077-91d91b0590d8,2024-08-08,B2,2.7716
3cf27fbe-bece-4f34-a077-91d91b0590d8,2024-08-09,B2,2.2619
3cf27fbe-bece-4f34-a077-91d91b0590d8,2024-08-10,B2,1.7577
3cf27fbe-bece-4f34-a077-91d91b0590d8,2024-08-08,B3,9.0408
3cf27fbe-bece-4f34-a077-91d91b0590d8,2024-08-09,B3,7.3781
3cf27fbe-bece-4f34-a077-91d91b0590d8,2024-08-10,B3,5.7334
3d5f95b2-8f1d-46e9-9803-7d313188f1f8,2024-08-08,B1,1.8029
3d5f95b2-8f1d-46e9-9803-7d313188f1f8,2024-08-09,B1,1.4713
3d5f95b2-8f1d-46e9-9803-7d313188f1f8,2024-08-10,B1,1.1433
3d5f95b2-8f1d-46e9-9803-7d313188f1f8,2024-08-08,B2,4.6144
3d5f95b2-8f1d-46e9-9803-7d313188f1f8,2024-08-09,B2,3.7657
3d5f95b2-8f1d-46e9-9803-7d313188f1f8,2024-08-10,B2,2.9263
3d5f95b2-8f1d-46e9-9803-7d313188f1f8,2024-08-08,B3,7.6251
3d5f95b2-8f1d-46e9-9803-7d313188f1f8,2024-08-09,B3,6.2227
3d5f95b2-8f1d-46e9-9803-7d313188f1f8,2024-08-10,B3,4.8356
3ea3f820-24fb-4584-a849-b6511c0088e4,2024-08-08,B1,2.1128
3ea3f820-24fb-4584-a849-b6511c0088e4,2024-08-09,B1,1.7243
3ea3f820-24fb-4584-a849-b6511c0088e4,2024-08-10,B1,1.3399
3ea3f820-24fb-4584-a849-b6511c0088e4,2024-08-08,B2,8.0752
3ea3f820-24fb-4584-a849-b6511c0088e4,2024-08-09,B2,6.59
3ea3f820-24fb-4584-a849-b6511c0088e4,2024-08-10,B2,5.1211
3ea3f820-24fb-4584-a849-b6511c0088e4,2024-08-08,B3,2.2319
3ea3f820-24fb-4584-a849-b6511c0088e4,2024-08-09,B3,1.8214
3ea3f820-24fb-4584-a849-b6511c0088e4,2024-08-10,B3,1.4154
3ebb7cd0-1ea7-47c6-9a0d-33088f164546,2024-08-08,B1,2.3103
3ebb7cd0-1ea7-47c6-9a0d-33088f164546,2024-08-09,B1,1.8854
3ebb7cd0-1ea7-47c6-9a0d-33088f164546,2024-08-10,B1,1.4651
3ebb7cd0-1ea7-47c6-9a0d-33088f164546,2024-08-08,B2,1.9193
3ebb7cd0-1ea7-47c6-9a0d-33088f164546,2024-08-09,B2,1.5663
3ebb7cd0-1ea7-47c6-9a0d-33088f164546,2024-08-10,B2,1.2172
3ebb7cd0-1ea7-47c6-9a0d-33088f164546,2024-08-08,B3,8.138
3ebb7cd0-1ea7-47c6-9a0d-33088f164546,2024-08-09,B3,6.6413
3ebb7cd0-1ea7-47c6-9a0d-33088f164546,2024-08-10,B3,5.1609
3ec707d9-2bdb-4d5d-9e24-5b5c2066d2b5,2024-08-08,B1,2.2293
3ec707d9-2bdb-4d5d-9e24-5b5c2066d2b5,2024-08-09,B1,1.8193
3ec707d9-2bdb-4d5d-9e24-5b5c2066d2b5,2024-08-10,B1,1.4138
3ec707d9-2bdb-4d5d-9e24-5b5c2066d2b5,2024-08-08,B3,3.2329
3ec707d9-2bdb-4d5d-9e24-5b5c2066d2b5,2024-08-09,B3,2.6383
3ec707d9-2bdb-4d5d-9e24-5b5c2066d2b5,2024-08-10,B3,2.0502
3eea6b20-492f-4f06-9740-3d142d3ef706,2024-08-08,M1,3.9181
3eea6b20-492f-4f06-9740-3d142d3ef706,2024-08-09,M1,3.5027
3eea6b20-492f-4f06-9740-3d142d3ef706,2024-08-10,M1,3.1952
3eea6b20-492f-4f06-9740-3d142d3ef706,2024-08-08,M2,9.0954
3eea6b20-492f-4f06-9740-3d142d3ef706,2024-08-09,M2,8.1311
3eea6b20-492f-4f06-9740-3d142d3ef706,2024-08-10,M2,7.4173
3eea6b20-492f-4f06-9740-3d142d3ef706,2024-08-08,M3,11.8955
3eea6b20-492f-4f06-9740-3d142d3ef706,2024-08-09,M3,10.6344
3eea6b20-492f-4f06-9740-3d142d3ef706,2024-08-10,M3,9.7008
3eea6b20-492f-4f06-9740-3d142d3ef706,2024-08-08,M4,4.6963
3eea6b20-492f-4f06-9740-3d142d3ef706,2024-08-09,M4,4.1984
3eea6b20-492f-4f06-9740-3d142d3ef706,2024-08-10,M4,3.8299
3eea6b20-492f-4f06-9740-3d142d3ef706,2024-08-08,M5,4.1837
3eea6b20-492f-4f06-9740-3d142d3ef706,2024-08-09,M5,3.7401
3eea6b20-492f-4f06-9740-3d142d3ef706,2024-08-10,M5,3.4118
3f043d57-a555-417d-bd02-0e305c6bef1f,2024-08-08,M2,1.8299
3f043d57-a555-417d-bd02-0e305c6bef1f,2024-08-09,M2,1.6359
3f043d57-a555-417d-bd02-0e305c6bef1f,2024-08-10,M2,1.4923
3f043d57-a555-417d-bd02-0e305c6bef1f,2024-08-08,M3,3.132
3f043d57-a555-417d-bd02-0e305c6bef1f,2024-08-09,M3,2.8
3f043d57-a555-417d-bd02-0e305c6bef1f,2024-08-10,M3,2.5542
3f043d57-a555-417d-bd02-0e305c6bef1f,2024-08-08,M4,1.0551
3f043d57-a555-417d-bd02-0e305c6bef1f,2024-08-09,M4,0.9433
3f043d57-a555-417d-bd02-0e305c6bef1f,2024-08-10,M4,0.8605
3f19d169-4161-4350-91ae-3d024ef88c05,2024-08-08,B3,8.0246
3f19d169-4161-4350-91ae-3d024ef88c05,2024-08-09,B3,6.5488
3f19d169-4161-4350-91ae-3d024ef88c05,2024-08-10,B3,5.089
3f22a56e-3b97-45a5-9a91-0d1c99029035,2024-08-08,B1,1.9365
3f22a56e-3b97-45a5-9a91-0d1c99029035,2024-08-09,B1,1.5804
3f22a56e-3b97-45a5-9a91-0d1c99029035,2024-08-10,B1,1.2281
3f22a56e-3b97-45a5-9a91-0d1c99029035,2024-08-08,B2,1.9755
3f22a56e-3b97-45a5-9a91-0d1c99029035,2024-08-09,B2,1.6122
3f22a56e-3b97-45a5-9a91-0d1c99029035,2024-08-10,B2,1.2528
3f22a56e-3b97-45a5-9a91-0d1c99029035,2024-08-08,B3,6.8153
3f22a56e-3b97-45a5-9a91-0d1c99029035,2024-08-09,B3,5.5618
3f22a56e-3b97-45a5-9a91-0d1c99029035,2024-08-10,B3,4.3221
3fc73dc9-eedd-4a32-b33e-13eba282b3b8,2024-08-08,M1,1.0551
3fc73dc9-eedd-4a32-b33e-13eba282b3b8,2024-08-09,M1,0.9433
3fc73dc9-eedd-4a32-b33e-13eba282b3b8,2024-08-10,M1,0.8605
3fc73dc9-eedd-4a32-b33e-13eba282b3b8,2024-08-08,M2,1.6911
3fc73dc9-eedd-4a32-b33e-13eba282b3b8,2024-08-09,M2,1.5119
3fc73dc9-eedd-4a32-b33e-13eba282b3b8,2024-08-10,M2,1.3791
3fc73dc9-eedd-4a32-b33e-13eba282b3b8,2024-08-08,M3,2.2885
3fc73dc9-eedd-4a32-b33e-13eba282b3b8,2024-08-09,M3,2.0459
3fc73dc9-eedd-4a32-b33e-13eba282b3b8,2024-08-10,M3,1.8663
3fc73dc9-eedd-4a32-b33e-13eba282b3b8,2024-08-08,M4,2.6379
3fc73dc9-eedd-4a32-b33e-13eba282b3b8,2024-08-09,M4,2.3582
3fc73dc9-eedd-4a32-b33e-13eba282b3b8,2024-08-10,M4,2.1512
3fc73dc9-eedd-4a32-b33e-13eba282b3b8,2024-08-08,M5,1.5827
3fc73dc9-eedd-4a32-b33e-13eba282b3b8,2024-08-09,M5,1.4149
3fc73dc9-eedd-4a32-b33e-13eba282b3b8,2024-08-10,M5,1.2907
3ffa9e2d-689e-4612-95e9-1500300d6ac7,2024-08-08,B1,1.9101
3ffa9e2d-689e-4612-95e9-1500300d6ac7,2024-08-09,B1,1.5588
3ffa9e2d-689e-4612-95e9-1500300d6ac7,2024-08-10,B1,1.2114
3ffa9e2d-689e-4612-95e9-1500300d6ac7,2024-08-08,B2,4.6144
3ffa9e2d-689e-4612-95e9-1500300d6ac7,2024-08-09,B2,3.7657
3ffa9e2d-689e-4612-95e9-1500300d6ac7,2024-08-10,B2,2.9263
3ffa9e2d-689e-4612-95e9-1500300d6ac7,2024-08-08,B3,4.8184
3ffa9e2d-689e-4612-95e9-1500300d6ac7,2024-08-09,B3,3.9323
3ffa9e2d-689e-4612-95e9-1500300d6ac7,2024-08-10,B3,3.0557
4007d0d1-714c-4c9d-8384-f45e8086048e,2024-08-08,B1,2.3072
4007d0d1-714c-4c9d-8384-f45e8086048e,2024-08-09,B1,1.8829
4007d0d1-714c-4c9d-8384-f45e8086048e,2024-08-10,B1,1.4632
4007d0d1-714c-4c9d-8384-f45e8086048e,2024-08-08,B2,1.1536
4007d0d1-714c-4c9d-8384-f45e8086048e,2024-08-09,B2,0.9414
4007d0d1-714c-4c9d-8384-f45e8086048e,2024-08-10,B2,0.7316
4007d0d1-714c-4c9d-8384-f45e8086048e,2024-08-08,B3,2.1463
4007d0d1-714c-4c9d-8384-f45e8086048e,2024-08-09,B3,1.7516
4007d0d1-714c-4c9d-8384-f45e8086048e,2024-08-10,B3,1.3611
40ab8436-ceb3-4275-b738-c244ca20d504,2024-08-08,B3,5.1912
40ab8436-ceb3-4275-b738-c244ca20d504,2024-08-09,B3,4.2365
40ab8436-ceb3-4275-b738-c244ca20d504,2024-08-10,B3,3.2921
40ac868b-2ba6-433c-93fb-d152410c2352,2024-08-08,M2,1.5827
40ac868b-2ba6-433c-93fb-d152410c2352,2024-08-09,M2,1.4149
40ac868b-2ba6-433c-93fb-d152410c2352,2024-08-10,M2,1.2907
40ac868b-2ba6-433c-93fb-d152410c2352,2024-08-08,M3,1.9564
40ac868b-2ba6-433c-93fb-d152410c2352,2024-08-09,M3,1.749
40ac868b-2ba6-433c-93fb-d152410c2352,2024-08-10,M3,1.5955
4101c465-a6ea-469a-bf14-d89563f1932c,2024-08-08,B1,2.1955
4101c465-a6ea-469a-bf14-d89563f1932c,2024-08-09,B1,1.7917
4101c465-a6ea-469a-bf14-d89563f1932c,2024-08-10,B1,1.3923
4101c465-a6ea-469a-bf14-d89563f1932c,2024-08-08,B2,2.3072
4101c465-a6ea-469a-bf14-d89563f1932c,2024-08-09,B2,1.8829
4101c465-a6ea-469a-bf14-d89563f1932c,2024-08-10,B2,1.4632
4101c465-a6ea-469a-bf14-d89563f1932c,2024-08-08,B3,2.6863
4101c465-a6ea-469a-bf14-d89563f1932c,2024-08-09,B3,2.1922
4101c465-a6ea-469a-bf14-d89563f1932c,2024-08-10,B3,1.7036
41774a7d-3dc4-434a-a092-417dc94ea791,2024-08-08,B1,4.6144
41774a7d-3dc4-434a-a092-417dc94ea791,2024-08-09,B1,3.7657
41774a7d-3dc4-434a-a092-417dc94ea791,2024-08-10,B1,2.9263
41774a7d-3dc4-434a-a092-417dc94ea791,2024-08-08,B2,1.7304
41774a7d-3dc4-434a-a092-417dc94ea791,2024-08-09,B2,1.4122
41774a7d-3dc4-434a-a092-417dc94ea791,2024-08-10,B2,1.0974
41774a7d-3dc4-434a-a092-417dc94ea791,2024-08-08,B3,5.8969
41774a7d-3dc4-434a-a092-417dc94ea791,2024-08-09,B3,4.8124
41774a7d-3dc4-434a-a092-417dc94ea791,2024-08-10,B3,3.7397
41c2aa24-117c-49d4-a812-048c2d1a87d5,2024-08-08,B1,2.205
41c2aa24-117c-49d4-a812-048c2d1a87d5,2024-08-09,B1,1.7995
41c2aa24-117c-49d4-a812-048c2d1a87d5,2024-08-10,B1,1.3983
41c2aa24-117c-49d4-a812-048c2d1a87d5,2024-08-08,B2,1.784
41c2aa24-117c-49d4-a812-048c2d1a87d5,2024-08-09,B2,1.4559
41c2aa24-117c-49d4-a812-048c2d1a87d5,2024-08-10,B2,1.1313
41c2aa24-117c-49d4-a812-048c2d1a87d5,2024-08-08,B3,3.2958
41c2aa24-117c-49d4-a812-048c2d1a87d5,2024-08-09,B3,2.6896
41c2aa24-117c-49d4-a812-048c2d1a87d5,2024-08-10,B3,2.0901
41d05283-1790-47a9-8ec9-0758186e8517,2024-08-08,B3,268.4837
41d05283-1790-47a9-8ec9-0758186e8517,2024-08-09,B3,219.1055
41d05283-1790-47a9-8ec9-0758186e8517,2024-08-10,B3,170.2647
41e9fe1f-598b-4edc-91e1-27b1020894d0,2024-08-08,M3,1.0551
41e9fe1f-598b-4edc-91e1-27b1020894d0,2024-08-09,M3,0.9433
41e9fe1f-598b-4edc-91e1-27b1020894d0,2024-08-10,M3,0.8605
429439f8-9050-475f-b8a6-8e502391e165,2024-08-08,B1,3.7362
429439f8-9050-475f-b8a6-8e502391e165,2024-08-09,B1,3.049
429439f8-9050-475f-b8a6-8e502391e165,2024-08-10,B1,2.3694
429439f8-9050-475f-b8a6-8e502391e165,2024-08-08,B2,5.5048
429439f8-9050-475f-b8a6-8e502391e165,2024-08-09,B2,4.4923
429439f8-9050-475f-b8a6-8e502391e165,2024-08-10,B2,3.491
429439f8-9050-475f-b8a6-8e502391e165,2024-08-08,B3,9.6631
429439f8-9050-475f-b8a6-8e502391e165,2024-08-09,B3,7.8859
429439f8-9050-475f-b8a6-8e502391e165,2024-08-10,B3,6.128
42bc9ee6-7301-454d-8f5e-4df7e24a643f,2024-08-08,M1,1.0551
42bc9ee6-7301-454d-8f5e-4df7e24a643f,2024-08-09,M1,0.9433
42bc9ee6-7301-454d-8f5e-4df7e24a643f,2024-08-10,M1,0.8605
42bc9ee6-7301-454d-8f5e-4df7e24a643f,2024-08-08,M2,1.8331
42bc9ee6-7301-454d-8f5e-4df7e24a643f,2024-08-09,M2,1.6388
42bc9ee6-7301-454d-8f5e-4df7e24a643f,2024-08-10,M2,1.4949
42bc9ee6-7301-454d-8f5e-4df7e24a643f,2024-08-08,M3,2.4113
42bc9ee6-7301-454d-8f5e-4df7e24a643f,2024-08-09,M3,2.1557
42bc9ee6-7301-454d-8f5e-4df7e24a643f,2024-08-10,M3,1.9665
42bc9ee6-7301-454d-8f5e-4df7e24a643f,2024-08-08,M4,1.9036
42bc9ee6-7301-454d-8f5e-4df7e24a643f,2024-08-09,M4,1.7018
42bc9ee6-7301-454d-8f5e-4df7e24a643f,2024-08-10,M4,1.5524
42e7ba4f-6ede-4214-a69f-8bd86c67a44c,2024-08-08,M1,2.1103
42e7ba4f-6ede-4214-a69f-8bd86c67a44c,2024-08-09,M1,1.8866
42e7ba4f-6ede-4214-a69f-8bd86c67a44c,2024-08-10,M1,1.7209
42e7ba4f-6ede-4214-a69f-8bd86c67a44c,2024-08-08,M2,1.7934
42e7ba4f-6ede-4214-a69f-8bd86c67a44c,2024-08-09,M2,1.6033
42e7ba4f-6ede-4214-a69f-8bd86c67a44c,2024-08-10,M2,1.4626
42e7ba4f-6ede-4214-a69f-8bd86c67a44c,2024-08-08,M3,2.3944
42e7ba4f-6ede-4214-a69f-8bd86c67a44c,2024-08-09,M3,2.1406
42e7ba4f-6ede-4214-a69f-8bd86c67a44c,2024-08-10,M3,1.9527
42e7ba4f-6ede-4214-a69f-8bd86c67a44c,2024-08-08,M5,1.9183
42e7ba4f-6ede-4214-a69f-8bd86c67a44c,2024-08-09,M5,1.7149
42e7ba4f-6ede-4214-a69f-8bd86c67a44c,2024-08-10,M5,1.5644
42f43169-dabb-4854-9d5c-1d26033421f4,2024-08-08,B1,2.3072
42f43169-dabb-4854-9d5c-1d26033421f4,2024-08-09,B1,1.8829
42f43169-dabb-4854-9d5c-1d26033421f4,2024-08-10,B1,1.4632
42f43169-dabb-4854-9d5c-1d26033421f4,2024-08-08,B2,2.3072
42f43169-dabb-4854-9d5c-1d26033421f4,2024-08-09,B2,1.8829
42f43169-dabb-4854-9d5c-1d26033421f4,2024-08-10,B2,1.4632
42f43169-dabb-4854-9d5c-1d26033421f4,2024-08-08,B3,2.0784
42f43169-dabb-4854-9d5c-1d26033421f4,2024-08-09,B3,1.6962
42f43169-dabb-4854-9d5c-1d26033421f4,2024-08-10,B3,1.3181
4337b796-3fb2-4923-8fc1-8d517d47b72b,2024-08-08,B1,5.768
4337b796-3fb2-4923-8fc1-8d517d47b72b,2024-08-09,B1,4.7072
4337b796-3fb2-4923-8fc1-8d517d47b72b,2024-08-10,B1,3.6579
4337b796-3fb2-4923-8fc1-8d517d47b72b,2024-08-08,B2,4.6144
4337b796-3fb2-4923-8fc1-8d517d47b72b,2024-08-09,B2,3.7657
4337b796-3fb2-4923-8fc1-8d517d47b72b,2024-08-10,B2,2.9263
4337b796-3fb2-4923-8fc1-8d517d47b72b,2024-08-08,B3,2.05
4337b796-3fb2-4923-8fc1-8d517d47b72b,2024-08-09,B3,1.673
4337b796-3fb2-4923-8fc1-8d517d47b72b,2024-08-10,B3,1.3
43ace24f-f1d5-4f9b-b99f-55ebedcb5bb7,2024-08-08,B1,10.3991
43ace24f-f1d5-4f9b-b99f-55ebedcb5bb7,2024-08-09,B1,8.4865
43ace24f-f1d5-4f9b-b99f-55ebedcb5bb7,2024-08-10,B1,6.5948
43ace24f-f1d5-4f9b-b99f-55ebedcb5bb7,2024-08-08,B2,5.9044
43ace24f-f1d5-4f9b-b99f-55ebedcb5bb7,2024-08-09,B2,4.8185
43ace24f-f1d5-4f9b-b99f-55ebedcb5bb7,2024-08-10,B2,3.7444
43ace24f-f1d5-4f9b-b99f-55ebedcb5bb7,2024-08-08,B3,43.7877
43ace24f-f1d5-4f9b-b99f-55ebedcb5bb7,2024-08-09,B3,35.7345
43ace24f-f1d5-4f9b-b99f-55ebedcb5bb7,2024-08-10,B3,27.7689
43b94f57-2262-4c59-8d18-15a47af148e2,2024-08-08,B1,1.7304
43b94f57-2262-4c59-8d18-15a47af148e2,2024-08-09,B1,1.4122
43b94f57-2262-4c59-8d18-15a47af148e2,2024-08-10,B1,1.0974
43b94f57-2262-4c59-8d18-15a47af148e2,2024-08-08,B2,2.7062
43b94f57-2262-4c59-8d18-15a47af148e2,2024-08-09,B2,2.2085
43b94f57-2262-4c59-8d18-15a47af148e2,2024-08-10,B2,1.7162
43b94f57-2262-4c59-8d18-15a47af148e2,2024-08-08,B3,5.1694
43b94f57-2262-4c59-8d18-15a47af148e2,2024-08-09,B3,4.2187
43b94f57-2262-4c59-8d18-15a47af148e2,2024-08-10,B3,3.2783
449a2db0-8cc6-4f58-935f-1dbe6046a779,2024-08-08,B1,7.8811
449a2db0-8cc6-4f58-935f-1dbe6046a779,2024-08-09,B1,6.4316
449a2db0-8cc6-4f58-935f-1dbe6046a779,2024-08-10,B1,4.998
449a2db0-8cc6-4f58-935f-1dbe6046a779,2024-08-08,B2,6.6689
449a2db0-8cc6-4f58-935f-1dbe6046a779,2024-08-09,B2,5.4424
449a2db0-8cc6-4f58-935f-1dbe6046a779,2024-08-10,B2,4.2292
449a2db0-8cc6-4f58-935f-1dbe6046a779,2024-08-08,B3,8.9688
449a2db0-8cc6-4f58-935f-1dbe6046a779,2024-08-09,B3,7.3193
449a2db0-8cc6-4f58-935f-1dbe6046a779,2024-08-10,B3,5.6877
44c8dacb-812f-4c0b-bf05-7dd3fac780ee,2024-08-08,B1,2.5188
44c8dacb-812f-4c0b-bf05-7dd3fac780ee,2024-08-09,B1,2.0555
44c8dacb-812f-4c0b-bf05-7dd3fac780ee,2024-08-10,B1,1.5973
44c8dacb-812f-4c0b-bf05-7dd3fac780ee,2024-08-08,B2,2.3412
44c8dacb-812f-4c0b-bf05-7dd3fac780ee,2024-08-09,B2,1.9106
44c8dacb-812f-4c0b-bf05-7dd3fac780ee,2024-08-10,B2,1.4847
44c8dacb-812f-4c0b-bf05-7dd3fac780ee,2024-08-08,B3,4.3158
44c8dacb-812f-4c0b-bf05-7dd3fac780ee,2024-08-09,B3,3.522
44c8dacb-812f-4c0b-bf05-7dd3fac780ee,2024-08-10,B3,2.7369
44e7d747-3ce7-480f-9196-e4477e65be6c,2024-08-08,B1,5.043
44e7d747-3ce7-480f-9196-e4477e65be6c,2024-08-09,B1,4.1155
44e7d747-3ce7-480f-9196-e4477e65be6c,2024-08-10,B1,3.1981
44e7d747-3ce7-480f-9196-e4477e65be6c,2024-08-08,B2,1.9431
44e7d747-3ce7-480f-9196-e4477e65be6c,2024-08-09,B2,1.5858
44e7d747-3ce7-480f-9196-e4477e65be6c,2024-08-10,B2,1.2323
44e7d747-3ce7-480f-9196-e4477e65be6c,2024-08-08,B3,8.401
44e7d747-3ce7-480f-9196-e4477e65be6c,2024-08-09,B3,6.856
44e7d747-3ce7-480f-9196-e4477e65be6c,2024-08-10,B3,5.3277
44f03ca2-46f1-441e-b108-f4c6d5b82a52,2024-08-08,B1,2.395
44f03ca2-46f1-441e-b108-f4c6d5b82a52,2024-08-09,B1,1.9545
44f03ca2-46f1-441e-b108-f4c6d5b82a52,2024-08-10,B1,1.5188
44f03ca2-46f1-441e-b108-f4c6d5b82a52,2024-08-08,B2,2.8556
44f03ca2-46f1-441e-b108-f4c6d5b82a52,2024-08-09,B2,2.3304
44f03ca2-46f1-441e-b108-f4c6d5b82a52,2024-08-10,B2,1.811
44f03ca2-46f1-441e-b108-f4c6d5b82a52,2024-08-08,B3,5.0901
44f03ca2-46f1-441e-b108-f4c6d5b82a52,2024-08-09,B3,4.1539
44f03ca2-46f1-441e-b108-f4c6d5b82a52,2024-08-10,B3,3.228
45a21fd6-4c28-4273-a394-49ab1359a969,2024-08-08,M1,1.0551
45a21fd6-4c28-4273-a394-49ab1359a969,2024-08-09,M1,0.9433
45a21fd6-4c28-4273-a394-49ab1359a969,2024-08-10,M1,0.8605
45a21fd6-4c28-4273-a394-49ab1359a969,2024-08-08,M2,2.1103
45a21fd6-4c28-4273-a394-49ab1359a969,2024-08-09,M2,1.8866
45a21fd6-4c28-4273-a394-49ab1359a969,2024-08-10,M2,1.7209
45a21fd6-4c28-4273-a394-49ab1359a969,2024-08-08,M3,1.6402
45a21fd6-4c28-4273-a394-49ab1359a969,2024-08-09,M3,1.4663
45a21fd6-4c28-4273-a394-49ab1359a969,2024-08-10,M3,1.3376
45a21fd6-4c28-4273-a394-49ab1359a969,2024-08-08,M4,1.5827
45a21fd6-4c28-4273-a394-49ab1359a969,2024-08-09,M4,1.4149
45a21fd6-4c28-4273-a394-49ab1359a969,2024-08-10,M4,1.2907
45cb0157-7963-44e7-91dd-f5a172471cc0,2024-08-08,B1,2.5294
45cb0157-7963-44e7-91dd-f5a172471cc0,2024-08-09,B1,2.0642
45cb0157-7963-44e7-91dd-f5a172471cc0,2024-08-10,B1,1.6041
45cb0157-7963-44e7-91dd-f5a172471cc0,2024-08-08,B2,4.4277
45cb0157-7963-44e7-91dd-f5a172471cc0,2024-08-09,B2,3.6134
45cb0157-7963-44e7-91dd-f5a172471cc0,2024-08-10,B2,2.8079
45cb0157-7963-44e7-91dd-f5a172471cc0,2024-08-08,B3,7.091
45cb0157-7963-44e7-91dd-f5a172471cc0,2024-08-09,B3,5.7869
45cb0157-7963-44e7-91dd-f5a172471cc0,2024-08-10,B3,4.4969
46745a46-09b5-4aba-9419-690644cea845,2024-08-08,M1,2.1447
46745a46-09b5-4aba-9419-690644cea845,2024-08-09,M1,1.9174
46745a46-09b5-4aba-9419-690644cea845,2024-08-10,M1,1.749
46745a46-09b5-4aba-9419-690644cea845,2024-08-08,M2,5.7795
46745a46-09b5-4aba-9419-690644cea845,2024-08-09,M2,5.1668
46745a46-09b5-4aba-9419-690644cea845,2024-08-10,M2,4.7132
46745a46-09b5-4aba-9419-690644cea845,2024-08-08,M3,8.7943
46745a46-09b5-4aba-9419-690644cea845,2024-08-09,M3,7.862
46745a46-09b5-4aba-9419-690644cea845,2024-08-10,M3,7.1718
46745a46-09b5-4aba-9419-690644cea845,2024-08-08,M4,4.6568
46745a46-09b5-4aba-9419-690644cea845,2024-08-09,M4,4.1631
46745a46-09b5-4aba-9419-690644cea845,2024-08-10,M4,3.7976
46745a46-09b5-4aba-9419-690644cea845,2024-08-08,M5,1.9393
46745a46-09b5-4aba-9419-690644cea845,2024-08-09,M5,1.7337
46745a46-09b5-4aba-9419-690644cea845,2024-08-10,M5,1.5815
46c2568e-bf01-4749-873f-6726d5f5d50b,2024-08-08,M2,3.1654
46c2568e-bf01-4749-873f-6726d5f5d50b,2024-08-09,M2,2.8298
46c2568e-bf01-4749-873f-6726d5f5d50b,2024-08-10,M2,2.5814
46c2568e-bf01-4749-873f-6726d5f5d50b,2024-08-08,M3,1.9653
46c2568e-bf01-4749-873f-6726d5f5d50b,2024-08-09,M3,1.7569
46c2568e-bf01-4749-873f-6726d5f5d50b,2024-08-10,M3,1.6027
46c2568e-bf01-4749-873f-6726d5f5d50b,2024-08-08,M4,1.9344
46c2568e-bf01-4749-873f-6726d5f5d50b,2024-08-09,M4,1.7293
46c2568e-bf01-4749-873f-6726d5f5d50b,2024-08-10,M4,1.5775
46dcc136-fc33-4f56-b782-e58f2a034d16,2024-08-08,M1,8.4411
46dcc136-fc33-4f56-b782-e58f2a034d16,2024-08-09,M1,7.5463
46dcc136-fc33-4f56-b782-e58f2a034d16,2024-08-10,M1,6.8838
46dcc136-fc33-4f56-b782-e58f2a034d16,2024-08-08,M2,6.3309
46dcc136-fc33-4f56-b782-e58f2a034d16,2024-08-09,M2,5.6597
46dcc136-fc33-4f56-b782-e58f2a034d16,2024-08-10,M2,5.1628
46dcc136-fc33-4f56-b782-e58f2a034d16,2024-08-08,M3,4.2206
46dcc136-fc33-4f56-b782-e58f2a034d16,2024-08-09,M3,3.7731
46dcc136-fc33-4f56-b782-e58f2a034d16,2024-08-10,M3,3.4419
46dcc136-fc33-4f56-b782-e58f2a034d16,2024-08-08,M5,1.0551
46dcc136-fc33-4f56-b782-e58f2a034d16,2024-08-09,M5,0.9433
46dcc136-fc33-4f56-b782-e58f2a034d16,2024-08-10,M5,0.8605
47743f58-ca84-48ec-99ee-e64097113496,2024-08-08,M1,2.397
47743f58-ca84-48ec-99ee-e64097113496,2024-08-09,M1,2.1428
47743f58-ca84-48ec-99ee-e64097113496,2024-08-10,M1,1.9547
47743f58-ca84-48ec-99ee-e64097113496,2024-08-08,M2,5.7183
47743f58-ca84-48ec-99ee-e64097113496,2024-08-09,M2,5.1121
47743f58-ca84-48ec-99ee-e64097113496,2024-08-10,M2,4.6633
47743f58-ca84-48ec-99ee-e64097113496,2024-08-08,M3,13.3671
47743f58-ca84-48ec-99ee-e64097113496,2024-08-09,M3,11.95
47743f58-ca84-48ec-99ee-e64097113496,2024-08-10,M3,10.9009
47743f58-ca84-48ec-99ee-e64097113496,2024-08-08,M4,3.6033
47743f58-ca84-48ec-99ee-e64097113496,2024-08-09,M4,3.2213
47743f58-ca84-48ec-99ee-e64097113496,2024-08-10,M4,2.9385
47743f58-ca84-48ec-99ee-e64097113496,2024-08-08,M5,2.191
47743f58-ca84-48ec-99ee-e64097113496,2024-08-09,M5,1.9587
47743f58-ca84-48ec-99ee-e64097113496,2024-08-10,M5,1.7868
47e74ca9-7628-4fb1-a74f-841845b00a71,2024-08-08,B1,1.1536
47e74ca9-7628-4fb1-a74f-841845b00a71,2024-08-09,B1,0.9414
47e74ca9-7628-4fb1-a74f-841845b00a71,2024-08-10,B1,0.7316
47e74ca9-7628-4fb1-a74f-841845b00a71,2024-08-08,B2,4.6144
47e74ca9-7628-4fb1-a74f-841845b00a71,2024-08-09,B2,3.7657
47e74ca9-7628-4fb1-a74f-841845b00a71,2024-08-10,B2,2.9263
47e74ca9-7628-4fb1-a74f-841845b00a71,2024-08-08,B3,1.8626
47e74ca9-7628-4fb1-a74f-841845b00a71,2024-08-09,B3,1.52
47e74ca9-7628-4fb1-a74f-841845b00a71,2024-08-10,B3,1.1812
482fc0fc-5050-4dae-aa7e-973f1e6d47f3,2024-08-08,B1,4.6378
482fc0fc-5050-4dae-aa7e-973f1e6d47f3,2024-08-09,B1,3.7848
482fc0fc-5050-4dae-aa7e-973f1e6d47f3,2024-08-10,B1,2.9412
482fc0fc-5050-4dae-aa7e-973f1e6d47f3,2024-08-08,B2,12.5163
482fc0fc-5050-4dae-aa7e-973f1e6d47f3,2024-08-09,B2,10.2144
482fc0fc-5050-4dae-aa7e-973f1e6d47f3,2024-08-10,B2,7.9375
482fc0fc-5050-4dae-aa7e-973f1e6d47f3,2024-08-08,B3,57.3011
482fc0fc-5050-4dae-aa7e-973f1e6d47f3,2024-08-09,B3,46.7625
482fc0fc-5050-4dae-aa7e-973f1e6d47f3,2024-08-10,B3,36.3387
48a7b0b4-f47a-46dd-a864-3b15b29ef3e6,2024-08-08,M2,1.0551
48a7b0b4-f47a-46dd-a864-3b15b29ef3e6,2024-08-09,M2,0.9433
48a7b0b4-f47a-46dd-a864-3b15b29ef3e6,2024-08-10,M2,0.8605
48a7b0b4-f47a-46dd-a864-3b15b29ef3e6,2024-08-08,M3,5.2757
48a7b0b4-f47a-46dd-a864-3b15b29ef3e6,2024-08-09,M3,4.7164
48a7b0b4-f47a-46dd-a864-3b15b29ef3e6,2024-08-10,M3,4.3024
48a7b0b4-f47a-46dd-a864-3b15b29ef3e6,2024-08-08,M4,1.4666
48a7b0b4-f47a-46dd-a864-3b15b29ef3e6,2024-08-09,M4,1.3111
48a7b0b4-f47a-46dd-a864-3b15b29ef3e6,2024-08-10,M4,1.196
48c6115e-0a80-4daf-a8a4-9fcd456de8a4,2024-08-08,M1,5.3089
48c6115e-0a80-4daf-a8a4-9fcd456de8a4,2024-08-09,M1,4.746
48c6115e-0a80-4daf-a8a4-9fcd456de8a4,2024-08-10,M1,4.3294
48c6115e-0a80-4daf-a8a4-9fcd456de8a4,2024-08-08,M2,11.2688
48c6115e-0a80-4daf-a8a4-9fcd456de8a4,2024-08-09,M2,10.0741
48c6115e-0a80-4daf-a8a4-9fcd456de8a4,2024-08-10,M2,9.1897
48c6115e-0a80-4daf-a8a4-9fcd456de8a4,2024-08-08,M3,38.6681
48c6115e-0a80-4daf-a8a4-9fcd456de8a4,2024-08-09,M3,34.5687
48c6115e-0a80-4daf-a8a4-9fcd456de8a4,2024-08-10,M3,31.534
48c6115e-0a80-4daf-a8a4-9fcd456de8a4,2024-08-08,M4,12.9833
48c6115e-0a80-4daf-a8a4-9fcd456de8a4,2024-08-09,M4,11.6069
48c6115e-0a80-4daf-a8a4-9fcd456de8a4,2024-08-10,M4,10.5879
48c6115e-0a80-4daf-a8a4-9fcd456de8a4,2024-08-08,M5,5.1279
48c6115e-0a80-4daf-a8a4-9fcd456de8a4,2024-08-09,M5,4.5843
48c6115e-0a80-4daf-a8a4-9fcd456de8a4,2024-08-10,M5,4.1818
48d5baed-7f13-46e2-999b-c2be7534c6e0,2024-08-08,B1,2.3072
48d5baed-7f13-46e2-999b-c2be7534c6e0,2024-08-09,B1,1.8829
48d5baed-7f13-46e2-999b-c2be7534c6e0,2024-08-10,B1,1.4632
48d5baed-7f13-46e2-999b-c2be7534c6e0,2024-08-08,B2,1.8234
48d5baed-7f13-46e2-999b-c2be7534c6e0,2024-08-09,B2,1.4881
48d5baed-7f13-46e2-999b-c2be7534c6e0,2024-08-10,B2,1.1564
48d5baed-7f13-46e2-999b-c2be7534c6e0,2024-08-08,B3,2.9504
48d5baed-7f13-46e2-999b-c2be7534c6e0,2024-08-09,B3,2.4077
48d5baed-7f13-46e2-999b-c2be7534c6e0,2024-08-10,B3,1.871
48f4da62-f670-4866-9eb0-adae726503e3,2024-08-08,B2,2.3072
48f4da62-f670-4866-9eb0-adae726503e3,2024-08-09,B2,1.8829
48f4da62-f670-4866-9eb0-adae726503e3,2024-08-10,B2,1.4632
491a513e-53b0-45c6-83ef-ff63cf05a173,2024-08-08,B1,2.884
491a513e-53b0-45c6-83ef-ff63cf05a173,2024-08-09,B1,2.3536
491a513e-53b0-45c6-83ef-ff63cf05a173,2024-08-10,B1,1.8289
491a513e-53b0-45c6-83ef-ff63cf05a173,2024-08-08,B2,6.3448
491a513e-53b0-45c6-83ef-ff63cf05a173,2024-08-09,B2,5.1779
491a513e-53b0-45c6-83ef-ff63cf05a173,2024-08-10,B2,4.0237
491a513e-53b0-45c6-83ef-ff63cf05a173,2024-08-08,B3,4.7938
491a513e-53b0-45c6-83ef-ff63cf05a173,2024-08-09,B3,3.9122
491a513e-53b0-45c6-83ef-ff63cf05a173,2024-08-10,B3,3.0401
49540e63-b43e-4a37-a7ef-750df1e1e850,2024-08-08,B1,3.4608
49540e63-b43e-4a37-a7ef-750df1e1e850,2024-08-09,B1,2.8243
49540e63-b43e-4a37-a7ef-750df1e1e850,2024-08-10,B1,2.1947
49540e63-b43e-4a37-a7ef-750df1e1e850,2024-08-08,B2,2.3072
49540e63-b43e-4a37-a7ef-750df1e1e850,2024-08-09,B2,1.8829
49540e63-b43e-4a37-a7ef-750df1e1e850,2024-08-10,B2,1.4632
49540e63-b43e-4a37-a7ef-750df1e1e850,2024-08-08,B3,2.1324
49540e63-b43e-4a37-a7ef-750df1e1e850,2024-08-09,B3,1.7402
49540e63-b43e-4a37-a7ef-750df1e1e850,2024-08-10,B3,1.3523
496bb611-a2bb-4715-83a5-ad34031f3ad5,2024-08-08,M2,2.4254
496bb611-a2bb-4715-83a5-ad34031f3ad5,2024-08-09,M2,2.1683
496bb611-a2bb-4715-83a5-ad34031f3ad5,2024-08-10,M2,1.978
496bb611-a2bb-4715-83a5-ad34031f3ad5,2024-08-08,M3,3.1654
496bb611-a2bb-4715-83a5-ad34031f3ad5,2024-08-09,M3,2.8298
496bb611-a2bb-4715-83a5-ad34031f3ad5,2024-08-10,M3,2.5814
49b72647-e207-4e63-a1c1-c5fa8c549311,2024-08-08,B1,2.1682
49b72647-e207-4e63-a1c1-c5fa8c549311,2024-08-09,B1,1.7694
49b72647-e207-4e63-a1c1-c5fa8c549311,2024-08-10,B1,1.375
49b72647-e207-4e63-a1c1-c5fa8c549311,2024-08-08,B2,2.1089
49b72647-e207-4e63-a1c1-c5fa8c549311,2024-08-09,B2,1.721
49b72647-e207-4e63-a1c1-c5fa8c549311,2024-08-10,B2,1.3374
49b72647-e207-4e63-a1c1-c5fa8c549311,2024-08-08,B3,2.1057
49b72647-e207-4e63-a1c1-c5fa8c549311,2024-08-09,B3,1.7184
49b72647-e207-4e63-a1c1-c5fa8c549311,2024-08-10,B3,1.3354
49c37155-4d51-4711-b4fb-b76b4f4f8f26,2024-08-08,B1,27.0022
49c37155-4d51-4711-b4fb-b76b4f4f8f26,2024-08-09,B1,22.0361
49c37155-4d51-4711-b4fb-b76b4f4f8f26,2024-08-10,B1,17.124
49c37155-4d51-4711-b4fb-b76b4f4f8f26,2024-08-08,B2,9.5394
49c37155-4d51-4711-b4fb-b76b4f4f8f26,2024-08-09,B2,7.785
49c37155-4d51-4711-b4fb-b76b4f4f8f26,2024-08-10,B2,6.0496
49c37155-4d51-4711-b4fb-b76b4f4f8f26,2024-08-08,B3,506.9126
49c37155-4d51-4711-b4fb-b76b4f4f8f26,2024-08-09,B3,413.6836
49c37155-4d51-4711-b4fb-b76b4f4f8f26,2024-08-10,B3,321.4695
4abacb7f-5a86-46bc-ad64-cedd214ba9dd,2024-08-08,M1,1.9499
4abacb7f-5a86-46bc-ad64-cedd214ba9dd,2024-08-09,M1,1.7432
4abacb7f-5a86-46bc-ad64-cedd214ba9dd,2024-08-10,M1,1.5902
4abacb7f-5a86-46bc-ad64-cedd214ba9dd,2024-08-08,M2,1.6983
4abacb7f-5a86-46bc-ad64-cedd214ba9dd,2024-08-09,M2,1.5182
4abacb7f-5a86-46bc-ad64-cedd214ba9dd,2024-08-10,M2,1.3849
4abacb7f-5a86-46bc-ad64-cedd214ba9dd,2024-08-08,M3,2.9376
4abacb7f-5a86-46bc-ad64-cedd214ba9dd,2024-08-09,M3,2.6262
4abacb7f-5a86-46bc-ad64-cedd214ba9dd,2024-08-10,M3,2.3957
4abacb7f-5a86-46bc-ad64-cedd214ba9dd,2024-08-08,M5,1.7751
4abacb7f-5a86-46bc-ad64-cedd214ba9dd,2024-08-09,M5,1.587
4abacb7f-5a86-46bc-ad64-cedd214ba9dd,2024-08-10,M5,1.4476
4ad0d83e-c086-48aa-ad7c-b3008a941de5,2024-08-08,B1,2.9147
4ad0d83e-c086-48aa-ad7c-b3008a941de5,2024-08-09,B1,2.3786
4ad0d83e-c086-48aa-ad7c-b3008a941de5,2024-08-10,B1,1.8484
4ad0d83e-c086-48aa-ad7c-b3008a941de5,2024-08-08,B2,3.2651
4ad0d83e-c086-48aa-ad7c-b3008a941de5,2024-08-09,B2,2.6646
4ad0d83e-c086-48aa-ad7c-b3008a941de5,2024-08-10,B2,2.0706
4ad0d83e-c086-48aa-ad7c-b3008a941de5,2024-08-08,B3,10.4569
4ad0d83e-c086-48aa-ad7c-b3008a941de5,2024-08-09,B3,8.5337
4ad0d83e-c086-48aa-ad7c-b3008a941de5,2024-08-10,B3,6.6315
4ae2289e-024f-4248-8013-202b8350b711,2024-08-08,B1,3.6308
4ae2289e-024f-4248-8013-202b8350b711,2024-08-09,B1,2.9631
4ae2289e-024f-4248-8013-202b8350b711,2024-08-10,B1,2.3026
4ae2289e-024f-4248-8013-202b8350b711,2024-08-08,B2,4.5555
4ae2289e-024f-4248-8013-202b8350b711,2024-08-09,B2,3.7177
4ae2289e-024f-4248-8013-202b8350b711,2024-08-10,B2,2.889
4ae2289e-024f-4248-8013-202b8350b711,2024-08-08,B3,28.0305
4ae2289e-024f-4248-8013-202b8350b711,2024-08-09,B3,22.8753
4ae2289e-024f-4248-8013-202b8350b711,2024-08-10,B3,17.7762
4b7a501d-6c64-49a9-a6c6-fd4770fca876,2024-08-08,M1,1.5827
4b7a501d-6c64-49a9-a6c6-fd4770fca876,2024-08-09,M1,1.4149
4b7a501d-6c64-49a9-a6c6-fd4770fca876,2024-08-10,M1,1.2907
4b7a501d-6c64-49a9-a6c6-fd4770fca876,2024-08-08,M2,1.7934
4b7a501d-6c64-49a9-a6c6-fd4770fca876,2024-08-09,M2,1.6033
4b7a501d-6c64-49a9-a6c6-fd4770fca876,2024-08-10,M2,1.4626
4b7a501d-6c64-49a9-a6c6-fd4770fca876,2024-08-08,M3,3.0325
4b7a501d-6c64-49a9-a6c6-fd4770fca876,2024-08-09,M3,2.711
4b7a501d-6c64-49a9-a6c6-fd4770fca876,2024-08-10,M3,2.473
4b7a501d-6c64-49a9-a6c6-fd4770fca876,2024-08-08,M4,2.1103
4b7a501d-6c64-49a9-a6c6-fd4770fca876,2024-08-09,M4,1.8866
4b7a501d-6c64-49a9-a6c6-fd4770fca876,2024-08-10,M4,1.7209
4bba3597-b6a3-444d-b4dd-1e07ea9d9db2,2024-08-08,M1,2.5848
4bba3597-b6a3-444d-b4dd-1e07ea9d9db2,2024-08-09,M1,2.3108
4bba3597-b6a3-444d-b4dd-1e07ea9d9db2,2024-08-10,M1,2.1079
4bba3597-b6a3-444d-b4dd-1e07ea9d9db2,2024-08-08,M2,4.4055
4bba3597-b6a3-444d-b4dd-1e07ea9d9db2,2024-08-09,M2,3.9384
4bba3597-b6a3-444d-b4dd-1e07ea9d9db2,2024-08-10,M2,3.5927
4bba3597-b6a3-444d-b4dd-1e07ea9d9db2,2024-08-08,M3,8.4275
4bba3597-b6a3-444d-b4dd-1e07ea9d9db2,2024-08-09,M3,7.5341
4bba3597-b6a3-444d-b4dd-1e07ea9d9db2,2024-08-10,M3,6.8727
4bba3597-b6a3-444d-b4dd-1e07ea9d9db2,2024-08-08,M4,3.5776
4bba3597-b6a3-444d-b4dd-1e07ea9d9db2,2024-08-09,M4,3.1984
4bba3597-b6a3-444d-b4dd-1e07ea9d9db2,2024-08-10,M4,2.9176
4bba3597-b6a3-444d-b4dd-1e07ea9d9db2,2024-08-08,M5,3.0985
4bba3597-b6a3-444d-b4dd-1e07ea9d9db2,2024-08-09,M5,2.77
4bba3597-b6a3-444d-b4dd-1e07ea9d9db2,2024-08-10,M5,2.5269
4bef3d20-5677-458a-93a6-0dfde965bd05,2024-08-08,M2,2.1219
4bef3d20-5677-458a-93a6-0dfde965bd05,2024-08-09,M2,1.897
4bef3d20-5677-458a-93a6-0dfde965bd05,2024-08-10,M2,1.7304
4bef3d20-5677-458a-93a6-0dfde965bd05,2024-08-08,M3,2.6174
4bef3d20-5677-458a-93a6-0dfde965bd05,2024-08-09,M3,2.3399
4bef3d20-5677-458a-93a6-0dfde965bd05,2024-08-10,M3,2.1345
4bef3d20-5677-458a-93a6-0dfde965bd05,2024-08-08,M4,1.8744
4bef3d20-5677-458a-93a6-0dfde965bd05,2024-08-09,M4,1.6756
4bef3d20-5677-458a-93a6-0dfde965bd05,2024-08-10,M4,1.5285
4cf6b267-c7b6-46b5-a983-fcdf71c15278,2024-08-08,B2,1.1536
4cf6b267-c7b6-46b5-a983-fcdf71c15278,2024-08-09,B2,0.9414
4cf6b267-c7b6-46b5-a983-fcdf71c15278,2024-08-10,B2,0.7316
4cf6b267-c7b6-46b5-a983-fcdf71c15278,2024-08-08,B3,2.3072
4cf6b267-c7b6-46b5-a983-fcdf71c15278,2024-08-09,B3,1.8829
4cf6b267-c7b6-46b5-a983-fcdf71c15278,2024-08-10,B3,1.4632
4d2fa7e2-7064-4098-b9a3-d9a01d1caf04,2024-08-08,B1,2.0999
4d2fa7e2-7064-4098-b9a3-d9a01d1caf04,2024-08-09,B1,1.7137
4d2fa7e2-7064-4098-b9a3-d9a01d1caf04,2024-08-10,B1,1.3317
4d2fa7e2-7064-4098-b9a3-d9a01d1caf04,2024-08-08,B2,4.0421
4d2fa7e2-7064-4098-b9a3-d9a01d1caf04,2024-08-09,B2,3.2987
4d2fa7e2-7064-4098-b9a3-d9a01d1caf04,2024-08-10,B2,2.5634
4d2fa7e2-7064-4098-b9a3-d9a01d1caf04,2024-08-08,B3,14.5237
4d2fa7e2-7064-4098-b9a3-d9a01d1caf04,2024-08-09,B3,11.8526
4d2fa7e2-7064-4098-b9a3-d9a01d1caf04,2024-08-10,B3,9.2105
4d31b19c-ce3c-411b-befb-7f4fe716704c,2024-08-08,B1,2.3072
4d31b19c-ce3c-411b-befb-7f4fe716704c,2024-08-09,B1,1.8829
4d31b19c-ce3c-411b-befb-7f4fe716704c,2024-08-10,B1,1.4632
4d31b19c-ce3c-411b-befb-7f4fe716704c,2024-08-08,B3,1.9136
4d31b19c-ce3c-411b-befb-7f4fe716704c,2024-08-09,B3,1.5616
4d31b19c-ce3c-411b-befb-7f4fe716704c,2024-08-10,B3,1.2135
4d775614-a548-4cee-a618-97df0f4d2f65,2024-08-08,B1,2.1174
4d775614-a548-4cee-a618-97df0f4d2f65,2024-08-09,B1,1.728
4d775614-a548-4cee-a618-97df0f4d2f65,2024-08-10,B1,1.3428
4d775614-a548-4cee-a618-97df0f4d2f65,2024-08-08,B2,2.3875
4d775614-a548-4cee-a618-97df0f4d2f65,2024-08-09,B2,1.9484
4d775614-a548-4cee-a618-97df0f4d2f65,2024-08-10,B2,1.5141
4d775614-a548-4cee-a618-97df0f4d2f65,2024-08-08,B3,6.9921
4d775614-a548-4cee-a618-97df0f4d2f65,2024-08-09,B3,5.7062
4d775614-a548-4cee-a618-97df0f4d2f65,2024-08-10,B3,4.4342
4d967222-bf59-45e1-8db5-b9832abf77d9,2024-08-08,B1,3.6984
4d967222-bf59-45e1-8db5-b9832abf77d9,2024-08-09,B1,3.0182
4d967222-bf59-45e1-8db5-b9832abf77d9,2024-08-10,B1,2.3454
4d967222-bf59-45e1-8db5-b9832abf77d9,2024-08-08,B2,2.471
4d967222-bf59-45e1-8db5-b9832abf77d9,2024-08-09,B2,2.0165
4d967222-bf59-45e1-8db5-b9832abf77d9,2024-08-10,B2,1.567
4d967222-bf59-45e1-8db5-b9832abf77d9,2024-08-08,B3,12.2626
4d967222-bf59-45e1-8db5-b9832abf77d9,2024-08-09,B3,10.0073
4d967222-bf59-45e1-8db5-b9832abf77d9,2024-08-10,B3,7.7766
4d9ad337-ffe3-49de-9e79-70c73c574dbe,2024-08-08,M1,2.8043
4d9ad337-ffe3-49de-9e79-70c73c574dbe,2024-08-09,M1,2.507
4d9ad337-ffe3-49de-9e79-70c73c574dbe,2024-08-10,M1,2.2869
4d9ad337-ffe3-49de-9e79-70c73c574dbe,2024-08-08,M2,3.9646
4d9ad337-ffe3-49de-9e79-70c73c574dbe,2024-08-09,M2,3.5443
4d9ad337-ffe3-49de-9e79-70c73c574dbe,2024-08-10,M2,3.2332
4d9ad337-ffe3-49de-9e79-70c73c574dbe,2024-08-08,M3,5.3256
4d9ad337-ffe3-49de-9e79-70c73c574dbe,2024-08-09,M3,4.761
4d9ad337-ffe3-49de-9e79-70c73c574dbe,2024-08-10,M3,4.3431
4d9ad337-ffe3-49de-9e79-70c73c574dbe,2024-08-08,M4,3.1277
4d9ad337-ffe3-49de-9e79-70c73c574dbe,2024-08-09,M4,2.7961
4d9ad337-ffe3-49de-9e79-70c73c574dbe,2024-08-10,M4,2.5507
4d9ad337-ffe3-49de-9e79-70c73c574dbe,2024-08-08,M5,2.4278
4d9ad337-ffe3-49de-9e79-70c73c574dbe,2024-08-09,M5,2.1704
4d9ad337-ffe3-49de-9e79-70c73c574dbe,2024-08-10,M5,1.9799
4db8fd89-ec39-4f78-ae5e-acc6b4eb7316,2024-08-08,B2,1.1536
4db8fd89-ec39-4f78-ae5e-acc6b4eb7316,2024-08-09,B2,0.9414
4db8fd89-ec39-4f78-ae5e-acc6b4eb7316,2024-08-10,B2,0.7316
4db8fd89-ec39-4f78-ae5e-acc6b4eb7316,2024-08-08,B3,2.3072
4db8fd89-ec39-4f78-ae5e-acc6b4eb7316,2024-08-09,B3,1.8829
4db8fd89-ec39-4f78-ae5e-acc6b4eb7316,2024-08-10,B3,1.4632
4de211c4-ec5e-48da-84d6-39b6c287d7aa,2024-08-08,B1,1.1536
4de211c4-ec5e-48da-84d6-39b6c287d7aa,2024-08-09,B1,0.9414
4de211c4-ec5e-48da-84d6-39b6c287d7aa,2024-08-10,B1,0.7316
4de211c4-ec5e-48da-84d6-39b6c287d7aa,2024-08-08,B2,2.3072
4de211c4-ec5e-48da-84d6-39b6c287d7aa,2024-08-09,B2,1.8829
4de211c4-ec5e-48da-84d6-39b6c287d7aa,2024-08-10,B2,1.4632
4de211c4-ec5e-48da-84d6-39b6c287d7aa,2024-08-08,B3,2.3721
4de211c4-ec5e-48da-84d6-39b6c287d7aa,2024-08-09,B3,1.9358
4de211c4-ec5e-48da-84d6-39b6c287d7aa,2024-08-10,B3,1.5043
4e278040-6834-4130-8620-19010bd60035,2024-08-08,B1,1.7304
4e278040-6834-4130-8620-19010bd60035,2024-08-09,B1,1.4122
4e278040-6834-4130-8620-19010bd60035,2024-08-10,B1,1.0974
4e278040-6834-4130-8620-19010bd60035,2024-08-08,B2,1.1536
4e278040-6834-4130-8620-19010bd60035,2024-08-09,B2,0.9414
4e278040-6834-4130-8620-19010bd60035,2024-08-10,B2,0.7316
4e278040-6834-4130-8620-19010bd60035,2024-08-08,B3,3.3178
4e278040-6834-4130-8620-19010bd60035,2024-08-09,B3,2.7076
4e278040-6834-4130-8620-19010bd60035,2024-08-10,B3,2.1041
4e2fe4e1-3dc7-48f8-b2e6-dffb4fde4bb7,2024-08-08,M1,2.3138
4e2fe4e1-3dc7-48f8-b2e6-dffb4fde4bb7,2024-08-09,M1,2.0685
4e2fe4e1-3dc7-48f8-b2e6-dffb4fde4bb7,2024-08-10,M1,1.887
4e2fe4e1-3dc7-48f8-b2e6-dffb4fde4bb7,2024-08-08,M2,6.8195
4e2fe4e1-3dc7-48f8-b2e6-dffb4fde4bb7,2024-08-09,M2,6.0965
4e2fe4e1-3dc7-48f8-b2e6-dffb4fde4bb7,2024-08-10,M2,5.5613
4e2fe4e1-3dc7-48f8-b2e6-dffb4fde4bb7,2024-08-08,M3,7.5889
4e2fe4e1-3dc7-48f8-b2e6-dffb4fde4bb7,2024-08-09,M3,6.7844
4e2fe4e1-3dc7-48f8-b2e6-dffb4fde4bb7,2024-08-10,M3,6.1888
4e2fe4e1-3dc7-48f8-b2e6-dffb4fde4bb7,2024-08-08,M4,4.3869
4e2fe4e1-3dc7-48f8-b2e6-dffb4fde4bb7,2024-08-09,M4,3.9218
4e2fe4e1-3dc7-48f8-b2e6-dffb4fde4bb7,2024-08-10,M4,3.5775
4e2fe4e1-3dc7-48f8-b2e6-dffb4fde4bb7,2024-08-08,M5,1.6638
4e2fe4e1-3dc7-48f8-b2e6-dffb4fde4bb7,2024-08-09,M5,1.4874
4e2fe4e1-3dc7-48f8-b2e6-dffb4fde4bb7,2024-08-10,M5,1.3568
4eda86bd-fabb-4d15-84f1-a6740f7cf490,2024-08-08,B1,2.1897
4eda86bd-fabb-4d15-84f1-a6740f7cf490,2024-08-09,B1,1.787
4eda86bd-fabb-4d15-84f1-a6740f7cf490,2024-08-10,B1,1.3887
4eda86bd-fabb-4d15-84f1-a6740f7cf490,2024-08-08,B2,3.5108
4eda86bd-fabb-4d15-84f1-a6740f7cf490,2024-08-09,B2,2.8651
4eda86bd-fabb-4d15-84f1-a6740f7cf490,2024-08-10,B2,2.2264
4eda86bd-fabb-4d15-84f1-a6740f7cf490,2024-08-08,B3,9.2872
4eda86bd-fabb-4d15-84f1-a6740f7cf490,2024-08-09,B3,7.5791
4eda86bd-fabb-4d15-84f1-a6740f7cf490,2024-08-10,B3,5.8896
4f9bd373-399d-4dfd-b6b0-7bf13811b287,2024-08-08,B2,1.7304
4f9bd373-399d-4dfd-b6b0-7bf13811b287,2024-08-09,B2,1.4122
4f9bd373-399d-4dfd-b6b0-7bf13811b287,2024-08-10,B2,1.0974
4f9bd373-399d-4dfd-b6b0-7bf13811b287,2024-08-08,B3,3.4608
4f9bd373-399d-4dfd-b6b0-7bf13811b287,2024-08-09,B3,2.8243
4f9bd373-399d-4dfd-b6b0-7bf13811b287,2024-08-10,B3,2.1947
4fcf8ace-7d48-4c67-8300-0fc329755322,2024-08-08,B1,3.6871
4fcf8ace-7d48-4c67-8300-0fc329755322,2024-08-09,B1,3.009
4fcf8ace-7d48-4c67-8300-0fc329755322,2024-08-10,B1,2.3383
4fcf8ace-7d48-4c67-8300-0fc329755322,2024-08-08,B2,1.747
4fcf8ace-7d48-4c67-8300-0fc329755322,2024-08-09,B2,1.4257
4fcf8ace-7d48-4c67-8300-0fc329755322,2024-08-10,B2,1.1079
4fcf8ace-7d48-4c67-8300-0fc329755322,2024-08-08,B3,6.2256
4fcf8ace-7d48-4c67-8300-0fc329755322,2024-08-09,B3,5.0806
4fcf8ace-7d48-4c67-8300-0fc329755322,2024-08-10,B3,3.9481
50144ae2-6d46-4188-ab6f-c4066dcc14d7,2024-08-08,M1,2.1103
50144ae2-6d46-4188-ab6f-c4066dcc14d7,2024-08-09,M1,1.8866
50144ae2-6d46-4188-ab6f-c4066dcc14d7,2024-08-10,M1,1.7209
50144ae2-6d46-4188-ab6f-c4066dcc14d7,2024-08-08,M2,7.386
50144ae2-6d46-4188-ab6f-c4066dcc14d7,2024-08-09,M2,6.603
50144ae2-6d46-4188-ab6f-c4066dcc14d7,2024-08-10,M2,6.0233
50144ae2-6d46-4188-ab6f-c4066dcc14d7,2024-08-08,M3,3.9503
50144ae2-6d46-4188-ab6f-c4066dcc14d7,2024-08-09,M3,3.5315
50144ae2-6d46-4188-ab6f-c4066dcc14d7,2024-08-10,M3,3.2215
50144ae2-6d46-4188-ab6f-c4066dcc14d7,2024-08-08,M4,1.8464
50144ae2-6d46-4188-ab6f-c4066dcc14d7,2024-08-09,M4,1.6507
50144ae2-6d46-4188-ab6f-c4066dcc14d7,2024-08-10,M4,1.5058
50144ae2-6d46-4188-ab6f-c4066dcc14d7,2024-08-08,M5,6.8584
50144ae2-6d46-4188-ab6f-c4066dcc14d7,2024-08-09,M5,6.1313
50144ae2-6d46-4188-ab6f-c4066dcc14d7,2024-08-10,M5,5.5931
503794b7-9ab2-41b6-95d4-eeca86451bca,2024-08-08,B1,2.0943
503794b7-9ab2-41b6-95d4-eeca86451bca,2024-08-09,B1,1.7092
503794b7-9ab2-41b6-95d4-eeca86451bca,2024-08-10,B1,1.3282
503794b7-9ab2-41b6-95d4-eeca86451bca,2024-08-08,B2,2.884
503794b7-9ab2-41b6-95d4-eeca86451bca,2024-08-09,B2,2.3536
503794b7-9ab2-41b6-95d4-eeca86451bca,2024-08-10,B2,1.8289
503794b7-9ab2-41b6-95d4-eeca86451bca,2024-08-08,B3,4.9362
503794b7-9ab2-41b6-95d4-eeca86451bca,2024-08-09,B3,4.0284
503794b7-9ab2-41b6-95d4-eeca86451bca,2024-08-10,B3,3.1304
5070494b-05d9-465f-bf58-2c6f88b6a297,2024-08-08,B1,2.01
5070494b-05d9-465f-bf58-2c6f88b6a297,2024-08-09,B1,1.6404
5070494b-05d9-465f-bf58-2c6f88b6a297,2024-08-10,B1,1.2747
5070494b-05d9-465f-bf58-2c6f88b6a297,2024-08-08,B2,2.0146
5070494b-05d9-465f-bf58-2c6f88b6a297,2024-08-09,B2,1.6441
5070494b-05d9-465f-bf58-2c6f88b6a297,2024-08-10,B2,1.2776
5070494b-05d9-465f-bf58-2c6f88b6a297,2024-08-08,B3,3.1197
5070494b-05d9-465f-bf58-2c6f88b6a297,2024-08-09,B3,2.5459
5070494b-05d9-465f-bf58-2c6f88b6a297,2024-08-10,B3,1.9784
5123923c-bd71-455c-be41-736ce333e9a9,2024-08-08,M2,2.5698
5123923c-bd71-455c-be41-736ce333e9a9,2024-08-09,M2,2.2974
5123923c-bd71-455c-be41-736ce333e9a9,2024-08-10,M2,2.0957
5123923c-bd71-455c-be41-736ce333e9a9,2024-08-08,M3,2.6016
5123923c-bd71-455c-be41-736ce333e9a9,2024-08-09,M3,2.3258
5123923c-bd71-455c-be41-736ce333e9a9,2024-08-10,M3,2.1217
5123923c-bd71-455c-be41-736ce333e9a9,2024-08-08,M4,2.1127
5123923c-bd71-455c-be41-736ce333e9a9,2024-08-09,M4,1.8887
5123923c-bd71-455c-be41-736ce333e9a9,2024-08-10,M4,1.7229
5123923c-bd71-455c-be41-736ce333e9a9,2024-08-08,M5,2.1103
5123923c-bd71-455c-be41-736ce333e9a9,2024-08-09,M5,1.8866
5123923c-bd71-455c-be41-736ce333e9a9,2024-08-10,M5,1.7209
513aef2d-3584-481b-a7fa-0dcc58df3693,2024-08-08,B1,3.0236
513aef2d-3584-481b-a7fa-0dcc58df3693,2024-08-09,B1,2.4675
513aef2d-3584-481b-a7fa-0dcc58df3693,2024-08-10,B1,1.9175
513aef2d-3584-481b-a7fa-0dcc58df3693,2024-08-08,B2,2.3072
513aef2d-3584-481b-a7fa-0dcc58df3693,2024-08-09,B2,1.8829
513aef2d-3584-481b-a7fa-0dcc58df3693,2024-08-10,B2,1.4632
513aef2d-3584-481b-a7fa-0dcc58df3693,2024-08-08,B3,5.0327
513aef2d-3584-481b-a7fa-0dcc58df3693,2024-08-09,B3,4.1071
513aef2d-3584-481b-a7fa-0dcc58df3693,2024-08-10,B3,3.1916
513b4622-7a84-4f91-b45b-4cc3b22ef773,2024-08-08,B1,2.1126
513b4622-7a84-4f91-b45b-4cc3b22ef773,2024-08-09,B1,1.7241
513b4622-7a84-4f91-b45b-4cc3b22ef773,2024-08-10,B1,1.3398
513b4622-7a84-4f91-b45b-4cc3b22ef773,2024-08-08,B2,2.14
513b4622-7a84-4f91-b45b-4cc3b22ef773,2024-08-09,B2,1.7464
513b4622-7a84-4f91-b45b-4cc3b22ef773,2024-08-10,B2,1.3571
513b4622-7a84-4f91-b45b-4cc3b22ef773,2024-08-08,B3,8.5523
513b4622-7a84-4f91-b45b-4cc3b22ef773,2024-08-09,B3,6.9794
513b4622-7a84-4f91-b45b-4cc3b22ef773,2024-08-10,B3,5.4236
51f919c5-9a52-45aa-bbc4-23f00c49a4b7,2024-08-08,B1,2.3835
51f919c5-9a52-45aa-bbc4-23f00c49a4b7,2024-08-09,B1,1.9451
51f919c5-9a52-45aa-bbc4-23f00c49a4b7,2024-08-10,B1,1.5115
51f919c5-9a52-45aa-bbc4-23f00c49a4b7,2024-08-08,B2,2.0724
51f919c5-9a52-45aa-bbc4-23f00c49a4b7,2024-08-09,B2,1.6913
51f919c5-9a52-45aa-bbc4-23f00c49a4b7,2024-08-10,B2,1.3143
51f919c5-9a52-45aa-bbc4-23f00c49a4b7,2024-08-08,B3,6.1813
51f919c5-9a52-45aa-bbc4-23f00c49a4b7,2024-08-09,B3,5.0445
51f919c5-9a52-45aa-bbc4-23f00c49a4b7,2024-08-10,B3,3.92
52c74a69-884a-4cd9-b3b3-c1223fefba07,2024-08-08,B3,37.3016
52c74a69-884a-4cd9-b3b3-c1223fefba07,2024-08-09,B3,30.4412
52c74a69-884a-4cd9-b3b3-c1223fefba07,2024-08-10,B3,23.6556
52d6f6da-b643-4191-8f8f-7b2d2b4363c0,2024-08-08,B1,5.869
52d6f6da-b643-4191-8f8f-7b2d2b4363c0,2024-08-09,B1,4.7896
52d6f6da-b643-4191-8f8f-7b2d2b4363c0,2024-08-10,B1,3.7219
52d6f6da-b643-4191-8f8f-7b2d2b4363c0,2024-08-08,B2,9.715
52d6f6da-b643-4191-8f8f-7b2d2b4363c0,2024-08-09,B2,7.9282
52d6f6da-b643-4191-8f8f-7b2d2b4363c0,2024-08-10,B2,6.161
52d6f6da-b643-4191-8f8f-7b2d2b4363c0,2024-08-08,B3,19.0209
52d6f6da-b643-4191-8f8f-7b2d2b4363c0,2024-08-09,B3,15.5227
52d6f6da-b643-4191-8f8f-7b2d2b4363c0,2024-08-10,B3,12.0625
534cdd14-c6cf-4e5b-8abe-9e55c9e45ccb,2024-08-08,B1,4.0991
534cdd14-c6cf-4e5b-8abe-9e55c9e45ccb,2024-08-09,B1,3.3452
534cdd14-c6cf-4e5b-8abe-9e55c9e45ccb,2024-08-10,B1,2.5995
534cdd14-c6cf-4e5b-8abe-9e55c9e45ccb,2024-08-08,B2,2.1931
534cdd14-c6cf-4e5b-8abe-9e55c9e45ccb,2024-08-09,B2,1.7898
534cdd14-c6cf-4e5b-8abe-9e55c9e45ccb,2024-08-10,B2,1.3908
534cdd14-c6cf-4e5b-8abe-9e55c9e45ccb,2024-08-08,B3,5.5379
534cdd14-c6cf-4e5b-8abe-9e55c9e45ccb,2024-08-09,B3,4.5194
534cdd14-c6cf-4e5b-8abe-9e55c9e45ccb,2024-08-10,B3,3.512
53514bee-d874-4bc5-8f36-7b9b05fc944b,2024-08-08,B2,2.3072
53514bee-d874-4bc5-8f36-7b9b05fc944b,2024-08-09,B2,1.8829
53514bee-d874-4bc5-8f36-7b9b05fc944b,2024-08-10,B2,1.4632
53514bee-d874-4bc5-8f36-7b9b05fc944b,2024-08-08,B3,3.8128
53514bee-d874-4bc5-8f36-7b9b05fc944b,2024-08-09,B3,3.1116
53514bee-d874-4bc5-8f36-7b9b05fc944b,2024-08-10,B3,2.418
542890f2-0b10-4c43-8a48-733382e42f71,2024-08-08,M2,6.3309
542890f2-0b10-4c43-8a48-733382e42f71,2024-08-09,M2,5.6597
542890f2-0b10-4c43-8a48-733382e42f71,2024-08-10,M2,5.1628
542890f2-0b10-4c43-8a48-733382e42f71,2024-08-08,M3,4.2206
542890f2-0b10-4c43-8a48-733382e42f71,2024-08-09,M3,3.7731
542890f2-0b10-4c43-8a48-733382e42f71,2024-08-10,M3,3.4419
542890f2-0b10-4c43-8a48-733382e42f71,2024-08-08,M4,2.6379
542890f2-0b10-4c43-8a48-733382e42f71,2024-08-09,M4,2.3582
542890f2-0b10-4c43-8a48-733382e42f71,2024-08-10,M4,2.1512
543de64b-7c34-4283-8c8c-7592057af4f8,2024-08-08,B1,4.6372
543de64b-7c34-4283-8c8c-7592057af4f8,2024-08-09,B1,3.7843
543de64b-7c34-4283-8c8c-7592057af4f8,2024-08-10,B1,2.9408
543de64b-7c34-4283-8c8c-7592057af4f8,2024-08-08,B2,1.8728
543de64b-7c34-4283-8c8c-7592057af4f8,2024-08-09,B2,1.5284
543de64b-7c34-4283-8c8c-7592057af4f8,2024-08-10,B2,1.1877
543de64b-7c34-4283-8c8c-7592057af4f8,2024-08-08,B3,13.3494
543de64b-7c34-4283-8c8c-7592057af4f8,2024-08-09,B3,10.8942
543de64b-7c34-4283-8c8c-7592057af4f8,2024-08-10,B3,8.4658
546402b3-cf85-4a18-aa31-f14b2c200978,2024-08-08,B1,2.9243
546402b3-cf85-4a18-aa31-f14b2c200978,2024-08-09,B1,2.3865
546402b3-cf85-4a18-aa31-f14b2c200978,2024-08-10,B1,1.8545
546402b3-cf85-4a18-aa31-f14b2c200978,2024-08-08,B2,2.884
546402b3-cf85-4a18-aa31-f14b2c200978,2024-08-09,B2,2.3536
546402b3-cf85-4a18-aa31-f14b2c200978,2024-08-10,B2,1.8289
546402b3-cf85-4a18-aa31-f14b2c200978,2024-08-08,B3,3.3315
546402b3-cf85-4a18-aa31-f14b2c200978,2024-08-09,B3,2.7188
546402b3-cf85-4a18-aa31-f14b2c200978,2024-08-10,B3,2.1128
54d8ca50-b847-4c5f-8304-0cf5c31a887f,2024-08-08,M1,1.0551
54d8ca50-b847-4c5f-8304-0cf5c31a887f,2024-08-09,M1,0.9433
54d8ca50-b847-4c5f-8304-0cf5c31a887f,2024-08-10,M1,0.8605
54d8ca50-b847-4c5f-8304-0cf5c31a887f,2024-08-08,M2,2.1103
54d8ca50-b847-4c5f-8304-0cf5c31a887f,2024-08-09,M2,1.8866
54d8ca50-b847-4c5f-8304-0cf5c31a887f,2024-08-10,M2,1.7209
54d8ca50-b847-4c5f-8304-0cf5c31a887f,2024-08-08,M3,2.3619
54d8ca50-b847-4c5f-8304-0cf5c31a887f,2024-08-09,M3,2.1115
54d8ca50-b847-4c5f-8304-0cf5c31a887f,2024-08-10,M3,1.9261
5575595a-5fd4-4a50-be8a-2eccbb10e4c1,2024-08-08,B1,2.884
5575595a-5fd4-4a50-be8a-2eccbb10e4c1,2024-08-09,B1,2.3536
5575595a-5fd4-4a50-be8a-2eccbb10e4c1,2024-08-10,B1,1.8289
5575595a-5fd4-4a50-be8a-2eccbb10e4c1,2024-08-08,B2,1.1536
5575595a-5fd4-4a50-be8a-2eccbb10e4c1,2024-08-09,B2,0.9414
5575595a-5fd4-4a50-be8a-2eccbb10e4c1,2024-08-10,B2,0.7316
5575595a-5fd4-4a50-be8a-2eccbb10e4c1,2024-08-08,B3,3.3785
5575595a-5fd4-4a50-be8a-2eccbb10e4c1,2024-08-09,B3,2.7571
5575595a-5fd4-4a50-be8a-2eccbb10e4c1,2024-08-10,B3,2.1425
559fb5ac-05ef-494d-86c5-4998e2864022,2024-08-08,B1,1.1536
559fb5ac-05ef-494d-86c5-4998e2864022,2024-08-09,B1,0.9414
559fb5ac-05ef-494d-86c5-4998e2864022,2024-08-10,B1,0.7316
559fb5ac-05ef-494d-86c5-4998e2864022,2024-08-08,B2,3.6581
559fb5ac-05ef-494d-86c5-4998e2864022,2024-08-09,B2,2.9853
559fb5ac-05ef-494d-86c5-4998e2864022,2024-08-10,B2,2.3198
559fb5ac-05ef-494d-86c5-4998e2864022,2024-08-08,B3,3.6684
559fb5ac-05ef-494d-86c5-4998e2864022,2024-08-09,B3,2.9937
559fb5ac-05ef-494d-86c5-4998e2864022,2024-08-10,B3,2.3264
55f9ca2d-2571-4d81-b682-f8e77b821519,2024-08-08,M1,2.1103
55f9ca2d-2571-4d81-b682-f8e77b821519,2024-08-09,M1,1.8866
55f9ca2d-2571-4d81-b682-f8e77b821519,2024-08-10,M1,1.7209
55f9ca2d-2571-4d81-b682-f8e77b821519,2024-08-08,M2,1.8237
55f9ca2d-2571-4d81-b682-f8e77b821519,2024-08-09,M2,1.6304
55f9ca2d-2571-4d81-b682-f8e77b821519,2024-08-10,M2,1.4873
55f9ca2d-2571-4d81-b682-f8e77b821519,2024-08-08,M3,1.8698
55f9ca2d-2571-4d81-b682-f8e77b821519,2024-08-09,M3,1.6716
55f9ca2d-2571-4d81-b682-f8e77b821519,2024-08-10,M3,1.5249
55f9ca2d-2571-4d81-b682-f8e77b821519,2024-08-08,M4,2.6379
55f9ca2d-2571-4d81-b682-f8e77b821519,2024-08-09,M4,2.3582
55f9ca2d-2571-4d81-b682-f8e77b821519,2024-08-10,M4,2.1512
55f9ca2d-2571-4d81-b682-f8e77b821519,2024-08-08,M5,2.1103
55f9ca2d-2571-4d81-b682-f8e77b821519,2024-08-09,M5,1.8866
55f9ca2d-2571-4d81-b682-f8e77b821519,2024-08-10,M5,1.7209
560683ec-ce0c-4f29-b447-647e41197801,2024-08-08,M1,3.0858
560683ec-ce0c-4f29-b447-647e41197801,2024-08-09,M1,2.7586
560683ec-ce0c-4f29-b447-647e41197801,2024-08-10,M1,2.5165
560683ec-ce0c-4f29-b447-647e41197801,2024-08-08,M2,4.8528
560683ec-ce0c-4f29-b447-647e41197801,2024-08-09,M2,4.3383
560683ec-ce0c-4f29-b447-647e41197801,2024-08-10,M2,3.9575
560683ec-ce0c-4f29-b447-647e41197801,2024-08-08,M3,15.1828
560683ec-ce0c-4f29-b447-647e41197801,2024-08-09,M3,13.5733
560683ec-ce0c-4f29-b447-647e41197801,2024-08-10,M3,12.3817
560683ec-ce0c-4f29-b447-647e41197801,2024-08-08,M4,4.0398
560683ec-ce0c-4f29-b447-647e41197801,2024-08-09,M4,3.6115
560683ec-ce0c-4f29-b447-647e41197801,2024-08-10,M4,3.2945
560683ec-ce0c-4f29-b447-647e41197801,2024-08-08,M5,2.3042
560683ec-ce0c-4f29-b447-647e41197801,2024-08-09,M5,2.0599
560683ec-ce0c-4f29-b447-647e41197801,2024-08-10,M5,1.8791
56823300-eb5d-4361-a6e7-ac57992e36ce,2024-08-08,B1,3.4608
56823300-eb5d-4361-a6e7-ac57992e36ce,2024-08-09,B1,2.8243
56823300-eb5d-4361-a6e7-ac57992e36ce,2024-08-10,B1,2.1947
56823300-eb5d-4361-a6e7-ac57992e36ce,2024-08-08,B2,1.9365
56823300-eb5d-4361-a6e7-ac57992e36ce,2024-08-09,B2,1.5804
56823300-eb5d-4361-a6e7-ac57992e36ce,2024-08-10,B2,1.2281
56823300-eb5d-4361-a6e7-ac57992e36ce,2024-08-08,B3,10.3639
56823300-eb5d-4361-a6e7-ac57992e36ce,2024-08-09,B3,8.4578
56823300-eb5d-4361-a6e7-ac57992e36ce,2024-08-10,B3,6.5725
5682a6c9-e10b-42f0-bd7d-c897fcfe44f0,2024-08-08,M2,3.1654
5682a6c9-e10b-42f0-bd7d-c897fcfe44f0,2024-08-09,M2,2.8298
5682a6c9-e10b-42f0-bd7d-c897fcfe44f0,2024-08-10,M2,2.5814
5682a6c9-e10b-42f0-bd7d-c897fcfe44f0,2024-08-08,M3,2.0162
5682a6c9-e10b-42f0-bd7d-c897fcfe44f0,2024-08-09,M3,1.8024
5682a6c9-e10b-42f0-bd7d-c897fcfe44f0,2024-08-10,M3,1.6442
5682a6c9-e10b-42f0-bd7d-c897fcfe44f0,2024-08-08,M4,2.1103
5682a6c9-e10b-42f0-bd7d-c897fcfe44f0,2024-08-09,M4,1.8866
5682a6c9-e10b-42f0-bd7d-c897fcfe44f0,2024-08-10,M4,1.7209
5682a6c9-e10b-42f0-bd7d-c897fcfe44f0,2024-08-08,M5,2.1103
5682a6c9-e10b-42f0-bd7d-c897fcfe44f0,2024-08-09,M5,1.8866
5682a6c9-e10b-42f0-bd7d-c897fcfe44f0,2024-08-10,M5,1.7209
568f0d7a-8da9-4ef9-be4c-a9f0d4a2016e,2024-08-08,M1,3.01
568f0d7a-8da9-4ef9-be4c-a9f0d4a2016e,2024-08-09,M1,2.6909
568f0d7a-8da9-4ef9-be4c-a9f0d4a2016e,2024-08-10,M1,2.4546
568f0d7a-8da9-4ef9-be4c-a9f0d4a2016e,2024-08-08,M2,6.7814
568f0d7a-8da9-4ef9-be4c-a9f0d4a2016e,2024-08-09,M2,6.0625
568f0d7a-8da9-4ef9-be4c-a9f0d4a2016e,2024-08-10,M2,5.5303
568f0d7a-8da9-4ef9-be4c-a9f0d4a2016e,2024-08-08,M3,6.4928
568f0d7a-8da9-4ef9-be4c-a9f0d4a2016e,2024-08-09,M3,5.8045
568f0d7a-8da9-4ef9-be4c-a9f0d4a2016e,2024-08-10,M3,5.2949
568f0d7a-8da9-4ef9-be4c-a9f0d4a2016e,2024-08-08,M4,4.8632
568f0d7a-8da9-4ef9-be4c-a9f0d4a2016e,2024-08-09,M4,4.3476
568f0d7a-8da9-4ef9-be4c-a9f0d4a2016e,2024-08-10,M4,3.9659
568f0d7a-8da9-4ef9-be4c-a9f0d4a2016e,2024-08-08,M5,3.5783
568f0d7a-8da9-4ef9-be4c-a9f0d4a2016e,2024-08-09,M5,3.199
568f0d7a-8da9-4ef9-be4c-a9f0d4a2016e,2024-08-10,M5,2.9181
56fd15f9-0991-459e-9d7f-ac829400566a,2024-08-08,M1,3.0971
56fd15f9-0991-459e-9d7f-ac829400566a,2024-08-09,M1,2.7687
56fd15f9-0991-459e-9d7f-ac829400566a,2024-08-10,M1,2.5257
56fd15f9-0991-459e-9d7f-ac829400566a,2024-08-08,M2,4.7087
56fd15f9-0991-459e-9d7f-ac829400566a,2024-08-09,M2,4.2095
56fd15f9-0991-459e-9d7f-ac829400566a,2024-08-10,M2,3.8399
56fd15f9-0991-459e-9d7f-ac829400566a,2024-08-08,M3,3.8363
56fd15f9-0991-459e-9d7f-ac829400566a,2024-08-09,M3,3.4296
56fd15f9-0991-459e-9d7f-ac829400566a,2024-08-10,M3,3.1285
56fd15f9-0991-459e-9d7f-ac829400566a,2024-08-08,M4,4.4179
56fd15f9-0991-459e-9d7f-ac829400566a,2024-08-09,M4,3.9496
56fd15f9-0991-459e-9d7f-ac829400566a,2024-08-10,M4,3.6028
56fd15f9-0991-459e-9d7f-ac829400566a,2024-08-08,M5,3.7861
56fd15f9-0991-459e-9d7f-ac829400566a,2024-08-09,M5,3.3847
56fd15f9-0991-459e-9d7f-ac829400566a,2024-08-10,M5,3.0876
57229182-0d9e-4a32-a71f-37f7885269fe,2024-08-08,M1,3.693
57229182-0d9e-4a32-a71f-37f7885269fe,2024-08-09,M1,3.3015
57229182-0d9e-4a32-a71f-37f7885269fe,2024-08-10,M1,3.0117
57229182-0d9e-4a32-a71f-37f7885269fe,2024-08-08,M2,5.4607
57229182-0d9e-4a32-a71f-37f7885269fe,2024-08-09,M2,4.8817
57229182-0d9e-4a32-a71f-37f7885269fe,2024-08-10,M2,4.4532
57229182-0d9e-4a32-a71f-37f7885269fe,2024-08-08,M3,6.5049
57229182-0d9e-4a32-a71f-37f7885269fe,2024-08-09,M3,5.8153
57229182-0d9e-4a32-a71f-37f7885269fe,2024-08-10,M3,5.3047
57229182-0d9e-4a32-a71f-37f7885269fe,2024-08-08,M4,4.4429
57229182-0d9e-4a32-a71f-37f7885269fe,2024-08-09,M4,3.9719
57229182-0d9e-4a32-a71f-37f7885269fe,2024-08-10,M4,3.6232
57229182-0d9e-4a32-a71f-37f7885269fe,2024-08-08,M5,6.8584
57229182-0d9e-4a32-a71f-37f7885269fe,2024-08-09,M5,6.1313
57229182-0d9e-4a32-a71f-37f7885269fe,2024-08-10,M5,5.5931
57246fe2-0010-4f9e-9839-7a19aef9ca3f,2024-08-08,B2,1.1536
57246fe2-0010-4f9e-9839-7a19aef9ca3f,2024-08-09,B2,0.9414
57246fe2-0010-4f9e-9839-7a19aef9ca3f,2024-08-10,B2,0.7316
57246fe2-0010-4f9e-9839-7a19aef9ca3f,2024-08-08,B3,2.884
57246fe2-0010-4f9e-9839-7a19aef9ca3f,2024-08-09,B3,2.3536
57246fe2-0010-4f9e-9839-7a19aef9ca3f,2024-08-10,B3,1.8289
572479ad-4197-4442-82a4-5ed187d901e4,2024-08-08,B2,1.7304
572479ad-4197-4442-82a4-5ed187d901e4,2024-08-09,B2,1.4122
572479ad-4197-4442-82a4-5ed187d901e4,2024-08-10,B2,1.0974
572479ad-4197-4442-82a4-5ed187d901e4,2024-08-08,B3,3.0112
572479ad-4197-4442-82a4-5ed187d901e4,2024-08-09,B3,2.4574
572479ad-4197-4442-82a4-5ed187d901e4,2024-08-10,B3,1.9096
573bc632-14e0-48fa-8ac0-436eb74a88ad,2024-08-08,M1,1.9358
573bc632-14e0-48fa-8ac0-436eb74a88ad,2024-08-09,M1,1.7305
573bc632-14e0-48fa-8ac0-436eb74a88ad,2024-08-10,M1,1.5786
573bc632-14e0-48fa-8ac0-436eb74a88ad,2024-08-08,M2,2.8376
573bc632-14e0-48fa-8ac0-436eb74a88ad,2024-08-09,M2,2.5367
573bc632-14e0-48fa-8ac0-436eb74a88ad,2024-08-10,M2,2.314
573bc632-14e0-48fa-8ac0-436eb74a88ad,2024-08-08,M3,21.0442
573bc632-14e0-48fa-8ac0-436eb74a88ad,2024-08-09,M3,18.8132
573bc632-14e0-48fa-8ac0-436eb74a88ad,2024-08-10,M3,17.1617
573bc632-14e0-48fa-8ac0-436eb74a88ad,2024-08-08,M4,1.8417
573bc632-14e0-48fa-8ac0-436eb74a88ad,2024-08-09,M4,1.6464
573bc632-14e0-48fa-8ac0-436eb74a88ad,2024-08-10,M4,1.5019
573bc632-14e0-48fa-8ac0-436eb74a88ad,2024-08-08,M5,2.0754
573bc632-14e0-48fa-8ac0-436eb74a88ad,2024-08-09,M5,1.8554
573bc632-14e0-48fa-8ac0-436eb74a88ad,2024-08-10,M5,1.6925
577ceed0-abde-42a2-a358-4bb746d517b5,2024-08-08,M1,1.0551
577ceed0-abde-42a2-a358-4bb746d517b5,2024-08-09,M1,0.9433
577ceed0-abde-42a2-a358-4bb746d517b5,2024-08-10,M1,0.8605
577ceed0-abde-42a2-a358-4bb746d517b5,2024-08-08,M2,3.0687
577ceed0-abde-42a2-a358-4bb746d517b5,2024-08-09,M2,2.7433
577ceed0-abde-42a2-a358-4bb746d517b5,2024-08-10,M2,2.5025
577ceed0-abde-42a2-a358-4bb746d517b5,2024-08-08,M3,4.1459
577ceed0-abde-42a2-a358-4bb746d517b5,2024-08-09,M3,3.7064
577ceed0-abde-42a2-a358-4bb746d517b5,2024-08-10,M3,3.381
577ceed0-abde-42a2-a358-4bb746d517b5,2024-08-08,M4,2.9505
577ceed0-abde-42a2-a358-4bb746d517b5,2024-08-09,M4,2.6377
577ceed0-abde-42a2-a358-4bb746d517b5,2024-08-10,M4,2.4062
577ceed0-abde-42a2-a358-4bb746d517b5,2024-08-08,M5,1.6558
577ceed0-abde-42a2-a358-4bb746d517b5,2024-08-09,M5,1.4803
577ceed0-abde-42a2-a358-4bb746d517b5,2024-08-10,M5,1.3503
57af9e2a-cd0f-4349-a4a7-21c6e537beaa,2024-08-08,B1,1.9904
57af9e2a-cd0f-4349-a4a7-21c6e537beaa,2024-08-09,B1,1.6244
57af9e2a-cd0f-4349-a4a7-21c6e537beaa,2024-08-10,B1,1.2623
57af9e2a-cd0f-4349-a4a7-21c6e537beaa,2024-08-08,B2,3.2624
57af9e2a-cd0f-4349-a4a7-21c6e537beaa,2024-08-09,B2,2.6624
57af9e2a-cd0f-4349-a4a7-21c6e537beaa,2024-08-10,B2,2.0689
57af9e2a-cd0f-4349-a4a7-21c6e537beaa,2024-08-08,B3,7.6622
57af9e2a-cd0f-4349-a4a7-21c6e537beaa,2024-08-09,B3,6.253
57af9e2a-cd0f-4349-a4a7-21c6e537beaa,2024-08-10,B3,4.8592
57f8c48a-9cf3-44d8-981d-749d68248fbd,2024-08-08,B1,2.2928
57f8c48a-9cf3-44d8-981d-749d68248fbd,2024-08-09,B1,1.8711
57f8c48a-9cf3-44d8-981d-749d68248fbd,2024-08-10,B1,1.4541
57f8c48a-9cf3-44d8-981d-749d68248fbd,2024-08-08,B2,3.0576
57f8c48a-9cf3-44d8-981d-749d68248fbd,2024-08-09,B2,2.4952
57f8c48a-9cf3-44d8-981d-749d68248fbd,2024-08-10,B2,1.939
57f8c48a-9cf3-44d8-981d-749d68248fbd,2024-08-08,B3,11.7364
57f8c48a-9cf3-44d8-981d-749d68248fbd,2024-08-09,B3,9.5779
57f8c48a-9cf3-44d8-981d-749d68248fbd,2024-08-10,B3,7.4429
58df7386-b018-441d-9804-179634419a7c,2024-08-08,M1,1.838
58df7386-b018-441d-9804-179634419a7c,2024-08-09,M1,1.6432
58df7386-b018-441d-9804-179634419a7c,2024-08-10,M1,1.4989
58df7386-b018-441d-9804-179634419a7c,2024-08-08,M2,3.8852
58df7386-b018-441d-9804-179634419a7c,2024-08-09,M2,3.4733
58df7386-b018-441d-9804-179634419a7c,2024-08-10,M2,3.1684
58df7386-b018-441d-9804-179634419a7c,2024-08-08,M3,7.236
58df7386-b018-441d-9804-179634419a7c,2024-08-09,M3,6.4689
58df7386-b018-441d-9804-179634419a7c,2024-08-10,M3,5.901
58df7386-b018-441d-9804-179634419a7c,2024-08-08,M4,3.4253
58df7386-b018-441d-9804-179634419a7c,2024-08-09,M4,3.0622
58df7386-b018-441d-9804-179634419a7c,2024-08-10,M4,2.7933
58df7386-b018-441d-9804-179634419a7c,2024-08-08,M5,1.7339
58df7386-b018-441d-9804-179634419a7c,2024-08-09,M5,1.5501
58df7386-b018-441d-9804-179634419a7c,2024-08-10,M5,1.414
594761ef-d512-4802-bc37-beea1bed1340,2024-08-08,M2,2.1103
594761ef-d512-4802-bc37-beea1bed1340,2024-08-09,M2,1.8866
594761ef-d512-4802-bc37-beea1bed1340,2024-08-10,M2,1.7209
594761ef-d512-4802-bc37-beea1bed1340,2024-08-08,M3,1.8858
594761ef-d512-4802-bc37-beea1bed1340,2024-08-09,M3,1.6859
594761ef-d512-4802-bc37-beea1bed1340,2024-08-10,M3,1.5379
594761ef-d512-4802-bc37-beea1bed1340,2024-08-08,M4,2.1103
594761ef-d512-4802-bc37-beea1bed1340,2024-08-09,M4,1.8866
594761ef-d512-4802-bc37-beea1bed1340,2024-08-10,M4,1.7209
5999d91c-2cd3-4968-8af7-cd28126e5057,2024-08-08,B3,3.4812
5999d91c-2cd3-4968-8af7-cd28126e5057,2024-08-09,B3,2.841
5999d91c-2cd3-4968-8af7-cd28126e5057,2024-08-10,B3,2.2077
5a07fedf-36ec-49e5-9282-2ffdb0fdfe39,2024-08-08,B3,2.3072
5a07fedf-36ec-49e5-9282-2ffdb0fdfe39,2024-08-09,B3,1.8829
5a07fedf-36ec-49e5-9282-2ffdb0fdfe39,2024-08-10,B3,1.4632
5a23e85c-48c0-4872-926e-1b34d53d0a77,2024-08-08,B1,2.0114
5a23e85c-48c0-4872-926e-1b34d53d0a77,2024-08-09,B1,1.6415
5a23e85c-48c0-4872-926e-1b34d53d0a77,2024-08-10,B1,1.2756
5a23e85c-48c0-4872-926e-1b34d53d0a77,2024-08-08,B2,1.8986
5a23e85c-48c0-4872-926e-1b34d53d0a77,2024-08-09,B2,1.5494
5a23e85c-48c0-4872-926e-1b34d53d0a77,2024-08-10,B2,1.204
5a23e85c-48c0-4872-926e-1b34d53d0a77,2024-08-08,B3,5.2516
5a23e85c-48c0-4872-926e-1b34d53d0a77,2024-08-09,B3,4.2857
5a23e85c-48c0-4872-926e-1b34d53d0a77,2024-08-10,B3,3.3304
5a5a2c3b-e029-4ff4-bfe5-af68472213c5,2024-08-08,B3,6.1802
5a5a2c3b-e029-4ff4-bfe5-af68472213c5,2024-08-09,B3,5.0436
5a5a2c3b-e029-4ff4-bfe5-af68472213c5,2024-08-10,B3,3.9193
5b4c2f29-9278-4791-8305-72478bbe7c3c,2024-08-08,M2,2.0779
5b4c2f29-9278-4791-8305-72478bbe7c3c,2024-08-09,M2,1.8576
5b4c2f29-9278-4791-8305-72478bbe7c3c,2024-08-10,M2,1.6945
5b4c2f29-9278-4791-8305-72478bbe7c3c,2024-08-08,M3,2.6379
5b4c2f29-9278-4791-8305-72478bbe7c3c,2024-08-09,M3,2.3582
5b4c2f29-9278-4791-8305-72478bbe7c3c,2024-08-10,M3,2.1512
5b4c2f29-9278-4791-8305-72478bbe7c3c,2024-08-08,M4,1.9334
5b4c2f29-9278-4791-8305-72478bbe7c3c,2024-08-09,M4,1.7284
5b4c2f29-9278-4791-8305-72478bbe7c3c,2024-08-10,M4,1.5767
5c0095f0-8c65-40ec-b57f-36300b57b5ea,2024-08-08,M2,1.9349
5c0095f0-8c65-40ec-b57f-36300b57b5ea,2024-08-09,M2,1.7298
5c0095f0-8c65-40ec-b57f-36300b57b5ea,2024-08-10,M2,1.5779
5c0095f0-8c65-40ec-b57f-36300b57b5ea,2024-08-08,M3,4.2206
5c0095f0-8c65-40ec-b57f-36300b57b5ea,2024-08-09,M3,3.7731
5c0095f0-8c65-40ec-b57f-36300b57b5ea,2024-08-10,M3,3.4419
5c0095f0-8c65-40ec-b57f-36300b57b5ea,2024-08-08,M4,1.5827
5c0095f0-8c65-40ec-b57f-36300b57b5ea,2024-08-09,M4,1.4149
5c0095f0-8c65-40ec-b57f-36300b57b5ea,2024-08-10,M4,1.2907
5c1e2b01-4392-49d4-9a74-bc7ae9116d9d,2024-08-08,B1,4.1138
5c1e2b01-4392-49d4-9a74-bc7ae9116d9d,2024-08-09,B1,3.3572
5c1e2b01-4392-49d4-9a74-bc7ae9116d9d,2024-08-10,B1,2.6089
5c1e2b01-4392-49d4-9a74-bc7ae9116d9d,2024-08-08,B2,4.9995
5c1e2b01-4392-49d4-9a74-bc7ae9116d9d,2024-08-09,B2,4.08
5c1e2b01-4392-49d4-9a74-bc7ae9116d9d,2024-08-10,B2,3.1705
5c1e2b01-4392-49d4-9a74-bc7ae9116d9d,2024-08-08,B3,15.5083
5c1e2b01-4392-49d4-9a74-bc7ae9116d9d,2024-08-09,B3,12.656
5c1e2b01-4392-49d4-9a74-bc7ae9116d9d,2024-08-10,B3,9.8349
5cac0a12-9675-4b47-89b2-c2baccc52219,2024-08-08,B1,3.6874
5cac0a12-9675-4b47-89b2-c2baccc52219,2024-08-09,B1,3.0092
5cac0a12-9675-4b47-89b2-c2baccc52219,2024-08-10,B1,2.3384
5cac0a12-9675-4b47-89b2-c2baccc52219,2024-08-08,B2,4.1493
5cac0a12-9675-4b47-89b2-c2baccc52219,2024-08-09,B2,3.3862
5cac0a12-9675-4b47-89b2-c2baccc52219,2024-08-10,B2,2.6314
5cac0a12-9675-4b47-89b2-c2baccc52219,2024-08-08,B3,22.4369
5cac0a12-9675-4b47-89b2-c2baccc52219,2024-08-09,B3,18.3104
5cac0a12-9675-4b47-89b2-c2baccc52219,2024-08-10,B3,14.2288
5cc8cf71-9723-4667-a314-4f1b552be7fd,2024-08-08,B1,4.6144
5cc8cf71-9723-4667-a314-4f1b552be7fd,2024-08-09,B1,3.7657
5cc8cf71-9723-4667-a314-4f1b552be7fd,2024-08-10,B1,2.9263
5cc8cf71-9723-4667-a314-4f1b552be7fd,2024-08-08,B3,6.3448
5cc8cf71-9723-4667-a314-4f1b552be7fd,2024-08-09,B3,5.1779
5cc8cf71-9723-4667-a314-4f1b552be7fd,2024-08-10,B3,4.0237
5d006f09-3296-471d-ba84-0deac169497a,2024-08-08,B1,1.9485
5d006f09-3296-471d-ba84-0deac169497a,2024-08-09,B1,1.5901
5d006f09-3296-471d-ba84-0deac169497a,2024-08-10,B1,1.2357
5d006f09-3296-471d-ba84-0deac169497a,2024-08-08,B3,3.5315
5d006f09-3296-471d-ba84-0deac169497a,2024-08-09,B3,2.882
5d006f09-3296-471d-ba84-0deac169497a,2024-08-10,B3,2.2396
5d02a64e-8abb-4f32-a83b-ea032f682186,2024-08-08,B1,3.5723
5d02a64e-8abb-4f32-a83b-ea032f682186,2024-08-09,B1,2.9153
5d02a64e-8abb-4f32-a83b-ea032f682186,2024-08-10,B1,2.2654
5d02a64e-8abb-4f32-a83b-ea032f682186,2024-08-08,B2,3.3899
5d02a64e-8abb-4f32-a83b-ea032f682186,2024-08-09,B2,2.7664
5d02a64e-8abb-4f32-a83b-ea032f682186,2024-08-10,B2,2.1498
5d02a64e-8abb-4f32-a83b-ea032f682186,2024-08-08,B3,81.9196
5d02a64e-8abb-4f32-a83b-ea032f682186,2024-08-09,B3,66.8533
5d02a64e-8abb-4f32-a83b-ea032f682186,2024-08-10,B3,51.9511
5d07cc49-e0e5-4439-9877-deb84999b66a,2024-08-08,B1,1.917
5d07cc49-e0e5-4439-9877-deb84999b66a,2024-08-09,B1,1.5644
5d07cc49-e0e5-4439-9877-deb84999b66a,2024-08-10,B1,1.2157
5d07cc49-e0e5-4439-9877-deb84999b66a,2024-08-08,B2,2.074
5d07cc49-e0e5-4439-9877-deb84999b66a,2024-08-09,B2,1.6925
5d07cc49-e0e5-4439-9877-deb84999b66a,2024-08-10,B2,1.3153
5d07cc49-e0e5-4439-9877-deb84999b66a,2024-08-08,B3,25.143
5d07cc49-e0e5-4439-9877-deb84999b66a,2024-08-09,B3,20.5189
5d07cc49-e0e5-4439-9877-deb84999b66a,2024-08-10,B3,15.945
5d28ddf0-66c6-4b3c-96d7-e1befecccffc,2024-08-08,B1,3.4608
5d28ddf0-66c6-4b3c-96d7-e1befecccffc,2024-08-09,B1,2.8243
5d28ddf0-66c6-4b3c-96d7-e1befecccffc,2024-08-10,B1,2.1947
5d28ddf0-66c6-4b3c-96d7-e1befecccffc,2024-08-08,B3,2.3072
5d28ddf0-66c6-4b3c-96d7-e1befecccffc,2024-08-09,B3,1.8829
5d28ddf0-66c6-4b3c-96d7-e1befecccffc,2024-08-10,B3,1.4632
5dbb6a5a-d731-42ef-8080-42f605c18eee,2024-08-08,B1,2.1089
5dbb6a5a-d731-42ef-8080-42f605c18eee,2024-08-09,B1,1.721
5dbb6a5a-d731-42ef-8080-42f605c18eee,2024-08-10,B1,1.3374
5dbb6a5a-d731-42ef-8080-42f605c18eee,2024-08-08,B2,1.8026
5dbb6a5a-d731-42ef-8080-42f605c18eee,2024-08-09,B2,1.4711
5dbb6a5a-d731-42ef-8080-42f605c18eee,2024-08-10,B2,1.1432
5dbb6a5a-d731-42ef-8080-42f605c18eee,2024-08-08,B3,3.3073
5dbb6a5a-d731-42ef-8080-42f605c18eee,2024-08-09,B3,2.699
5dbb6a5a-d731-42ef-8080-42f605c18eee,2024-08-10,B3,2.0974
5de1e2c4-0cdc-4624-b6e6-1f201cc7e6af,2024-08-08,B1,1.1536
5de1e2c4-0cdc-4624-b6e6-1f201cc7e6af,2024-08-09,B1,0.9414
5de1e2c4-0cdc-4624-b6e6-1f201cc7e6af,2024-08-10,B1,0.7316
5de1e2c4-0cdc-4624-b6e6-1f201cc7e6af,2024-08-08,B3,4.0506
5de1e2c4-0cdc-4624-b6e6-1f201cc7e6af,2024-08-09,B3,3.3056
5de1e2c4-0cdc-4624-b6e6-1f201cc7e6af,2024-08-10,B3,2.5688
5de72eab-3078-4d23-8469-027431b2b410,2024-08-08,M1,2.0338
5de72eab-3078-4d23-8469-027431b2b410,2024-08-09,M1,1.8182
5de72eab-3078-4d23-8469-027431b2b410,2024-08-10,M1,1.6586
5de72eab-3078-4d23-8469-027431b2b410,2024-08-08,M2,8.1557
5de72eab-3078-4d23-8469-027431b2b410,2024-08-09,M2,7.2911
5de72eab-3078-4d23-8469-027431b2b410,2024-08-10,M2,6.651
5de72eab-3078-4d23-8469-027431b2b410,2024-08-08,M3,16.9805
5de72eab-3078-4d23-8469-027431b2b410,2024-08-09,M3,15.1803
5de72eab-3078-4d23-8469-027431b2b410,2024-08-10,M3,13.8477
5de72eab-3078-4d23-8469-027431b2b410,2024-08-08,M4,6.0145
5de72eab-3078-4d23-8469-027431b2b410,2024-08-09,M4,5.3769
5de72eab-3078-4d23-8469-027431b2b410,2024-08-10,M4,4.9049
5de72eab-3078-4d23-8469-027431b2b410,2024-08-08,M5,1.8486
5de72eab-3078-4d23-8469-027431b2b410,2024-08-09,M5,1.6526
5de72eab-3078-4d23-8469-027431b2b410,2024-08-10,M5,1.5075
5f06aec1-0e85-42ce-a90a-d6bd5cd9c816,2024-08-08,B1,3.4608
5f06aec1-0e85-42ce-a90a-d6bd5cd9c816,2024-08-09,B1,2.8243
5f06aec1-0e85-42ce-a90a-d6bd5cd9c816,2024-08-10,B1,2.1947
5f06aec1-0e85-42ce-a90a-d6bd5cd9c816,2024-08-08,B2,1.1536
5f06aec1-0e85-42ce-a90a-d6bd5cd9c816,2024-08-09,B2,0.9414
5f06aec1-0e85-42ce-a90a-d6bd5cd9c816,2024-08-10,B2,0.7316
5f06aec1-0e85-42ce-a90a-d6bd5cd9c816,2024-08-08,B3,2.15
5f06aec1-0e85-42ce-a90a-d6bd5cd9c816,2024-08-09,B3,1.7546
5f06aec1-0e85-42ce-a90a-d6bd5cd9c816,2024-08-10,B3,1.3635
5f08a1e9-472e-435a-a6af-358435773074,2024-08-08,M2,2.1103
5f08a1e9-472e-435a-a6af-358435773074,2024-08-09,M2,1.8866
5f08a1e9-472e-435a-a6af-358435773074,2024-08-10,M2,1.7209
5f08a1e9-472e-435a-a6af-358435773074,2024-08-08,M3,1.8072
5f08a1e9-472e-435a-a6af-358435773074,2024-08-09,M3,1.6156
5f08a1e9-472e-435a-a6af-358435773074,2024-08-10,M3,1.4738
5f41cbc7-96ac-432c-a96f-09544980bc63,2024-08-08,B1,2.0912
5f41cbc7-96ac-432c-a96f-09544980bc63,2024-08-09,B1,1.7066
5f41cbc7-96ac-432c-a96f-09544980bc63,2024-08-10,B1,1.3262
5f41cbc7-96ac-432c-a96f-09544980bc63,2024-08-08,B2,2.0763
5f41cbc7-96ac-432c-a96f-09544980bc63,2024-08-09,B2,1.6944
5f41cbc7-96ac-432c-a96f-09544980bc63,2024-08-10,B2,1.3167
5f41cbc7-96ac-432c-a96f-09544980bc63,2024-08-08,B3,3.0957
5f41cbc7-96ac-432c-a96f-09544980bc63,2024-08-09,B3,2.5264
5f41cbc7-96ac-432c-a96f-09544980bc63,2024-08-10,B3,1.9632
5fc3ca0a-45db-4a55-a543-f6d2b25000e3,2024-08-08,B3,2.3072
5fc3ca0a-45db-4a55-a543-f6d2b25000e3,2024-08-09,B3,1.8829
5fc3ca0a-45db-4a55-a543-f6d2b25000e3,2024-08-10,B3,1.4632
5fdd43c0-3c71-47ba-b72a-4b6604becbeb,2024-08-08,B1,3.6714
5fdd43c0-3c71-47ba-b72a-4b6604becbeb,2024-08-09,B1,2.9961
5fdd43c0-3c71-47ba-b72a-4b6604becbeb,2024-08-10,B1,2.3283
5fdd43c0-3c71-47ba-b72a-4b6604becbeb,2024-08-08,B2,5.3778
5fdd43c0-3c71-47ba-b72a-4b6604becbeb,2024-08-09,B2,4.3888
5fdd43c0-3c71-47ba-b72a-4b6604becbeb,2024-08-10,B2,3.4105
5fdd43c0-3c71-47ba-b72a-4b6604becbeb,2024-08-08,B3,11.2114
5fdd43c0-3c71-47ba-b72a-4b6604becbeb,2024-08-09,B3,9.1495
5fdd43c0-3c71-47ba-b72a-4b6604becbeb,2024-08-10,B3,7.11
604322f2-4113-4cd8-9c71-750445f91e27,2024-08-08,M1,2.2793
604322f2-4113-4cd8-9c71-750445f91e27,2024-08-09,M1,2.0377
604322f2-4113-4cd8-9c71-750445f91e27,2024-08-10,M1,1.8588
604322f2-4113-4cd8-9c71-750445f91e27,2024-08-08,M2,5.7233
604322f2-4113-4cd8-9c71-750445f91e27,2024-08-09,M2,5.1165
604322f2-4113-4cd8-9c71-750445f91e27,2024-08-10,M2,4.6674
604322f2-4113-4cd8-9c71-750445f91e27,2024-08-08,M3,10.3752
604322f2-4113-4cd8-9c71-750445f91e27,2024-08-09,M3,9.2753
604322f2-4113-4cd8-9c71-750445f91e27,2024-08-10,M3,8.461
604322f2-4113-4cd8-9c71-750445f91e27,2024-08-08,M4,4.7767
604322f2-4113-4cd8-9c71-750445f91e27,2024-08-09,M4,4.2703
604322f2-4113-4cd8-9c71-750445f91e27,2024-08-10,M4,3.8954
604322f2-4113-4cd8-9c71-750445f91e27,2024-08-08,M5,1.6112
604322f2-4113-4cd8-9c71-750445f91e27,2024-08-09,M5,1.4404
604322f2-4113-4cd8-9c71-750445f91e27,2024-08-10,M5,1.3139
6056c495-a51b-419a-83b1-80fc1dc1a441,2024-08-08,M1,5.805
6056c495-a51b-419a-83b1-80fc1dc1a441,2024-08-09,M1,5.1896
6056c495-a51b-419a-83b1-80fc1dc1a441,2024-08-10,M1,4.734
6056c495-a51b-419a-83b1-80fc1dc1a441,2024-08-08,M2,10.2618
6056c495-a51b-419a-83b1-80fc1dc1a441,2024-08-09,M2,9.1739
6056c495-a51b-419a-83b1-80fc1dc1a441,2024-08-10,M2,8.3685
6056c495-a51b-419a-83b1-80fc1dc1a441,2024-08-08,M3,19.1427
6056c495-a51b-419a-83b1-80fc1dc1a441,2024-08-09,M3,17.1133
6056c495-a51b-419a-83b1-80fc1dc1a441,2024-08-10,M3,15.6109
6056c495-a51b-419a-83b1-80fc1dc1a441,2024-08-08,M4,7.4384
6056c495-a51b-419a-83b1-80fc1dc1a441,2024-08-09,M4,6.6499
6056c495-a51b-419a-83b1-80fc1dc1a441,2024-08-10,M4,6.0661
6056c495-a51b-419a-83b1-80fc1dc1a441,2024-08-08,M5,4.9578
6056c495-a51b-419a-83b1-80fc1dc1a441,2024-08-09,M5,4.4322
6056c495-a51b-419a-83b1-80fc1dc1a441,2024-08-10,M5,4.0431
608ed90e-da86-4825-9ee7-22c243a5e31b,2024-08-08,B1,1.1536
608ed90e-da86-4825-9ee7-22c243a5e31b,2024-08-09,B1,0.9414
608ed90e-da86-4825-9ee7-22c243a5e31b,2024-08-10,B1,0.7316
608ed90e-da86-4825-9ee7-22c243a5e31b,2024-08-08,B2,2.0635
608ed90e-da86-4825-9ee7-22c243a5e31b,2024-08-09,B2,1.684
608ed90e-da86-4825-9ee7-22c243a5e31b,2024-08-10,B2,1.3086
608ed90e-da86-4825-9ee7-22c243a5e31b,2024-08-08,B3,3.6912
608ed90e-da86-4825-9ee7-22c243a5e31b,2024-08-09,B3,3.0124
608ed90e-da86-4825-9ee7-22c243a5e31b,2024-08-10,B3,2.3409
60a46a42-7403-4b2a-94b5-a2155e3baa2f,2024-08-08,M1,2.4946
60a46a42-7403-4b2a-94b5-a2155e3baa2f,2024-08-09,M1,2.2301
60a46a42-7403-4b2a-94b5-a2155e3baa2f,2024-08-10,M1,2.0343
60a46a42-7403-4b2a-94b5-a2155e3baa2f,2024-08-08,M2,6.0242
60a46a42-7403-4b2a-94b5-a2155e3baa2f,2024-08-09,M2,5.3856
60a46a42-7403-4b2a-94b5-a2155e3baa2f,2024-08-10,M2,4.9128
60a46a42-7403-4b2a-94b5-a2155e3baa2f,2024-08-08,M3,11.498
60a46a42-7403-4b2a-94b5-a2155e3baa2f,2024-08-09,M3,10.2791
60a46a42-7403-4b2a-94b5-a2155e3baa2f,2024-08-10,M3,9.3767
60a46a42-7403-4b2a-94b5-a2155e3baa2f,2024-08-08,M4,5.7529
60a46a42-7403-4b2a-94b5-a2155e3baa2f,2024-08-09,M4,5.143
60a46a42-7403-4b2a-94b5-a2155e3baa2f,2024-08-10,M4,4.6915
60a46a42-7403-4b2a-94b5-a2155e3baa2f,2024-08-08,M5,1.8404
60a46a42-7403-4b2a-94b5-a2155e3baa2f,2024-08-09,M5,1.6453
60a46a42-7403-4b2a-94b5-a2155e3baa2f,2024-08-10,M5,1.5009
61f6ffde-0ae2-47b2-8c4a-a24586f1dc83,2024-08-08,M1,1.7877
61f6ffde-0ae2-47b2-8c4a-a24586f1dc83,2024-08-09,M1,1.5982
61f6ffde-0ae2-47b2-8c4a-a24586f1dc83,2024-08-10,M1,1.4579
61f6ffde-0ae2-47b2-8c4a-a24586f1dc83,2024-08-08,M2,1.8941
61f6ffde-0ae2-47b2-8c4a-a24586f1dc83,2024-08-09,M2,1.6933
61f6ffde-0ae2-47b2-8c4a-a24586f1dc83,2024-08-10,M2,1.5446
61f6ffde-0ae2-47b2-8c4a-a24586f1dc83,2024-08-08,M3,1.7807
61f6ffde-0ae2-47b2-8c4a-a24586f1dc83,2024-08-09,M3,1.592
61f6ffde-0ae2-47b2-8c4a-a24586f1dc83,2024-08-10,M3,1.4522
61f6ffde-0ae2-47b2-8c4a-a24586f1dc83,2024-08-08,M5,1.5827
61f6ffde-0ae2-47b2-8c4a-a24586f1dc83,2024-08-09,M5,1.4149
61f6ffde-0ae2-47b2-8c4a-a24586f1dc83,2024-08-10,M5,1.2907
6241a068-0f27-4e46-a20e-78f94264384b,2024-08-08,M1,5.2757
6241a068-0f27-4e46-a20e-78f94264384b,2024-08-09,M1,4.7164
6241a068-0f27-4e46-a20e-78f94264384b,2024-08-10,M1,4.3024
6241a068-0f27-4e46-a20e-78f94264384b,2024-08-08,M2,1.8047
6241a068-0f27-4e46-a20e-78f94264384b,2024-08-09,M2,1.6134
6241a068-0f27-4e46-a20e-78f94264384b,2024-08-10,M2,1.4718
6241a068-0f27-4e46-a20e-78f94264384b,2024-08-08,M3,3.0713
6241a068-0f27-4e46-a20e-78f94264384b,2024-08-09,M3,2.7457
6241a068-0f27-4e46-a20e-78f94264384b,2024-08-10,M3,2.5046
6241a068-0f27-4e46-a20e-78f94264384b,2024-08-08,M4,2.0391
6241a068-0f27-4e46-a20e-78f94264384b,2024-08-09,M4,1.823
6241a068-0f27-4e46-a20e-78f94264384b,2024-08-10,M4,1.6629
6241a068-0f27-4e46-a20e-78f94264384b,2024-08-08,M5,2.1103
6241a068-0f27-4e46-a20e-78f94264384b,2024-08-09,M5,1.8866
6241a068-0f27-4e46-a20e-78f94264384b,2024-08-10,M5,1.7209
62643c2d-08bd-4671-8341-c46e353006d8,2024-08-08,B1,1.1536
62643c2d-08bd-4671-8341-c46e353006d8,2024-08-09,B1,0.9414
62643c2d-08bd-4671-8341-c46e353006d8,2024-08-10,B1,0.7316
62643c2d-08bd-4671-8341-c46e353006d8,2024-08-08,B2,2.3072
62643c2d-08bd-4671-8341-c46e353006d8,2024-08-09,B2,1.8829
62643c2d-08bd-4671-8341-c46e353006d8,2024-08-10,B2,1.4632
62643c2d-08bd-4671-8341-c46e353006d8,2024-08-08,B3,2.5662
62643c2d-08bd-4671-8341-c46e353006d8,2024-08-09,B3,2.0942
62643c2d-08bd-4671-8341-c46e353006d8,2024-08-10,B3,1.6274
6269e950-c399-4cd6-a607-51a4cc5499d2,2024-08-08,B3,1.821
6269e950-c399-4cd6-a607-51a4cc5499d2,2024-08-09,B3,1.4861
6269e950-c399-4cd6-a607-51a4cc5499d2,2024-08-10,B3,1.1548
62a27a73-6134-43d2-8f23-39330303493a,2024-08-08,B1,4.4064
62a27a73-6134-43d2-8f23-39330303493a,2024-08-09,B1,3.596
62a27a73-6134-43d2-8f23-39330303493a,2024-08-10,B1,2.7944
62a27a73-6134-43d2-8f23-39330303493a,2024-08-08,B2,1.9257
62a27a73-6134-43d2-8f23-39330303493a,2024-08-09,B2,1.5716
62a27a73-6134-43d2-8f23-39330303493a,2024-08-10,B2,1.2212
62a27a73-6134-43d2-8f23-39330303493a,2024-08-08,B3,6.3495
62a27a73-6134-43d2-8f23-39330303493a,2024-08-09,B3,5.1818
62a27a73-6134-43d2-8f23-39330303493a,2024-08-10,B3,4.0267
62a6cc37-6ae2-4c97-9dbe-4db299634543,2024-08-08,B2,1.7887
62a6cc37-6ae2-4c97-9dbe-4db299634543,2024-08-09,B2,1.4598
62a6cc37-6ae2-4c97-9dbe-4db299634543,2024-08-10,B2,1.1344
62a6cc37-6ae2-4c97-9dbe-4db299634543,2024-08-08,B3,5.7079
62a6cc37-6ae2-4c97-9dbe-4db299634543,2024-08-09,B3,4.6582
62a6cc37-6ae2-4c97-9dbe-4db299634543,2024-08-10,B3,3.6198
62bdd813-a60b-42e7-a6f1-711be2fa008c,2024-08-08,B1,11.6318
62bdd813-a60b-42e7-a6f1-711be2fa008c,2024-08-09,B1,9.4926
62bdd813-a60b-42e7-a6f1-711be2fa008c,2024-08-10,B1,7.3766
62bdd813-a60b-42e7-a6f1-711be2fa008c,2024-08-08,B3,1.7304
62bdd813-a60b-42e7-a6f1-711be2fa008c,2024-08-09,B3,1.4122
62bdd813-a60b-42e7-a6f1-711be2fa008c,2024-08-10,B3,1.0974
62d89f3f-6c28-4395-a2e0-f76293a197e9,2024-08-08,M1,1.9033
62d89f3f-6c28-4395-a2e0-f76293a197e9,2024-08-09,M1,1.7015
62d89f3f-6c28-4395-a2e0-f76293a197e9,2024-08-10,M1,1.5521
62d89f3f-6c28-4395-a2e0-f76293a197e9,2024-08-08,M2,2.576
62d89f3f-6c28-4395-a2e0-f76293a197e9,2024-08-09,M2,2.3029
62d89f3f-6c28-4395-a2e0-f76293a197e9,2024-08-10,M2,2.1008
62d89f3f-6c28-4395-a2e0-f76293a197e9,2024-08-08,M3,9.0661
62d89f3f-6c28-4395-a2e0-f76293a197e9,2024-08-09,M3,8.105
62d89f3f-6c28-4395-a2e0-f76293a197e9,2024-08-10,M3,7.3935
62d89f3f-6c28-4395-a2e0-f76293a197e9,2024-08-08,M4,1.999
62d89f3f-6c28-4395-a2e0-f76293a197e9,2024-08-09,M4,1.7871
62d89f3f-6c28-4395-a2e0-f76293a197e9,2024-08-10,M4,1.6302
62d89f3f-6c28-4395-a2e0-f76293a197e9,2024-08-08,M5,1.3975
62d89f3f-6c28-4395-a2e0-f76293a197e9,2024-08-09,M5,1.2493
62d89f3f-6c28-4395-a2e0-f76293a197e9,2024-08-10,M5,1.1396
6304ef41-da76-4560-8b61-83bafdb25ce0,2024-08-08,B1,2.238
6304ef41-da76-4560-8b61-83bafdb25ce0,2024-08-09,B1,1.8264
6304ef41-da76-4560-8b61-83bafdb25ce0,2024-08-10,B1,1.4193
6304ef41-da76-4560-8b61-83bafdb25ce0,2024-08-08,B2,2.1992
6304ef41-da76-4560-8b61-83bafdb25ce0,2024-08-09,B2,1.7948
6304ef41-da76-4560-8b61-83bafdb25ce0,2024-08-10,B2,1.3947
6304ef41-da76-4560-8b61-83bafdb25ce0,2024-08-08,B3,2.3746
6304ef41-da76-4560-8b61-83bafdb25ce0,2024-08-09,B3,1.9379
6304ef41-da76-4560-8b61-83bafdb25ce0,2024-08-10,B3,1.5059
63842057-07bc-44b4-988c-804edde6e83a,2024-08-08,B1,7.7193
63842057-07bc-44b4-988c-804edde6e83a,2024-08-09,B1,6.2996
63842057-07bc-44b4-988c-804edde6e83a,2024-08-10,B1,4.8953
63842057-07bc-44b4-988c-804edde6e83a,2024-08-08,B2,4.3471
63842057-07bc-44b4-988c-804edde6e83a,2024-08-09,B2,3.5476
63842057-07bc-44b4-988c-804edde6e83a,2024-08-10,B2,2.7568
63842057-07bc-44b4-988c-804edde6e83a,2024-08-08,B3,38.1757
63842057-07bc-44b4-988c-804edde6e83a,2024-08-09,B3,31.1546
63842057-07bc-44b4-988c-804edde6e83a,2024-08-10,B3,24.21
63dfe31b-1ed3-4e90-b92f-864430641413,2024-08-08,M3,1.0551
63dfe31b-1ed3-4e90-b92f-864430641413,2024-08-09,M3,0.9433
63dfe31b-1ed3-4e90-b92f-864430641413,2024-08-10,M3,0.8605
646f3e1d-457e-47a7-b0e9-980b7042353d,2024-08-08,M1,1.9079
646f3e1d-457e-47a7-b0e9-980b7042353d,2024-08-09,M1,1.7056
646f3e1d-457e-47a7-b0e9-980b7042353d,2024-08-10,M1,1.5559
646f3e1d-457e-47a7-b0e9-980b7042353d,2024-08-08,M2,2.066
646f3e1d-457e-47a7-b0e9-980b7042353d,2024-08-09,M2,1.847
646f3e1d-457e-47a7-b0e9-980b7042353d,2024-08-10,M2,1.6848
646f3e1d-457e-47a7-b0e9-980b7042353d,2024-08-08,M3,1.9089
646f3e1d-457e-47a7-b0e9-980b7042353d,2024-08-09,M3,1.7065
646f3e1d-457e-47a7-b0e9-980b7042353d,2024-08-10,M3,1.5567
646f3e1d-457e-47a7-b0e9-980b7042353d,2024-08-08,M4,1.0551
646f3e1d-457e-47a7-b0e9-980b7042353d,2024-08-09,M4,0.9433
646f3e1d-457e-47a7-b0e9-980b7042353d,2024-08-10,M4,0.8605
64dc7364-814f-419d-8d54-b8732d4eb6e5,2024-08-08,M2,2.2314
64dc7364-814f-419d-8d54-b8732d4eb6e5,2024-08-09,M2,1.9948
64dc7364-814f-419d-8d54-b8732d4eb6e5,2024-08-10,M2,1.8197
64dc7364-814f-419d-8d54-b8732d4eb6e5,2024-08-08,M3,3.0472
64dc7364-814f-419d-8d54-b8732d4eb6e5,2024-08-09,M3,2.7241
64dc7364-814f-419d-8d54-b8732d4eb6e5,2024-08-10,M3,2.485
64dc7364-814f-419d-8d54-b8732d4eb6e5,2024-08-08,M4,2.1443
64dc7364-814f-419d-8d54-b8732d4eb6e5,2024-08-09,M4,1.917
64dc7364-814f-419d-8d54-b8732d4eb6e5,2024-08-10,M4,1.7487
64dc7364-814f-419d-8d54-b8732d4eb6e5,2024-08-08,M5,1.6809
64dc7364-814f-419d-8d54-b8732d4eb6e5,2024-08-09,M5,1.5027
64dc7364-814f-419d-8d54-b8732d4eb6e5,2024-08-10,M5,1.3708
64fd6150-64d2-45bf-b36e-c7b3c7feb12a,2024-08-08,B1,3.5431
64fd6150-64d2-45bf-b36e-c7b3c7feb12a,2024-08-09,B1,2.8915
64fd6150-64d2-45bf-b36e-c7b3c7feb12a,2024-08-10,B1,2.2469
64fd6150-64d2-45bf-b36e-c7b3c7feb12a,2024-08-08,B2,2.2629
64fd6150-64d2-45bf-b36e-c7b3c7feb12a,2024-08-09,B2,1.8467
64fd6150-64d2-45bf-b36e-c7b3c7feb12a,2024-08-10,B2,1.435
64fd6150-64d2-45bf-b36e-c7b3c7feb12a,2024-08-08,B3,4.0917
64fd6150-64d2-45bf-b36e-c7b3c7feb12a,2024-08-09,B3,3.3392
64fd6150-64d2-45bf-b36e-c7b3c7feb12a,2024-08-10,B3,2.5949
6512c882-1ada-496e-86c4-ac11a9a41031,2024-08-08,B1,1.9676
6512c882-1ada-496e-86c4-ac11a9a41031,2024-08-09,B1,1.6057
6512c882-1ada-496e-86c4-ac11a9a41031,2024-08-10,B1,1.2478
6512c882-1ada-496e-86c4-ac11a9a41031,2024-08-08,B2,1.1536
6512c882-1ada-496e-86c4-ac11a9a41031,2024-08-09,B2,0.9414
6512c882-1ada-496e-86c4-ac11a9a41031,2024-08-10,B2,0.7316
6512c882-1ada-496e-86c4-ac11a9a41031,2024-08-08,B3,3.0967
6512c882-1ada-496e-86c4-ac11a9a41031,2024-08-09,B3,2.5272
6512c882-1ada-496e-86c4-ac11a9a41031,2024-08-10,B3,1.9639
655a583c-e168-49b3-b988-7008b18bc4ec,2024-08-08,M1,1.5827
655a583c-e168-49b3-b988-7008b18bc4ec,2024-08-09,M1,1.4149
655a583c-e168-49b3-b988-7008b18bc4ec,2024-08-10,M1,1.2907
655a583c-e168-49b3-b988-7008b18bc4ec,2024-08-08,M2,1.6818
655a583c-e168-49b3-b988-7008b18bc4ec,2024-08-09,M2,1.5035
655a583c-e168-49b3-b988-7008b18bc4ec,2024-08-10,M2,1.3715
655a583c-e168-49b3-b988-7008b18bc4ec,2024-08-08,M3,4.4653
655a583c-e168-49b3-b988-7008b18bc4ec,2024-08-09,M3,3.9919
655a583c-e168-49b3-b988-7008b18bc4ec,2024-08-10,M3,3.6415
655a583c-e168-49b3-b988-7008b18bc4ec,2024-08-08,M4,1.9184
655a583c-e168-49b3-b988-7008b18bc4ec,2024-08-09,M4,1.715
655a583c-e168-49b3-b988-7008b18bc4ec,2024-08-10,M4,1.5645
655a583c-e168-49b3-b988-7008b18bc4ec,2024-08-08,M5,3.693
655a583c-e168-49b3-b988-7008b18bc4ec,2024-08-09,M5,3.3015
655a583c-e168-49b3-b988-7008b18bc4ec,2024-08-10,M5,3.0117
663fa4b2-fe6f-4f44-9511-0fd6c5ae6059,2024-08-08,B1,1.7304
663fa4b2-fe6f-4f44-9511-0fd6c5ae6059,2024-08-09,B1,1.4122
663fa4b2-fe6f-4f44-9511-0fd6c5ae6059,2024-08-10,B1,1.0974
663fa4b2-fe6f-4f44-9511-0fd6c5ae6059,2024-08-08,B2,2.0045
663fa4b2-fe6f-4f44-9511-0fd6c5ae6059,2024-08-09,B2,1.6359
663fa4b2-fe6f-4f44-9511-0fd6c5ae6059,2024-08-10,B2,1.2712
663fa4b2-fe6f-4f44-9511-0fd6c5ae6059,2024-08-08,B3,5.5161
663fa4b2-fe6f-4f44-9511-0fd6c5ae6059,2024-08-09,B3,4.5016
663fa4b2-fe6f-4f44-9511-0fd6c5ae6059,2024-08-10,B3,3.4981
668010ec-6026-482e-9de1-79e6ca66575a,2024-08-08,B1,2.2237
668010ec-6026-482e-9de1-79e6ca66575a,2024-08-09,B1,1.8147
668010ec-6026-482e-9de1-79e6ca66575a,2024-08-10,B1,1.4102
668010ec-6026-482e-9de1-79e6ca66575a,2024-08-08,B2,2.3072
668010ec-6026-482e-9de1-79e6ca66575a,2024-08-09,B2,1.8829
668010ec-6026-482e-9de1-79e6ca66575a,2024-08-10,B2,1.4632
668010ec-6026-482e-9de1-79e6ca66575a,2024-08-08,B3,3.775
668010ec-6026-482e-9de1-79e6ca66575a,2024-08-09,B3,3.0807
668010ec-6026-482e-9de1-79e6ca66575a,2024-08-10,B3,2.394
66805ccf-5b1f-4e74-bd7d-53c3aea42dc0,2024-08-08,B1,1.9618
66805ccf-5b1f-4e74-bd7d-53c3aea42dc0,2024-08-09,B1,1.601
66805ccf-5b1f-4e74-bd7d-53c3aea42dc0,2024-08-10,B1,1.2441
66805ccf-5b1f-4e74-bd7d-53c3aea42dc0,2024-08-08,B2,1.1536
66805ccf-5b1f-4e74-bd7d-53c3aea42dc0,2024-08-09,B2,0.9414
66805ccf-5b1f-4e74-bd7d-53c3aea42dc0,2024-08-10,B2,0.7316
66805ccf-5b1f-4e74-bd7d-53c3aea42dc0,2024-08-08,B3,2.8116
66805ccf-5b1f-4e74-bd7d-53c3aea42dc0,2024-08-09,B3,2.2945
66805ccf-5b1f-4e74-bd7d-53c3aea42dc0,2024-08-10,B3,1.7831
67a9f751-bd7c-481c-b11c-685f222525f0,2024-08-08,B1,4.6144
67a9f751-bd7c-481c-b11c-685f222525f0,2024-08-09,B1,3.7657
67a9f751-bd7c-481c-b11c-685f222525f0,2024-08-10,B1,2.9263
67a9f751-bd7c-481c-b11c-685f222525f0,2024-08-08,B3,1.8652
67a9f751-bd7c-481c-b11c-685f222525f0,2024-08-09,B3,1.5221
67a9f751-bd7c-481c-b11c-685f222525f0,2024-08-10,B3,1.1828
67b96de1-8a70-4460-adb8-b5e1bb4ae64f,2024-08-08,B3,3.7145
67b96de1-8a70-4460-adb8-b5e1bb4ae64f,2024-08-09,B3,3.0314
67b96de1-8a70-4460-adb8-b5e1bb4ae64f,2024-08-10,B3,2.3557
67e7eb00-bcfb-47d2-8c5b-286838d44fd0,2024-08-08,B1,2.3089
67e7eb00-bcfb-47d2-8c5b-286838d44fd0,2024-08-09,B1,1.8842
67e7eb00-bcfb-47d2-8c5b-286838d44fd0,2024-08-10,B1,1.4642
67e7eb00-bcfb-47d2-8c5b-286838d44fd0,2024-08-08,B3,13.4291
67e7eb00-bcfb-47d2-8c5b-286838d44fd0,2024-08-09,B3,10.9593
67e7eb00-bcfb-47d2-8c5b-286838d44fd0,2024-08-10,B3,8.5164
68192ab3-6619-4878-8414-8144eb56b31c,2024-08-08,M1,1.0551
68192ab3-6619-4878-8414-8144eb56b31c,2024-08-09,M1,0.9433
68192ab3-6619-4878-8414-8144eb56b31c,2024-08-10,M1,0.8605
68192ab3-6619-4878-8414-8144eb56b31c,2024-08-08,M2,2.0782
68192ab3-6619-4878-8414-8144eb56b31c,2024-08-09,M2,1.8578
68192ab3-6619-4878-8414-8144eb56b31c,2024-08-10,M2,1.6947
68192ab3-6619-4878-8414-8144eb56b31c,2024-08-08,M3,3.9147
68192ab3-6619-4878-8414-8144eb56b31c,2024-08-09,M3,3.4997
68192ab3-6619-4878-8414-8144eb56b31c,2024-08-10,M3,3.1925
68192ab3-6619-4878-8414-8144eb56b31c,2024-08-08,M4,2.2258
68192ab3-6619-4878-8414-8144eb56b31c,2024-08-09,M4,1.9898
68192ab3-6619-4878-8414-8144eb56b31c,2024-08-10,M4,1.8152
68192ab3-6619-4878-8414-8144eb56b31c,2024-08-08,M5,1.6624
68192ab3-6619-4878-8414-8144eb56b31c,2024-08-09,M5,1.4862
68192ab3-6619-4878-8414-8144eb56b31c,2024-08-10,M5,1.3557
6826b02c-64fc-47c9-b756-452ec6d2a065,2024-08-08,B1,1.8621
6826b02c-64fc-47c9-b756-452ec6d2a065,2024-08-09,B1,1.5196
6826b02c-64fc-47c9-b756-452ec6d2a065,2024-08-10,B1,1.1809
6826b02c-64fc-47c9-b756-452ec6d2a065,2024-08-08,B2,2.0763
6826b02c-64fc-47c9-b756-452ec6d2a065,2024-08-09,B2,1.6944
6826b02c-64fc-47c9-b756-452ec6d2a065,2024-08-10,B2,1.3167
6826b02c-64fc-47c9-b756-452ec6d2a065,2024-08-08,B3,2.4894
6826b02c-64fc-47c9-b756-452ec6d2a065,2024-08-09,B3,2.0316
6826b02c-64fc-47c9-b756-452ec6d2a065,2024-08-10,B3,1.5787
6830ed6a-f48d-4097-84a3-b6eca7c43f08,2024-08-08,M1,3.1654
6830ed6a-f48d-4097-84a3-b6eca7c43f08,2024-08-09,M1,2.8298
6830ed6a-f48d-4097-84a3-b6eca7c43f08,2024-08-10,M1,2.5814
6830ed6a-f48d-4097-84a3-b6eca7c43f08,2024-08-08,M2,2.2124
6830ed6a-f48d-4097-84a3-b6eca7c43f08,2024-08-09,M2,1.9778
6830ed6a-f48d-4097-84a3-b6eca7c43f08,2024-08-10,M2,1.8042
6830ed6a-f48d-4097-84a3-b6eca7c43f08,2024-08-08,M3,4.2051
6830ed6a-f48d-4097-84a3-b6eca7c43f08,2024-08-09,M3,3.7593
6830ed6a-f48d-4097-84a3-b6eca7c43f08,2024-08-10,M3,3.4292
6830ed6a-f48d-4097-84a3-b6eca7c43f08,2024-08-08,M4,1.8066
6830ed6a-f48d-4097-84a3-b6eca7c43f08,2024-08-09,M4,1.6151
6830ed6a-f48d-4097-84a3-b6eca7c43f08,2024-08-10,M4,1.4733
6830ed6a-f48d-4097-84a3-b6eca7c43f08,2024-08-08,M5,1.6139
6830ed6a-f48d-4097-84a3-b6eca7c43f08,2024-08-09,M5,1.4428
6830ed6a-f48d-4097-84a3-b6eca7c43f08,2024-08-10,M5,1.3162
69a62a55-3f03-4483-b8dc-0c5f56e2347c,2024-08-08,B1,2.2455
69a62a55-3f03-4483-b8dc-0c5f56e2347c,2024-08-09,B1,1.8326
69a62a55-3f03-4483-b8dc-0c5f56e2347c,2024-08-10,B1,1.4241
69a62a55-3f03-4483-b8dc-0c5f56e2347c,2024-08-08,B2,2.1974
69a62a55-3f03-4483-b8dc-0c5f56e2347c,2024-08-09,B2,1.7933
69a62a55-3f03-4483-b8dc-0c5f56e2347c,2024-08-10,B2,1.3935
69a62a55-3f03-4483-b8dc-0c5f56e2347c,2024-08-08,B3,10.2179
69a62a55-3f03-4483-b8dc-0c5f56e2347c,2024-08-09,B3,8.3386
69a62a55-3f03-4483-b8dc-0c5f56e2347c,2024-08-10,B3,6.4799
69acc5b7-b00f-48b6-bd93-5ce4b22b4e8a,2024-08-08,B1,4.0358
69acc5b7-b00f-48b6-bd93-5ce4b22b4e8a,2024-08-09,B1,3.2935
69acc5b7-b00f-48b6-bd93-5ce4b22b4e8a,2024-08-10,B1,2.5594
69acc5b7-b00f-48b6-bd93-5ce4b22b4e8a,2024-08-08,B2,2.9992
69acc5b7-b00f-48b6-bd93-5ce4b22b4e8a,2024-08-09,B2,2.4476
69acc5b7-b00f-48b6-bd93-5ce4b22b4e8a,2024-08-10,B2,1.902
69acc5b7-b00f-48b6-bd93-5ce4b22b4e8a,2024-08-08,B3,10.0853
69acc5b7-b00f-48b6-bd93-5ce4b22b4e8a,2024-08-09,B3,8.2304
69acc5b7-b00f-48b6-bd93-5ce4b22b4e8a,2024-08-10,B3,6.3958
69b4b2fe-19ad-40e6-bf26-79bec18d91d6,2024-08-08,B2,1.1536
69b4b2fe-19ad-40e6-bf26-79bec18d91d6,2024-08-09,B2,0.9414
69b4b2fe-19ad-40e6-bf26-79bec18d91d6,2024-08-10,B2,0.7316
69b4b2fe-19ad-40e6-bf26-79bec18d91d6,2024-08-08,B3,3.0492
69b4b2fe-19ad-40e6-bf26-79bec18d91d6,2024-08-09,B3,2.4884
69b4b2fe-19ad-40e6-bf26-79bec18d91d6,2024-08-10,B3,1.9337
6a76e5cc-15d0-4d18-93ce-f63be1d2b87e,2024-08-08,M1,1.0551
6a76e5cc-15d0-4d18-93ce-f63be1d2b87e,2024-08-09,M1,0.9433
6a76e5cc-15d0-4d18-93ce-f63be1d2b87e,2024-08-10,M1,0.8605
6a76e5cc-15d0-4d18-93ce-f63be1d2b87e,2024-08-08,M2,1.9444
6a76e5cc-15d0-4d18-93ce-f63be1d2b87e,2024-08-09,M2,1.7382
6a76e5cc-15d0-4d18-93ce-f63be1d2b87e,2024-08-10,M2,1.5856
6a76e5cc-15d0-4d18-93ce-f63be1d2b87e,2024-08-08,M3,2.0261
6a76e5cc-15d0-4d18-93ce-f63be1d2b87e,2024-08-09,M3,1.8113
6a76e5cc-15d0-4d18-93ce-f63be1d2b87e,2024-08-10,M3,1.6523
6a76e5cc-15d0-4d18-93ce-f63be1d2b87e,2024-08-08,M4,2.0705
6a76e5cc-15d0-4d18-93ce-f63be1d2b87e,2024-08-09,M4,1.851
6a76e5cc-15d0-4d18-93ce-f63be1d2b87e,2024-08-10,M4,1.6885
6a76e5cc-15d0-4d18-93ce-f63be1d2b87e,2024-08-08,M5,1.5827
6a76e5cc-15d0-4d18-93ce-f63be1d2b87e,2024-08-09,M5,1.4149
6a76e5cc-15d0-4d18-93ce-f63be1d2b87e,2024-08-10,M5,1.2907
6ab9f3aa-b83b-4b2b-9342-b4caadce435d,2024-08-08,B1,2.2139
6ab9f3aa-b83b-4b2b-9342-b4caadce435d,2024-08-09,B1,1.8067
6ab9f3aa-b83b-4b2b-9342-b4caadce435d,2024-08-10,B1,1.404
6ab9f3aa-b83b-4b2b-9342-b4caadce435d,2024-08-08,B2,5.1912
6ab9f3aa-b83b-4b2b-9342-b4caadce435d,2024-08-09,B2,4.2365
6ab9f3aa-b83b-4b2b-9342-b4caadce435d,2024-08-10,B2,3.2921
6ab9f3aa-b83b-4b2b-9342-b4caadce435d,2024-08-08,B3,10.1901
6ab9f3aa-b83b-4b2b-9342-b4caadce435d,2024-08-09,B3,8.316
6ab9f3aa-b83b-4b2b-9342-b4caadce435d,2024-08-10,B3,6.4623
6af9203d-8557-4ec6-8c98-1cd8f2bbb3b1,2024-08-08,B1,20.3474
6af9203d-8557-4ec6-8c98-1cd8f2bbb3b1,2024-08-09,B1,16.6052
6af9203d-8557-4ec6-8c98-1cd8f2bbb3b1,2024-08-10,B1,12.9037
6af9203d-8557-4ec6-8c98-1cd8f2bbb3b1,2024-08-08,B2,9.9995
6af9203d-8557-4ec6-8c98-1cd8f2bbb3b1,2024-08-09,B2,8.1605
6af9203d-8557-4ec6-8c98-1cd8f2bbb3b1,2024-08-10,B2,6.3414
6af9203d-8557-4ec6-8c98-1cd8f2bbb3b1,2024-08-08,B3,80.1975
6af9203d-8557-4ec6-8c98-1cd8f2bbb3b1,2024-08-09,B3,65.4479
6af9203d-8557-4ec6-8c98-1cd8f2bbb3b1,2024-08-10,B3,50.859
6b00bc3a-76bf-4714-88e5-ed2b458359e6,2024-08-08,M1,1.0551
6b00bc3a-76bf-4714-88e5-ed2b458359e6,2024-08-09,M1,0.9433
6b00bc3a-76bf-4714-88e5-ed2b458359e6,2024-08-10,M1,0.8605
6b00bc3a-76bf-4714-88e5-ed2b458359e6,2024-08-08,M2,3.1654
6b00bc3a-76bf-4714-88e5-ed2b458359e6,2024-08-09,M2,2.8298
6b00bc3a-76bf-4714-88e5-ed2b458359e6,2024-08-10,M2,2.5814
6b00bc3a-76bf-4714-88e5-ed2b458359e6,2024-08-08,M3,6.8584
6b00bc3a-76bf-4714-88e5-ed2b458359e6,2024-08-09,M3,6.1313
6b00bc3a-76bf-4714-88e5-ed2b458359e6,2024-08-10,M3,5.5931
6b00bc3a-76bf-4714-88e5-ed2b458359e6,2024-08-08,M4,1.0551
6b00bc3a-76bf-4714-88e5-ed2b458359e6,2024-08-09,M4,0.9433
6b00bc3a-76bf-4714-88e5-ed2b458359e6,2024-08-10,M4,0.8605
6b065e8b-e238-4e4a-b169-974c8c44c321,2024-08-08,B1,2.0168
6b065e8b-e238-4e4a-b169-974c8c44c321,2024-08-09,B1,1.6459
6b065e8b-e238-4e4a-b169-974c8c44c321,2024-08-10,B1,1.279
6b065e8b-e238-4e4a-b169-974c8c44c321,2024-08-08,B2,1.8485
6b065e8b-e238-4e4a-b169-974c8c44c321,2024-08-09,B2,1.5085
6b065e8b-e238-4e4a-b169-974c8c44c321,2024-08-10,B2,1.1722
6b065e8b-e238-4e4a-b169-974c8c44c321,2024-08-08,B3,4.4713
6b065e8b-e238-4e4a-b169-974c8c44c321,2024-08-09,B3,3.649
6b065e8b-e238-4e4a-b169-974c8c44c321,2024-08-10,B3,2.8356
6b094afa-4017-4520-8ab5-eb9424c72dbe,2024-08-08,M3,1.5827
6b094afa-4017-4520-8ab5-eb9424c72dbe,2024-08-09,M3,1.4149
6b094afa-4017-4520-8ab5-eb9424c72dbe,2024-08-10,M3,1.2907
6b094afa-4017-4520-8ab5-eb9424c72dbe,2024-08-08,M4,1.0551
6b094afa-4017-4520-8ab5-eb9424c72dbe,2024-08-09,M4,0.9433
6b094afa-4017-4520-8ab5-eb9424c72dbe,2024-08-10,M4,0.8605
6b111ea7-fb38-480f-b11e-602560f0b44c,2024-08-08,B1,4.6144
6b111ea7-fb38-480f-b11e-602560f0b44c,2024-08-09,B1,3.7657
6b111ea7-fb38-480f-b11e-602560f0b44c,2024-08-10,B1,2.9263
6b111ea7-fb38-480f-b11e-602560f0b44c,2024-08-08,B2,17.304
6b111ea7-fb38-480f-b11e-602560f0b44c,2024-08-09,B2,14.1215
6b111ea7-fb38-480f-b11e-602560f0b44c,2024-08-10,B2,10.9737
6b111ea7-fb38-480f-b11e-602560f0b44c,2024-08-08,B3,4.1531
6b111ea7-fb38-480f-b11e-602560f0b44c,2024-08-09,B3,3.3893
6b111ea7-fb38-480f-b11e-602560f0b44c,2024-08-10,B3,2.6338
6b6a2f69-a0d7-4d7a-b191-570f267f315e,2024-08-08,M1,1.5827
6b6a2f69-a0d7-4d7a-b191-570f267f315e,2024-08-09,M1,1.4149
6b6a2f69-a0d7-4d7a-b191-570f267f315e,2024-08-10,M1,1.2907
6b6a2f69-a0d7-4d7a-b191-570f267f315e,2024-08-08,M2,1.9099
6b6a2f69-a0d7-4d7a-b191-570f267f315e,2024-08-09,M2,1.7074
6b6a2f69-a0d7-4d7a-b191-570f267f315e,2024-08-10,M2,1.5575
6b6a2f69-a0d7-4d7a-b191-570f267f315e,2024-08-08,M3,3.3071
6b6a2f69-a0d7-4d7a-b191-570f267f315e,2024-08-09,M3,2.9565
6b6a2f69-a0d7-4d7a-b191-570f267f315e,2024-08-10,M3,2.697
6b6a2f69-a0d7-4d7a-b191-570f267f315e,2024-08-08,M4,2.058
6b6a2f69-a0d7-4d7a-b191-570f267f315e,2024-08-09,M4,1.8398
6b6a2f69-a0d7-4d7a-b191-570f267f315e,2024-08-10,M4,1.6783
6b6a2f69-a0d7-4d7a-b191-570f267f315e,2024-08-08,M5,1.5807
6b6a2f69-a0d7-4d7a-b191-570f267f315e,2024-08-09,M5,1.4131
6b6a2f69-a0d7-4d7a-b191-570f267f315e,2024-08-10,M5,1.2891
6b81be15-bbaa-4700-930b-fd8ed6786b02,2024-08-08,M1,2.1103
6b81be15-bbaa-4700-930b-fd8ed6786b02,2024-08-09,M1,1.8866
6b81be15-bbaa-4700-930b-fd8ed6786b02,2024-08-10,M1,1.7209
6b81be15-bbaa-4700-930b-fd8ed6786b02,2024-08-08,M2,3.0351
6b81be15-bbaa-4700-930b-fd8ed6786b02,2024-08-09,M2,2.7133
6b81be15-bbaa-4700-930b-fd8ed6786b02,2024-08-10,M2,2.4751
6b81be15-bbaa-4700-930b-fd8ed6786b02,2024-08-08,M3,2.8358
6b81be15-bbaa-4700-930b-fd8ed6786b02,2024-08-09,M3,2.5352
6b81be15-bbaa-4700-930b-fd8ed6786b02,2024-08-10,M3,2.3126
6b81be15-bbaa-4700-930b-fd8ed6786b02,2024-08-08,M4,2.6569
6b81be15-bbaa-4700-930b-fd8ed6786b02,2024-08-09,M4,2.3752
6b81be15-bbaa-4700-930b-fd8ed6786b02,2024-08-10,M4,2.1667
6b81be15-bbaa-4700-930b-fd8ed6786b02,2024-08-08,M5,5.8033
6b81be15-bbaa-4700-930b-fd8ed6786b02,2024-08-09,M5,5.1881
6b81be15-bbaa-4700-930b-fd8ed6786b02,2024-08-10,M5,4.7326
6bcbcacb-264a-4977-b85c-18420d42184f,2024-08-08,M1,1.7996
6bcbcacb-264a-4977-b85c-18420d42184f,2024-08-09,M1,1.6088
6bcbcacb-264a-4977-b85c-18420d42184f,2024-08-10,M1,1.4676
6bcbcacb-264a-4977-b85c-18420d42184f,2024-08-08,M2,2.4853
6bcbcacb-264a-4977-b85c-18420d42184f,2024-08-09,M2,2.2218
6bcbcacb-264a-4977-b85c-18420d42184f,2024-08-10,M2,2.0267
6bcbcacb-264a-4977-b85c-18420d42184f,2024-08-08,M3,3.6806
6bcbcacb-264a-4977-b85c-18420d42184f,2024-08-09,M3,3.2904
6bcbcacb-264a-4977-b85c-18420d42184f,2024-08-10,M3,3.0016
6bcbcacb-264a-4977-b85c-18420d42184f,2024-08-08,M4,3.7689
6bcbcacb-264a-4977-b85c-18420d42184f,2024-08-09,M4,3.3694
6bcbcacb-264a-4977-b85c-18420d42184f,2024-08-10,M4,3.0736
6bcbcacb-264a-4977-b85c-18420d42184f,2024-08-08,M5,1.0551
6bcbcacb-264a-4977-b85c-18420d42184f,2024-08-09,M5,0.9433
6bcbcacb-264a-4977-b85c-18420d42184f,2024-08-10,M5,0.8605
6c549bf3-2233-446d-9612-5951defb2632,2024-08-08,B3,1.8228
6c549bf3-2233-446d-9612-5951defb2632,2024-08-09,B3,1.4875
6c549bf3-2233-446d-9612-5951defb2632,2024-08-10,B3,1.1559
6d236a5a-2a3d-4547-8865-e2ac7e4ee180,2024-08-08,M1,3.1654
6d236a5a-2a3d-4547-8865-e2ac7e4ee180,2024-08-09,M1,2.8298
6d236a5a-2a3d-4547-8865-e2ac7e4ee180,2024-08-10,M1,2.5814
6d236a5a-2a3d-4547-8865-e2ac7e4ee180,2024-08-08,M2,4.8157
6d236a5a-2a3d-4547-8865-e2ac7e4ee180,2024-08-09,M2,4.3052
6d236a5a-2a3d-4547-8865-e2ac7e4ee180,2024-08-10,M2,3.9272
6d236a5a-2a3d-4547-8865-e2ac7e4ee180,2024-08-08,M3,8.2659
6d236a5a-2a3d-4547-8865-e2ac7e4ee180,2024-08-09,M3,7.3896
6d236a5a-2a3d-4547-8865-e2ac7e4ee180,2024-08-10,M3,6.7409
6d236a5a-2a3d-4547-8865-e2ac7e4ee180,2024-08-08,M4,3.1468
6d236a5a-2a3d-4547-8865-e2ac7e4ee180,2024-08-09,M4,2.8132
6d236a5a-2a3d-4547-8865-e2ac7e4ee180,2024-08-10,M4,2.5662
6d236a5a-2a3d-4547-8865-e2ac7e4ee180,2024-08-08,M5,1.7708
6d236a5a-2a3d-4547-8865-e2ac7e4ee180,2024-08-09,M5,1.5831
6d236a5a-2a3d-4547-8865-e2ac7e4ee180,2024-08-10,M5,1.4441
6d495940-00fa-4477-9b8a-37edb645131e,2024-08-08,B1,1.1536
6d495940-00fa-4477-9b8a-37edb645131e,2024-08-09,B1,0.9414
6d495940-00fa-4477-9b8a-37edb645131e,2024-08-10,B1,0.7316
6d495940-00fa-4477-9b8a-37edb645131e,2024-08-08,B2,1.8576
6d495940-00fa-4477-9b8a-37edb645131e,2024-08-09,B2,1.516
6d495940-00fa-4477-9b8a-37edb645131e,2024-08-10,B2,1.1781
6d495940-00fa-4477-9b8a-37edb645131e,2024-08-08,B3,4.6167
6d495940-00fa-4477-9b8a-37edb645131e,2024-08-09,B3,3.7676
6d495940-00fa-4477-9b8a-37edb645131e,2024-08-10,B3,2.9278
6d4d43f1-a022-4886-965a-6db7778140d0,2024-08-08,B1,2.485
6d4d43f1-a022-4886-965a-6db7778140d0,2024-08-09,B1,2.028
6d4d43f1-a022-4886-965a-6db7778140d0,2024-08-10,B1,1.5759
6d4d43f1-a022-4886-965a-6db7778140d0,2024-08-08,B2,2.5615
6d4d43f1-a022-4886-965a-6db7778140d0,2024-08-09,B2,2.0904
6d4d43f1-a022-4886-965a-6db7778140d0,2024-08-10,B2,1.6245
6d4d43f1-a022-4886-965a-6db7778140d0,2024-08-08,B3,13.7225
6d4d43f1-a022-4886-965a-6db7778140d0,2024-08-09,B3,11.1987
6d4d43f1-a022-4886-965a-6db7778140d0,2024-08-10,B3,8.7024
6d7e5c05-5824-46ec-82ac-c08477ec258c,2024-08-08,B1,1.1536
6d7e5c05-5824-46ec-82ac-c08477ec258c,2024-08-09,B1,0.9414
6d7e5c05-5824-46ec-82ac-c08477ec258c,2024-08-10,B1,0.7316
6d7e5c05-5824-46ec-82ac-c08477ec258c,2024-08-08,B3,3.0148
6d7e5c05-5824-46ec-82ac-c08477ec258c,2024-08-09,B3,2.4603
6d7e5c05-5824-46ec-82ac-c08477ec258c,2024-08-10,B3,1.9119
6dc2c321-cd0a-4ee3-83d8-921fcbf2f9cc,2024-08-08,B1,3.9908
6dc2c321-cd0a-4ee3-83d8-921fcbf2f9cc,2024-08-09,B1,3.2568
6dc2c321-cd0a-4ee3-83d8-921fcbf2f9cc,2024-08-10,B1,2.5309
6dc2c321-cd0a-4ee3-83d8-921fcbf2f9cc,2024-08-08,B2,3.283
6dc2c321-cd0a-4ee3-83d8-921fcbf2f9cc,2024-08-09,B2,2.6792
6dc2c321-cd0a-4ee3-83d8-921fcbf2f9cc,2024-08-10,B2,2.082
6dc2c321-cd0a-4ee3-83d8-921fcbf2f9cc,2024-08-08,B3,15.1031
6dc2c321-cd0a-4ee3-83d8-921fcbf2f9cc,2024-08-09,B3,12.3254
6dc2c321-cd0a-4ee3-83d8-921fcbf2f9cc,2024-08-10,B3,9.578
6e0c0880-e40f-47d2-b439-afbcb839720e,2024-08-08,B1,3.4608
6e0c0880-e40f-47d2-b439-afbcb839720e,2024-08-09,B1,2.8243
6e0c0880-e40f-47d2-b439-afbcb839720e,2024-08-10,B1,2.1947
6e0c0880-e40f-47d2-b439-afbcb839720e,2024-08-08,B2,1.1536
6e0c0880-e40f-47d2-b439-afbcb839720e,2024-08-09,B2,0.9414
6e0c0880-e40f-47d2-b439-afbcb839720e,2024-08-10,B2,0.7316
6e0c0880-e40f-47d2-b439-afbcb839720e,2024-08-08,B3,2.6519
6e0c0880-e40f-47d2-b439-afbcb839720e,2024-08-09,B3,2.1642
6e0c0880-e40f-47d2-b439-afbcb839720e,2024-08-10,B3,1.6818
6e49979d-1f42-4593-9fae-4ed536697d34,2024-08-08,M1,1.5827
6e49979d-1f42-4593-9fae-4ed536697d34,2024-08-09,M1,1.4149
6e49979d-1f42-4593-9fae-4ed536697d34,2024-08-10,M1,1.2907
6e49979d-1f42-4593-9fae-4ed536697d34,2024-08-08,M2,2.6379
6e49979d-1f42-4593-9fae-4ed536697d34,2024-08-09,M2,2.3582
6e49979d-1f42-4593-9fae-4ed536697d34,2024-08-10,M2,2.1512
6e49979d-1f42-4593-9fae-4ed536697d34,2024-08-08,M3,2.7217
6e49979d-1f42-4593-9fae-4ed536697d34,2024-08-09,M3,2.4332
6e49979d-1f42-4593-9fae-4ed536697d34,2024-08-10,M3,2.2196
6e49979d-1f42-4593-9fae-4ed536697d34,2024-08-08,M4,2.4981
6e49979d-1f42-4593-9fae-4ed536697d34,2024-08-09,M4,2.2332
6e49979d-1f42-4593-9fae-4ed536697d34,2024-08-10,M4,2.0372
6e49979d-1f42-4593-9fae-4ed536697d34,2024-08-08,M5,2.1103
6e49979d-1f42-4593-9fae-4ed536697d34,2024-08-09,M5,1.8866
6e49979d-1f42-4593-9fae-4ed536697d34,2024-08-10,M5,1.7209
6e9c145b-f212-41f9-9749-66a7a9ee36db,2024-08-08,B2,1.7304
6e9c145b-f212-41f9-9749-66a7a9ee36db,2024-08-09,B2,1.4122
6e9c145b-f212-41f9-9749-66a7a9ee36db,2024-08-10,B2,1.0974
6e9c145b-f212-41f9-9749-66a7a9ee36db,2024-08-08,B3,1.9668
6e9c145b-f212-41f9-9749-66a7a9ee36db,2024-08-09,B3,1.6051
6e9c145b-f212-41f9-9749-66a7a9ee36db,2024-08-10,B3,1.2473
6ef373e5-38fe-46a5-8e6a-aa7c02d5e386,2024-08-08,M1,2.7816
6ef373e5-38fe-46a5-8e6a-aa7c02d5e386,2024-08-09,M1,2.4867
6ef373e5-38fe-46a5-8e6a-aa7c02d5e386,2024-08-10,M1,2.2684
6ef373e5-38fe-46a5-8e6a-aa7c02d5e386,2024-08-08,M2,4.6352
6ef373e5-38fe-46a5-8e6a-aa7c02d5e386,2024-08-09,M2,4.1438
6ef373e5-38fe-46a5-8e6a-aa7c02d5e386,2024-08-10,M2,3.78
6ef373e5-38fe-46a5-8e6a-aa7c02d5e386,2024-08-08,M3,18.6772
6ef373e5-38fe-46a5-8e6a-aa7c02d5e386,2024-08-09,M3,16.6971
6ef373e5-38fe-46a5-8e6a-aa7c02d5e386,2024-08-10,M3,15.2313
6ef373e5-38fe-46a5-8e6a-aa7c02d5e386,2024-08-08,M4,9.6532
6ef373e5-38fe-46a5-8e6a-aa7c02d5e386,2024-08-09,M4,8.6298
6ef373e5-38fe-46a5-8e6a-aa7c02d5e386,2024-08-10,M4,7.8722
6ef373e5-38fe-46a5-8e6a-aa7c02d5e386,2024-08-08,M5,3.8014
6ef373e5-38fe-46a5-8e6a-aa7c02d5e386,2024-08-09,M5,3.3984
6ef373e5-38fe-46a5-8e6a-aa7c02d5e386,2024-08-10,M5,3.1001
6ef3b469-e9a6-4521-b82a-ad02ef45bb9a,2024-08-08,M1,1.7299
6ef3b469-e9a6-4521-b82a-ad02ef45bb9a,2024-08-09,M1,1.5465
6ef3b469-e9a6-4521-b82a-ad02ef45bb9a,2024-08-10,M1,1.4108
6ef3b469-e9a6-4521-b82a-ad02ef45bb9a,2024-08-08,M2,1.6588
6ef3b469-e9a6-4521-b82a-ad02ef45bb9a,2024-08-09,M2,1.4829
6ef3b469-e9a6-4521-b82a-ad02ef45bb9a,2024-08-10,M2,1.3528
6ef3b469-e9a6-4521-b82a-ad02ef45bb9a,2024-08-08,M3,3.6382
6ef3b469-e9a6-4521-b82a-ad02ef45bb9a,2024-08-09,M3,3.2525
6ef3b469-e9a6-4521-b82a-ad02ef45bb9a,2024-08-10,M3,2.9669
6ef3b469-e9a6-4521-b82a-ad02ef45bb9a,2024-08-08,M4,1.9296
6ef3b469-e9a6-4521-b82a-ad02ef45bb9a,2024-08-09,M4,1.7251
6ef3b469-e9a6-4521-b82a-ad02ef45bb9a,2024-08-10,M4,1.5736
6ef3b469-e9a6-4521-b82a-ad02ef45bb9a,2024-08-08,M5,1.0551
6ef3b469-e9a6-4521-b82a-ad02ef45bb9a,2024-08-09,M5,0.9433
6ef3b469-e9a6-4521-b82a-ad02ef45bb9a,2024-08-10,M5,0.8605
6f8ea1e6-61f3-4aa3-b44d-1ba5584baa9e,2024-08-08,B1,3.5296
6f8ea1e6-61f3-4aa3-b44d-1ba5584baa9e,2024-08-09,B1,2.8805
6f8ea1e6-61f3-4aa3-b44d-1ba5584baa9e,2024-08-10,B1,2.2384
6f8ea1e6-61f3-4aa3-b44d-1ba5584baa9e,2024-08-08,B2,3.0343
6f8ea1e6-61f3-4aa3-b44d-1ba5584baa9e,2024-08-09,B2,2.4762
6f8ea1e6-61f3-4aa3-b44d-1ba5584baa9e,2024-08-10,B2,1.9243
6f8ea1e6-61f3-4aa3-b44d-1ba5584baa9e,2024-08-08,B3,16.6253
6f8ea1e6-61f3-4aa3-b44d-1ba5584baa9e,2024-08-09,B3,13.5676
6f8ea1e6-61f3-4aa3-b44d-1ba5584baa9e,2024-08-10,B3,10.5433
6fa2a947-50d8-4f42-8983-0902fcce7908,2024-08-08,M1,1.0551
6fa2a947-50d8-4f42-8983-0902fcce7908,2024-08-09,M1,0.9433
6fa2a947-50d8-4f42-8983-0902fcce7908,2024-08-10,M1,0.8605
6fa2a947-50d8-4f42-8983-0902fcce7908,2024-08-08,M2,2.013
6fa2a947-50d8-4f42-8983-0902fcce7908,2024-08-09,M2,1.7996
6fa2a947-50d8-4f42-8983-0902fcce7908,2024-08-10,M2,1.6416
6fa2a947-50d8-4f42-8983-0902fcce7908,2024-08-08,M3,4.6299
6fa2a947-50d8-4f42-8983-0902fcce7908,2024-08-09,M3,4.139
6fa2a947-50d8-4f42-8983-0902fcce7908,2024-08-10,M3,3.7757
6fa2a947-50d8-4f42-8983-0902fcce7908,2024-08-08,M4,2.9281
6fa2a947-50d8-4f42-8983-0902fcce7908,2024-08-09,M4,2.6177
6fa2a947-50d8-4f42-8983-0902fcce7908,2024-08-10,M4,2.3879
6fa2a947-50d8-4f42-8983-0902fcce7908,2024-08-08,M5,2.6379
6fa2a947-50d8-4f42-8983-0902fcce7908,2024-08-09,M5,2.3582
6fa2a947-50d8-4f42-8983-0902fcce7908,2024-08-10,M5,2.1512
6faf568e-35e5-45fb-a913-646b4371c9c5,2024-08-08,B1,1.7304
6faf568e-35e5-45fb-a913-646b4371c9c5,2024-08-09,B1,1.4122
6faf568e-35e5-45fb-a913-646b4371c9c5,2024-08-10,B1,1.0974
6faf568e-35e5-45fb-a913-646b4371c9c5,2024-08-08,B3,2.1594
6faf568e-35e5-45fb-a913-646b4371c9c5,2024-08-09,B3,1.7622
6faf568e-35e5-45fb-a913-646b4371c9c5,2024-08-10,B3,1.3694
6fe10cc0-4c22-4bba-ab62-1a9a13e8d1f9,2024-08-08,M3,2.0162
6fe10cc0-4c22-4bba-ab62-1a9a13e8d1f9,2024-08-09,M3,1.8024
6fe10cc0-4c22-4bba-ab62-1a9a13e8d1f9,2024-08-10,M3,1.6442
6fe10cc0-4c22-4bba-ab62-1a9a13e8d1f9,2024-08-08,M4,2.1103
6fe10cc0-4c22-4bba-ab62-1a9a13e8d1f9,2024-08-09,M4,1.8866
6fe10cc0-4c22-4bba-ab62-1a9a13e8d1f9,2024-08-10,M4,1.7209
6fec571c-d287-4079-ab89-2a383847c245,2024-08-08,M1,1.3215
6fec571c-d287-4079-ab89-2a383847c245,2024-08-09,M1,1.1814
6fec571c-d287-4079-ab89-2a383847c245,2024-08-10,M1,1.0777
6fec571c-d287-4079-ab89-2a383847c245,2024-08-08,M2,2.5044
6fec571c-d287-4079-ab89-2a383847c245,2024-08-09,M2,2.2389
6fec571c-d287-4079-ab89-2a383847c245,2024-08-10,M2,2.0424
6fec571c-d287-4079-ab89-2a383847c245,2024-08-08,M3,5.5074
6fec571c-d287-4079-ab89-2a383847c245,2024-08-09,M3,4.9235
6fec571c-d287-4079-ab89-2a383847c245,2024-08-10,M3,4.4913
6fec571c-d287-4079-ab89-2a383847c245,2024-08-08,M4,3.1654
6fec571c-d287-4079-ab89-2a383847c245,2024-08-09,M4,2.8298
6fec571c-d287-4079-ab89-2a383847c245,2024-08-10,M4,2.5814
6fec571c-d287-4079-ab89-2a383847c245,2024-08-08,M5,1.7972
6fec571c-d287-4079-ab89-2a383847c245,2024-08-09,M5,1.6067
6fec571c-d287-4079-ab89-2a383847c245,2024-08-10,M5,1.4656
700daf99-3001-4a64-aa8d-20823d6e2552,2024-08-08,B1,1.9034
700daf99-3001-4a64-aa8d-20823d6e2552,2024-08-09,B1,1.5533
700daf99-3001-4a64-aa8d-20823d6e2552,2024-08-10,B1,1.2071
700daf99-3001-4a64-aa8d-20823d6e2552,2024-08-08,B2,1.1536
700daf99-3001-4a64-aa8d-20823d6e2552,2024-08-09,B2,0.9414
700daf99-3001-4a64-aa8d-20823d6e2552,2024-08-10,B2,0.7316
700daf99-3001-4a64-aa8d-20823d6e2552,2024-08-08,B3,2.0228
700daf99-3001-4a64-aa8d-20823d6e2552,2024-08-09,B3,1.6507
700daf99-3001-4a64-aa8d-20823d6e2552,2024-08-10,B3,1.2828
70218fe1-a0ed-4287-9040-b9b3456e864b,2024-08-08,B1,1.7864
70218fe1-a0ed-4287-9040-b9b3456e864b,2024-08-09,B1,1.4579
70218fe1-a0ed-4287-9040-b9b3456e864b,2024-08-10,B1,1.1329
70218fe1-a0ed-4287-9040-b9b3456e864b,2024-08-08,B2,3.4608
70218fe1-a0ed-4287-9040-b9b3456e864b,2024-08-09,B2,2.8243
70218fe1-a0ed-4287-9040-b9b3456e864b,2024-08-10,B2,2.1947
70218fe1-a0ed-4287-9040-b9b3456e864b,2024-08-08,B3,5.0351
70218fe1-a0ed-4287-9040-b9b3456e864b,2024-08-09,B3,4.109
70218fe1-a0ed-4287-9040-b9b3456e864b,2024-08-10,B3,3.1931
7040659e-bfb5-49b6-8be7-7df76fa332d1,2024-08-08,B3,2.1487
7040659e-bfb5-49b6-8be7-7df76fa332d1,2024-08-09,B3,1.7535
7040659e-bfb5-49b6-8be7-7df76fa332d1,2024-08-10,B3,1.3626
707aa75b-da4a-4aa8-a8f4-e593c19c2185,2024-08-08,B1,2.275
707aa75b-da4a-4aa8-a8f4-e593c19c2185,2024-08-09,B1,1.8566
707aa75b-da4a-4aa8-a8f4-e593c19c2185,2024-08-10,B1,1.4428
707aa75b-da4a-4aa8-a8f4-e593c19c2185,2024-08-08,B2,2.693
707aa75b-da4a-4aa8-a8f4-e593c19c2185,2024-08-09,B2,2.1977
707aa75b-da4a-4aa8-a8f4-e593c19c2185,2024-08-10,B2,1.7078
707aa75b-da4a-4aa8-a8f4-e593c19c2185,2024-08-08,B3,4.643
707aa75b-da4a-4aa8-a8f4-e593c19c2185,2024-08-09,B3,3.7891
707aa75b-da4a-4aa8-a8f4-e593c19c2185,2024-08-10,B3,2.9445
717cd152-b288-4437-ac44-07e4bf777ff6,2024-08-08,B1,3.113
717cd152-b288-4437-ac44-07e4bf777ff6,2024-08-09,B1,2.5405
717cd152-b288-4437-ac44-07e4bf777ff6,2024-08-10,B1,1.9742
717cd152-b288-4437-ac44-07e4bf777ff6,2024-08-08,B2,4.7059
717cd152-b288-4437-ac44-07e4bf777ff6,2024-08-09,B2,3.8404
717cd152-b288-4437-ac44-07e4bf777ff6,2024-08-10,B2,2.9844
717cd152-b288-4437-ac44-07e4bf777ff6,2024-08-08,B3,11.3084
717cd152-b288-4437-ac44-07e4bf777ff6,2024-08-09,B3,9.2286
717cd152-b288-4437-ac44-07e4bf777ff6,2024-08-10,B3,7.1715
71dd5d13-2387-4759-9669-3a2661e0fe81,2024-08-08,B1,3.2484
71dd5d13-2387-4759-9669-3a2661e0fe81,2024-08-09,B1,2.651
71dd5d13-2387-4759-9669-3a2661e0fe81,2024-08-10,B1,2.0601
71dd5d13-2387-4759-9669-3a2661e0fe81,2024-08-08,B2,2.8803
71dd5d13-2387-4759-9669-3a2661e0fe81,2024-08-09,B2,2.3506
71dd5d13-2387-4759-9669-3a2661e0fe81,2024-08-10,B2,1.8266
71dd5d13-2387-4759-9669-3a2661e0fe81,2024-08-08,B3,19.7419
71dd5d13-2387-4759-9669-3a2661e0fe81,2024-08-09,B3,16.111
71dd5d13-2387-4759-9669-3a2661e0fe81,2024-08-10,B3,12.5197
72330f8b-f5d1-47e9-839b-370c196b8121,2024-08-08,M1,2.1103
72330f8b-f5d1-47e9-839b-370c196b8121,2024-08-09,M1,1.8866
72330f8b-f5d1-47e9-839b-370c196b8121,2024-08-10,M1,1.7209
72330f8b-f5d1-47e9-839b-370c196b8121,2024-08-08,M2,1.5827
72330f8b-f5d1-47e9-839b-370c196b8121,2024-08-09,M2,1.4149
72330f8b-f5d1-47e9-839b-370c196b8121,2024-08-10,M2,1.2907
72330f8b-f5d1-47e9-839b-370c196b8121,2024-08-08,M3,1.9184
72330f8b-f5d1-47e9-839b-370c196b8121,2024-08-09,M3,1.715
72330f8b-f5d1-47e9-839b-370c196b8121,2024-08-10,M3,1.5645
724c3b31-5b34-43b8-ad75-d6d4810b4893,2024-08-08,B1,3.0543
724c3b31-5b34-43b8-ad75-d6d4810b4893,2024-08-09,B1,2.4926
724c3b31-5b34-43b8-ad75-d6d4810b4893,2024-08-10,B1,1.937
724c3b31-5b34-43b8-ad75-d6d4810b4893,2024-08-08,B2,3.1995
724c3b31-5b34-43b8-ad75-d6d4810b4893,2024-08-09,B2,2.6111
724c3b31-5b34-43b8-ad75-d6d4810b4893,2024-08-10,B2,2.029
724c3b31-5b34-43b8-ad75-d6d4810b4893,2024-08-08,B3,8.3791
724c3b31-5b34-43b8-ad75-d6d4810b4893,2024-08-09,B3,6.8381
724c3b31-5b34-43b8-ad75-d6d4810b4893,2024-08-10,B3,5.3138
727cd790-c0fe-45c3-ad5d-de0d40f8d8ee,2024-08-08,M1,2.4558
727cd790-c0fe-45c3-ad5d-de0d40f8d8ee,2024-08-09,M1,2.1955
727cd790-c0fe-45c3-ad5d-de0d40f8d8ee,2024-08-10,M1,2.0027
727cd790-c0fe-45c3-ad5d-de0d40f8d8ee,2024-08-08,M2,6.4285
727cd790-c0fe-45c3-ad5d-de0d40f8d8ee,2024-08-09,M2,5.747
727cd790-c0fe-45c3-ad5d-de0d40f8d8ee,2024-08-10,M2,5.2425
727cd790-c0fe-45c3-ad5d-de0d40f8d8ee,2024-08-08,M3,5.7401
727cd790-c0fe-45c3-ad5d-de0d40f8d8ee,2024-08-09,M3,5.1316
727cd790-c0fe-45c3-ad5d-de0d40f8d8ee,2024-08-10,M3,4.6811
727cd790-c0fe-45c3-ad5d-de0d40f8d8ee,2024-08-08,M4,2.5294
727cd790-c0fe-45c3-ad5d-de0d40f8d8ee,2024-08-09,M4,2.2613
727cd790-c0fe-45c3-ad5d-de0d40f8d8ee,2024-08-10,M4,2.0628
727cd790-c0fe-45c3-ad5d-de0d40f8d8ee,2024-08-08,M5,2.1989
727cd790-c0fe-45c3-ad5d-de0d40f8d8ee,2024-08-09,M5,1.9658
727cd790-c0fe-45c3-ad5d-de0d40f8d8ee,2024-08-10,M5,1.7932
72b01e61-96b7-4e02-a9b7-99712307f69d,2024-08-08,M1,2.8769
72b01e61-96b7-4e02-a9b7-99712307f69d,2024-08-09,M1,2.5719
72b01e61-96b7-4e02-a9b7-99712307f69d,2024-08-10,M1,2.3461
72b01e61-96b7-4e02-a9b7-99712307f69d,2024-08-08,M2,9.6895
72b01e61-96b7-4e02-a9b7-99712307f69d,2024-08-09,M2,8.6622
72b01e61-96b7-4e02-a9b7-99712307f69d,2024-08-10,M2,7.9018
72b01e61-96b7-4e02-a9b7-99712307f69d,2024-08-08,M3,26.3053
72b01e61-96b7-4e02-a9b7-99712307f69d,2024-08-09,M3,23.5165
72b01e61-96b7-4e02-a9b7-99712307f69d,2024-08-10,M3,21.4521
72b01e61-96b7-4e02-a9b7-99712307f69d,2024-08-08,M4,5.8951
72b01e61-96b7-4e02-a9b7-99712307f69d,2024-08-09,M4,5.2702
72b01e61-96b7-4e02-a9b7-99712307f69d,2024-08-10,M4,4.8075
72b01e61-96b7-4e02-a9b7-99712307f69d,2024-08-08,M5,1.8565
72b01e61-96b7-4e02-a9b7-99712307f69d,2024-08-09,M5,1.6597
72b01e61-96b7-4e02-a9b7-99712307f69d,2024-08-10,M5,1.514
73879925-f150-429a-b2a6-cf648c3f40d4,2024-08-08,M1,1.6277
73879925-f150-429a-b2a6-cf648c3f40d4,2024-08-09,M1,1.4551
73879925-f150-429a-b2a6-cf648c3f40d4,2024-08-10,M1,1.3274
73879925-f150-429a-b2a6-cf648c3f40d4,2024-08-08,M2,3.6003
73879925-f150-429a-b2a6-cf648c3f40d4,2024-08-09,M2,3.2186
73879925-f150-429a-b2a6-cf648c3f40d4,2024-08-10,M2,2.936
73879925-f150-429a-b2a6-cf648c3f40d4,2024-08-08,M3,3.6187
73879925-f150-429a-b2a6-cf648c3f40d4,2024-08-09,M3,3.2351
73879925-f150-429a-b2a6-cf648c3f40d4,2024-08-10,M3,2.9511
73879925-f150-429a-b2a6-cf648c3f40d4,2024-08-08,M4,1.9481
73879925-f150-429a-b2a6-cf648c3f40d4,2024-08-09,M4,1.7416
73879925-f150-429a-b2a6-cf648c3f40d4,2024-08-10,M4,1.5887
73879925-f150-429a-b2a6-cf648c3f40d4,2024-08-08,M5,1.5827
73879925-f150-429a-b2a6-cf648c3f40d4,2024-08-09,M5,1.4149
73879925-f150-429a-b2a6-cf648c3f40d4,2024-08-10,M5,1.2907
73a17df9-33a3-46a0-b6f1-2911dd0b7d01,2024-08-08,M2,1.0551
73a17df9-33a3-46a0-b6f1-2911dd0b7d01,2024-08-09,M2,0.9433
73a17df9-33a3-46a0-b6f1-2911dd0b7d01,2024-08-10,M2,0.8605
73a17df9-33a3-46a0-b6f1-2911dd0b7d01,2024-08-08,M3,1.7497
73a17df9-33a3-46a0-b6f1-2911dd0b7d01,2024-08-09,M3,1.5642
73a17df9-33a3-46a0-b6f1-2911dd0b7d01,2024-08-10,M3,1.4269
73db90ca-875c-4882-b5d9-2ea5248cbf3b,2024-08-08,B1,2.2022
73db90ca-875c-4882-b5d9-2ea5248cbf3b,2024-08-09,B1,1.7972
73db90ca-875c-4882-b5d9-2ea5248cbf3b,2024-08-10,B1,1.3965
73db90ca-875c-4882-b5d9-2ea5248cbf3b,2024-08-08,B2,1.1536
73db90ca-875c-4882-b5d9-2ea5248cbf3b,2024-08-09,B2,0.9414
73db90ca-875c-4882-b5d9-2ea5248cbf3b,2024-08-10,B2,0.7316
73db90ca-875c-4882-b5d9-2ea5248cbf3b,2024-08-08,B3,3.759
73db90ca-875c-4882-b5d9-2ea5248cbf3b,2024-08-09,B3,3.0676
73db90ca-875c-4882-b5d9-2ea5248cbf3b,2024-08-10,B3,2.3838
73e689b5-1d14-4391-b94c-69385b155bda,2024-08-08,M2,1.0551
73e689b5-1d14-4391-b94c-69385b155bda,2024-08-09,M2,0.9433
73e689b5-1d14-4391-b94c-69385b155bda,2024-08-10,M2,0.8605
73e689b5-1d14-4391-b94c-69385b155bda,2024-08-08,M3,1.9353
73e689b5-1d14-4391-b94c-69385b155bda,2024-08-09,M3,1.7302
73e689b5-1d14-4391-b94c-69385b155bda,2024-08-10,M3,1.5783
73e689b5-1d14-4391-b94c-69385b155bda,2024-08-08,M4,9.4963
73e689b5-1d14-4391-b94c-69385b155bda,2024-08-09,M4,8.4895
73e689b5-1d14-4391-b94c-69385b155bda,2024-08-10,M4,7.7443
74262f7f-24c7-4c1e-bb62-331ff0cda394,2024-08-08,B1,5.768
74262f7f-24c7-4c1e-bb62-331ff0cda394,2024-08-09,B1,4.7072
74262f7f-24c7-4c1e-bb62-331ff0cda394,2024-08-10,B1,3.6579
74262f7f-24c7-4c1e-bb62-331ff0cda394,2024-08-08,B3,2.884
74262f7f-24c7-4c1e-bb62-331ff0cda394,2024-08-09,B3,2.3536
74262f7f-24c7-4c1e-bb62-331ff0cda394,2024-08-10,B3,1.8289
744f215c-8377-452d-a5b3-3f9675e4bd1e,2024-08-08,M1,1.8445
744f215c-8377-452d-a5b3-3f9675e4bd1e,2024-08-09,M1,1.6489
744f215c-8377-452d-a5b3-3f9675e4bd1e,2024-08-10,M1,1.5042
744f215c-8377-452d-a5b3-3f9675e4bd1e,2024-08-08,M2,5.52
744f215c-8377-452d-a5b3-3f9675e4bd1e,2024-08-09,M2,4.9348
744f215c-8377-452d-a5b3-3f9675e4bd1e,2024-08-10,M2,4.5016
744f215c-8377-452d-a5b3-3f9675e4bd1e,2024-08-08,M3,7.2593
744f215c-8377-452d-a5b3-3f9675e4bd1e,2024-08-09,M3,6.4897
744f215c-8377-452d-a5b3-3f9675e4bd1e,2024-08-10,M3,5.92
744f215c-8377-452d-a5b3-3f9675e4bd1e,2024-08-08,M4,2.1049
744f215c-8377-452d-a5b3-3f9675e4bd1e,2024-08-09,M4,1.8817
744f215c-8377-452d-a5b3-3f9675e4bd1e,2024-08-10,M4,1.7165
744f215c-8377-452d-a5b3-3f9675e4bd1e,2024-08-08,M5,1.8277
744f215c-8377-452d-a5b3-3f9675e4bd1e,2024-08-09,M5,1.634
744f215c-8377-452d-a5b3-3f9675e4bd1e,2024-08-10,M5,1.4905
7528214a-3af7-47cf-acba-5b2489c83f21,2024-08-08,M1,2.4628
7528214a-3af7-47cf-acba-5b2489c83f21,2024-08-09,M1,2.2017
7528214a-3af7-47cf-acba-5b2489c83f21,2024-08-10,M1,2.0084
7528214a-3af7-47cf-acba-5b2489c83f21,2024-08-08,M2,7.0226
7528214a-3af7-47cf-acba-5b2489c83f21,2024-08-09,M2,6.2781
7528214a-3af7-47cf-acba-5b2489c83f21,2024-08-10,M2,5.7269
7528214a-3af7-47cf-acba-5b2489c83f21,2024-08-08,M3,2.3705
7528214a-3af7-47cf-acba-5b2489c83f21,2024-08-09,M3,2.1192
7528214a-3af7-47cf-acba-5b2489c83f21,2024-08-10,M3,1.9331
7528214a-3af7-47cf-acba-5b2489c83f21,2024-08-08,M4,2.3016
7528214a-3af7-47cf-acba-5b2489c83f21,2024-08-09,M4,2.0576
7528214a-3af7-47cf-acba-5b2489c83f21,2024-08-10,M4,1.8769
7528214a-3af7-47cf-acba-5b2489c83f21,2024-08-08,M5,5.9226
7528214a-3af7-47cf-acba-5b2489c83f21,2024-08-09,M5,5.2947
7528214a-3af7-47cf-acba-5b2489c83f21,2024-08-10,M5,4.8299
7583dec4-340e-484c-a1a6-c294230c1c1f,2024-08-08,B1,2.3072
7583dec4-340e-484c-a1a6-c294230c1c1f,2024-08-09,B1,1.8829
7583dec4-340e-484c-a1a6-c294230c1c1f,2024-08-10,B1,1.4632
7583dec4-340e-484c-a1a6-c294230c1c1f,2024-08-08,B2,2.3072
7583dec4-340e-484c-a1a6-c294230c1c1f,2024-08-09,B2,1.8829
7583dec4-340e-484c-a1a6-c294230c1c1f,2024-08-10,B2,1.4632
7583dec4-340e-484c-a1a6-c294230c1c1f,2024-08-08,B3,3.0402
7583dec4-340e-484c-a1a6-c294230c1c1f,2024-08-09,B3,2.4811
7583dec4-340e-484c-a1a6-c294230c1c1f,2024-08-10,B3,1.928
75daf5c6-9dfa-4b87-aef8-0370e95d00fa,2024-08-08,B1,4.6144
75daf5c6-9dfa-4b87-aef8-0370e95d00fa,2024-08-09,B1,3.7657
75daf5c6-9dfa-4b87-aef8-0370e95d00fa,2024-08-10,B1,2.9263
75daf5c6-9dfa-4b87-aef8-0370e95d00fa,2024-08-08,B2,3.5981
75daf5c6-9dfa-4b87-aef8-0370e95d00fa,2024-08-09,B2,2.9364
75daf5c6-9dfa-4b87-aef8-0370e95d00fa,2024-08-10,B2,2.2818
75daf5c6-9dfa-4b87-aef8-0370e95d00fa,2024-08-08,B3,6.1976
75daf5c6-9dfa-4b87-aef8-0370e95d00fa,2024-08-09,B3,5.0578
75daf5c6-9dfa-4b87-aef8-0370e95d00fa,2024-08-10,B3,3.9303
76024871-701d-407e-8bc9-ca5f277c1533,2024-08-08,B1,2.2479
76024871-701d-407e-8bc9-ca5f277c1533,2024-08-09,B1,1.8345
76024871-701d-407e-8bc9-ca5f277c1533,2024-08-10,B1,1.4256
76024871-701d-407e-8bc9-ca5f277c1533,2024-08-08,B2,2.3072
76024871-701d-407e-8bc9-ca5f277c1533,2024-08-09,B2,1.8829
76024871-701d-407e-8bc9-ca5f277c1533,2024-08-10,B2,1.4632
76024871-701d-407e-8bc9-ca5f277c1533,2024-08-08,B3,2.9798
76024871-701d-407e-8bc9-ca5f277c1533,2024-08-09,B3,2.4318
76024871-701d-407e-8bc9-ca5f277c1533,2024-08-10,B3,1.8897
761112c0-6936-49d0-9927-e37b2d1779dd,2024-08-08,M1,2.474
761112c0-6936-49d0-9927-e37b2d1779dd,2024-08-09,M1,2.2117
761112c0-6936-49d0-9927-e37b2d1779dd,2024-08-10,M1,2.0176
761112c0-6936-49d0-9927-e37b2d1779dd,2024-08-08,M2,7.2216
761112c0-6936-49d0-9927-e37b2d1779dd,2024-08-09,M2,6.456
761112c0-6936-49d0-9927-e37b2d1779dd,2024-08-10,M2,5.8892
761112c0-6936-49d0-9927-e37b2d1779dd,2024-08-08,M3,20.2534
761112c0-6936-49d0-9927-e37b2d1779dd,2024-08-09,M3,18.1063
761112c0-6936-49d0-9927-e37b2d1779dd,2024-08-10,M3,16.5168
761112c0-6936-49d0-9927-e37b2d1779dd,2024-08-08,M4,12.3066
761112c0-6936-49d0-9927-e37b2d1779dd,2024-08-09,M4,11.0019
761112c0-6936-49d0-9927-e37b2d1779dd,2024-08-10,M4,10.036
761112c0-6936-49d0-9927-e37b2d1779dd,2024-08-08,M5,4.9679
761112c0-6936-49d0-9927-e37b2d1779dd,2024-08-09,M5,4.4412
761112c0-6936-49d0-9927-e37b2d1779dd,2024-08-10,M5,4.0514
76809850-27dd-48ff-8abc-5c93b28fa231,2024-08-08,B1,3.0717
76809850-27dd-48ff-8abc-5c93b28fa231,2024-08-09,B1,2.5068
76809850-27dd-48ff-8abc-5c93b28fa231,2024-08-10,B1,1.948
76809850-27dd-48ff-8abc-5c93b28fa231,2024-08-08,B2,4.3151
76809850-27dd-48ff-8abc-5c93b28fa231,2024-08-09,B2,3.5215
76809850-27dd-48ff-8abc-5c93b28fa231,2024-08-10,B2,2.7365
76809850-27dd-48ff-8abc-5c93b28fa231,2024-08-08,B3,27.611
76809850-27dd-48ff-8abc-5c93b28fa231,2024-08-09,B3,22.5329
76809850-27dd-48ff-8abc-5c93b28fa231,2024-08-10,B3,17.5101
76a9efc2-175f-482c-8dd1-377607086853,2024-08-08,B1,2.884
76a9efc2-175f-482c-8dd1-377607086853,2024-08-09,B1,2.3536
76a9efc2-175f-482c-8dd1-377607086853,2024-08-10,B1,1.8289
76a9efc2-175f-482c-8dd1-377607086853,2024-08-08,B2,1.9201
76a9efc2-175f-482c-8dd1-377607086853,2024-08-09,B2,1.5669
76a9efc2-175f-482c-8dd1-377607086853,2024-08-10,B2,1.2177
76a9efc2-175f-482c-8dd1-377607086853,2024-08-08,B3,4.108
76a9efc2-175f-482c-8dd1-377607086853,2024-08-09,B3,3.3525
76a9efc2-175f-482c-8dd1-377607086853,2024-08-10,B3,2.6052
772eb059-e35c-45d5-b384-d4b85ea2f337,2024-08-08,M1,2.1103
772eb059-e35c-45d5-b384-d4b85ea2f337,2024-08-09,M1,1.8866
772eb059-e35c-45d5-b384-d4b85ea2f337,2024-08-10,M1,1.7209
772eb059-e35c-45d5-b384-d4b85ea2f337,2024-08-08,M2,2.4416
772eb059-e35c-45d5-b384-d4b85ea2f337,2024-08-09,M2,2.1828
772eb059-e35c-45d5-b384-d4b85ea2f337,2024-08-10,M2,1.9911
772eb059-e35c-45d5-b384-d4b85ea2f337,2024-08-08,M3,6.0793
772eb059-e35c-45d5-b384-d4b85ea2f337,2024-08-09,M3,5.4348
772eb059-e35c-45d5-b384-d4b85ea2f337,2024-08-10,M3,4.9577
772eb059-e35c-45d5-b384-d4b85ea2f337,2024-08-08,M4,1.5827
772eb059-e35c-45d5-b384-d4b85ea2f337,2024-08-09,M4,1.4149
772eb059-e35c-45d5-b384-d4b85ea2f337,2024-08-10,M4,1.2907
772eb059-e35c-45d5-b384-d4b85ea2f337,2024-08-08,M5,5.2757
772eb059-e35c-45d5-b384-d4b85ea2f337,2024-08-09,M5,4.7164
772eb059-e35c-45d5-b384-d4b85ea2f337,2024-08-10,M5,4.3024
778b1f96-b0ca-4ab5-8ba8-17a0efde94b6,2024-08-08,B1,2.0746
778b1f96-b0ca-4ab5-8ba8-17a0efde94b6,2024-08-09,B1,1.693
778b1f96-b0ca-4ab5-8ba8-17a0efde94b6,2024-08-10,B1,1.3156
778b1f96-b0ca-4ab5-8ba8-17a0efde94b6,2024-08-08,B2,2.1089
778b1f96-b0ca-4ab5-8ba8-17a0efde94b6,2024-08-09,B2,1.721
778b1f96-b0ca-4ab5-8ba8-17a0efde94b6,2024-08-10,B2,1.3374
778b1f96-b0ca-4ab5-8ba8-17a0efde94b6,2024-08-08,B3,2.983
778b1f96-b0ca-4ab5-8ba8-17a0efde94b6,2024-08-09,B3,2.4344
778b1f96-b0ca-4ab5-8ba8-17a0efde94b6,2024-08-10,B3,1.8918
7805629f-32f9-4390-bc4c-13d4e9c076ce,2024-08-08,B1,1.7304
7805629f-32f9-4390-bc4c-13d4e9c076ce,2024-08-09,B1,1.4122
7805629f-32f9-4390-bc4c-13d4e9c076ce,2024-08-10,B1,1.0974
7805629f-32f9-4390-bc4c-13d4e9c076ce,2024-08-08,B2,2.2629
7805629f-32f9-4390-bc4c-13d4e9c076ce,2024-08-09,B2,1.8467
7805629f-32f9-4390-bc4c-13d4e9c076ce,2024-08-10,B2,1.435
7805629f-32f9-4390-bc4c-13d4e9c076ce,2024-08-08,B3,5.1598
7805629f-32f9-4390-bc4c-13d4e9c076ce,2024-08-09,B3,4.2108
7805629f-32f9-4390-bc4c-13d4e9c076ce,2024-08-10,B3,3.2722
7833ce97-bf0b-4618-9b37-6b78a9459c98,2024-08-08,B1,10.7444
7833ce97-bf0b-4618-9b37-6b78a9459c98,2024-08-09,B1,8.7683
7833ce97-bf0b-4618-9b37-6b78a9459c98,2024-08-10,B1,6.8138
7833ce97-bf0b-4618-9b37-6b78a9459c98,2024-08-08,B2,5.5653
7833ce97-bf0b-4618-9b37-6b78a9459c98,2024-08-09,B2,4.5418
7833ce97-bf0b-4618-9b37-6b78a9459c98,2024-08-10,B2,3.5294
7833ce97-bf0b-4618-9b37-6b78a9459c98,2024-08-08,B3,42.2678
7833ce97-bf0b-4618-9b37-6b78a9459c98,2024-08-09,B3,34.4941
7833ce97-bf0b-4618-9b37-6b78a9459c98,2024-08-10,B3,26.805
78351db9-1acb-4799-8cb7-cb29f6d9b04c,2024-08-08,M1,2.153
78351db9-1acb-4799-8cb7-cb29f6d9b04c,2024-08-09,M1,1.9247
78351db9-1acb-4799-8cb7-cb29f6d9b04c,2024-08-10,M1,1.7557
78351db9-1acb-4799-8cb7-cb29f6d9b04c,2024-08-08,M2,12.6617
78351db9-1acb-4799-8cb7-cb29f6d9b04c,2024-08-09,M2,11.3194
78351db9-1acb-4799-8cb7-cb29f6d9b04c,2024-08-10,M2,10.3257
78351db9-1acb-4799-8cb7-cb29f6d9b04c,2024-08-08,M3,3.5481
78351db9-1acb-4799-8cb7-cb29f6d9b04c,2024-08-09,M3,3.172
78351db9-1acb-4799-8cb7-cb29f6d9b04c,2024-08-10,M3,2.8935
78351db9-1acb-4799-8cb7-cb29f6d9b04c,2024-08-08,M4,2.1103
78351db9-1acb-4799-8cb7-cb29f6d9b04c,2024-08-09,M4,1.8866
78351db9-1acb-4799-8cb7-cb29f6d9b04c,2024-08-10,M4,1.7209
785ac3f5-4c76-4140-b4ea-2114f1a06d4f,2024-08-08,M4,1.0551
785ac3f5-4c76-4140-b4ea-2114f1a06d4f,2024-08-09,M4,0.9433
785ac3f5-4c76-4140-b4ea-2114f1a06d4f,2024-08-10,M4,0.8605
786067eb-5acc-4eaf-a0b1-3a34c21266e6,2024-08-08,M1,1.9038
786067eb-5acc-4eaf-a0b1-3a34c21266e6,2024-08-09,M1,1.7019
786067eb-5acc-4eaf-a0b1-3a34c21266e6,2024-08-10,M1,1.5525
786067eb-5acc-4eaf-a0b1-3a34c21266e6,2024-08-08,M2,3.463
786067eb-5acc-4eaf-a0b1-3a34c21266e6,2024-08-09,M2,3.0959
786067eb-5acc-4eaf-a0b1-3a34c21266e6,2024-08-10,M2,2.8241
786067eb-5acc-4eaf-a0b1-3a34c21266e6,2024-08-08,M3,3.1025
786067eb-5acc-4eaf-a0b1-3a34c21266e6,2024-08-09,M3,2.7736
786067eb-5acc-4eaf-a0b1-3a34c21266e6,2024-08-10,M3,2.5301
786067eb-5acc-4eaf-a0b1-3a34c21266e6,2024-08-08,M4,2.3039
786067eb-5acc-4eaf-a0b1-3a34c21266e6,2024-08-09,M4,2.0596
786067eb-5acc-4eaf-a0b1-3a34c21266e6,2024-08-10,M4,1.8788
78a2a5ce-88b0-4fdc-a8f4-11208bbffcc8,2024-08-08,M2,1.0551
78a2a5ce-88b0-4fdc-a8f4-11208bbffcc8,2024-08-09,M2,0.9433
78a2a5ce-88b0-4fdc-a8f4-11208bbffcc8,2024-08-10,M2,0.8605
78df70b4-c2da-41f4-8e52-e9c3cbf30866,2024-08-08,B3,2.1542
78df70b4-c2da-41f4-8e52-e9c3cbf30866,2024-08-09,B3,1.758
78df70b4-c2da-41f4-8e52-e9c3cbf30866,2024-08-10,B3,1.3661
799854e1-4586-4f76-af5a-6502ae8f6478,2024-08-08,B1,2.4067
799854e1-4586-4f76-af5a-6502ae8f6478,2024-08-09,B1,1.9641
799854e1-4586-4f76-af5a-6502ae8f6478,2024-08-10,B1,1.5262
799854e1-4586-4f76-af5a-6502ae8f6478,2024-08-08,B2,1.8392
799854e1-4586-4f76-af5a-6502ae8f6478,2024-08-09,B2,1.501
799854e1-4586-4f76-af5a-6502ae8f6478,2024-08-10,B2,1.1664
799854e1-4586-4f76-af5a-6502ae8f6478,2024-08-08,B3,4.2783
799854e1-4586-4f76-af5a-6502ae8f6478,2024-08-09,B3,3.4915
799854e1-4586-4f76-af5a-6502ae8f6478,2024-08-10,B3,2.7132
79e45b35-9491-487b-87a1-b2851b8210e5,2024-08-08,B1,1.8438
79e45b35-9491-487b-87a1-b2851b8210e5,2024-08-09,B1,1.5047
79e45b35-9491-487b-87a1-b2851b8210e5,2024-08-10,B1,1.1693
79e45b35-9491-487b-87a1-b2851b8210e5,2024-08-08,B2,1.8955
79e45b35-9491-487b-87a1-b2851b8210e5,2024-08-09,B2,1.5469
79e45b35-9491-487b-87a1-b2851b8210e5,2024-08-10,B2,1.2021
79e45b35-9491-487b-87a1-b2851b8210e5,2024-08-08,B3,2.8241
79e45b35-9491-487b-87a1-b2851b8210e5,2024-08-09,B3,2.3047
79e45b35-9491-487b-87a1-b2851b8210e5,2024-08-10,B3,1.791
7a226b75-ed68-4d16-903d-438d148dd2fa,2024-08-08,M1,2.9162
7a226b75-ed68-4d16-903d-438d148dd2fa,2024-08-09,M1,2.607
7a226b75-ed68-4d16-903d-438d148dd2fa,2024-08-10,M1,2.3782
7a226b75-ed68-4d16-903d-438d148dd2fa,2024-08-08,M2,3.7174
7a226b75-ed68-4d16-903d-438d148dd2fa,2024-08-09,M2,3.3233
7a226b75-ed68-4d16-903d-438d148dd2fa,2024-08-10,M2,3.0315
7a226b75-ed68-4d16-903d-438d148dd2fa,2024-08-08,M3,14.6601
7a226b75-ed68-4d16-903d-438d148dd2fa,2024-08-09,M3,13.1059
7a226b75-ed68-4d16-903d-438d148dd2fa,2024-08-10,M3,11.9553
7a226b75-ed68-4d16-903d-438d148dd2fa,2024-08-08,M4,4.5786
7a226b75-ed68-4d16-903d-438d148dd2fa,2024-08-09,M4,4.0932
7a226b75-ed68-4d16-903d-438d148dd2fa,2024-08-10,M4,3.7339
7a226b75-ed68-4d16-903d-438d148dd2fa,2024-08-08,M5,1.6067
7a226b75-ed68-4d16-903d-438d148dd2fa,2024-08-09,M5,1.4364
7a226b75-ed68-4d16-903d-438d148dd2fa,2024-08-10,M5,1.3103
7a6b60de-959c-4bb4-ba31-3b6f25f78d0d,2024-08-08,B1,5.1912
7a6b60de-959c-4bb4-ba31-3b6f25f78d0d,2024-08-09,B1,4.2365
7a6b60de-959c-4bb4-ba31-3b6f25f78d0d,2024-08-10,B1,3.2921
7a6b60de-959c-4bb4-ba31-3b6f25f78d0d,2024-08-08,B2,3.4608
7a6b60de-959c-4bb4-ba31-3b6f25f78d0d,2024-08-09,B2,2.8243
7a6b60de-959c-4bb4-ba31-3b6f25f78d0d,2024-08-10,B2,2.1947
7a6b60de-959c-4bb4-ba31-3b6f25f78d0d,2024-08-08,B3,3.0298
7a6b60de-959c-4bb4-ba31-3b6f25f78d0d,2024-08-09,B3,2.4726
7a6b60de-959c-4bb4-ba31-3b6f25f78d0d,2024-08-10,B3,1.9214
7a88d224-e27f-47fe-9a56-9e39bf8e37a5,2024-08-08,B2,2.5932
7a88d224-e27f-47fe-9a56-9e39bf8e37a5,2024-08-09,B2,2.1163
7a88d224-e27f-47fe-9a56-9e39bf8e37a5,2024-08-10,B2,1.6445
7a88d224-e27f-47fe-9a56-9e39bf8e37a5,2024-08-08,B3,5.6341
7a88d224-e27f-47fe-9a56-9e39bf8e37a5,2024-08-09,B3,4.5979
7a88d224-e27f-47fe-9a56-9e39bf8e37a5,2024-08-10,B3,3.573
7aefc65d-3fe6-4080-8091-f735b6d455f7,2024-08-08,B1,3.4608
7aefc65d-3fe6-4080-8091-f735b6d455f7,2024-08-09,B1,2.8243
7aefc65d-3fe6-4080-8091-f735b6d455f7,2024-08-10,B1,2.1947
7aefc65d-3fe6-4080-8091-f735b6d455f7,2024-08-08,B2,2.2629
7aefc65d-3fe6-4080-8091-f735b6d455f7,2024-08-09,B2,1.8467
7aefc65d-3fe6-4080-8091-f735b6d455f7,2024-08-10,B2,1.435
7aefc65d-3fe6-4080-8091-f735b6d455f7,2024-08-08,B3,4.0186
7aefc65d-3fe6-4080-8091-f735b6d455f7,2024-08-09,B3,3.2795
7aefc65d-3fe6-4080-8091-f735b6d455f7,2024-08-10,B3,2.5485
7b22adb8-3330-46e3-966a-292e8b433671,2024-08-08,M3,2.1103
7b22adb8-3330-46e3-966a-292e8b433671,2024-08-09,M3,1.8866
7b22adb8-3330-46e3-966a-292e8b433671,2024-08-10,M3,1.7209
7b4242f2-a81b-4433-a009-723a5a31ddaa,2024-08-08,B1,1.7304
7b4242f2-a81b-4433-a009-723a5a31ddaa,2024-08-09,B1,1.4122
7b4242f2-a81b-4433-a009-723a5a31ddaa,2024-08-10,B1,1.0974
7b4242f2-a81b-4433-a009-723a5a31ddaa,2024-08-08,B2,2.884
7b4242f2-a81b-4433-a009-723a5a31ddaa,2024-08-09,B2,2.3536
7b4242f2-a81b-4433-a009-723a5a31ddaa,2024-08-10,B2,1.8289
7b4242f2-a81b-4433-a009-723a5a31ddaa,2024-08-08,B3,3.584
7b4242f2-a81b-4433-a009-723a5a31ddaa,2024-08-09,B3,2.9249
7b4242f2-a81b-4433-a009-723a5a31ddaa,2024-08-10,B3,2.2729
7b488e3f-284c-4851-b0b9-7cfd0594cb7d,2024-08-08,B1,4.3343
7b488e3f-284c-4851-b0b9-7cfd0594cb7d,2024-08-09,B1,3.5372
7b488e3f-284c-4851-b0b9-7cfd0594cb7d,2024-08-10,B1,2.7487
7b488e3f-284c-4851-b0b9-7cfd0594cb7d,2024-08-08,B2,3.794
7b488e3f-284c-4851-b0b9-7cfd0594cb7d,2024-08-09,B2,3.0962
7b488e3f-284c-4851-b0b9-7cfd0594cb7d,2024-08-10,B2,2.4061
7b488e3f-284c-4851-b0b9-7cfd0594cb7d,2024-08-08,B3,22.6294
7b488e3f-284c-4851-b0b9-7cfd0594cb7d,2024-08-09,B3,18.4675
7b488e3f-284c-4851-b0b9-7cfd0594cb7d,2024-08-10,B3,14.3509
7bf2c294-58f5-4131-a1e4-4f0fce24416c,2024-08-08,M2,1.0551
7bf2c294-58f5-4131-a1e4-4f0fce24416c,2024-08-09,M2,0.9433
7bf2c294-58f5-4131-a1e4-4f0fce24416c,2024-08-10,M2,0.8605
7bf2c294-58f5-4131-a1e4-4f0fce24416c,2024-08-08,M3,5.2757
7bf2c294-58f5-4131-a1e4-4f0fce24416c,2024-08-09,M3,4.7164
7bf2c294-58f5-4131-a1e4-4f0fce24416c,2024-08-10,M3,4.3024
7bf2c294-58f5-4131-a1e4-4f0fce24416c,2024-08-08,M4,1.0551
7bf2c294-58f5-4131-a1e4-4f0fce24416c,2024-08-09,M4,0.9433
7bf2c294-58f5-4131-a1e4-4f0fce24416c,2024-08-10,M4,0.8605
7bf2c294-58f5-4131-a1e4-4f0fce24416c,2024-08-08,M5,1.0551
7bf2c294-58f5-4131-a1e4-4f0fce24416c,2024-08-09,M5,0.9433
7bf2c294-58f5-4131-a1e4-4f0fce24416c,2024-08-10,M5,0.8605
7c1440a9-7c5f-44ee-bcb1-1fe3c3fcceef,2024-08-08,B1,3.4608
7c1440a9-7c5f-44ee-bcb1-1fe3c3fcceef,2024-08-09,B1,2.8243
7c1440a9-7c5f-44ee-bcb1-1fe3c3fcceef,2024-08-10,B1,2.1947
7c1440a9-7c5f-44ee-bcb1-1fe3c3fcceef,2024-08-08,B2,2.0091
7c1440a9-7c5f-44ee-bcb1-1fe3c3fcceef,2024-08-09,B2,1.6396
7c1440a9-7c5f-44ee-bcb1-1fe3c3fcceef,2024-08-10,B2,1.2741
7c1440a9-7c5f-44ee-bcb1-1fe3c3fcceef,2024-08-08,B3,11.7496
7c1440a9-7c5f-44ee-bcb1-1fe3c3fcceef,2024-08-09,B3,9.5887
7c1440a9-7c5f-44ee-bcb1-1fe3c3fcceef,2024-08-10,B3,7.4513
7c537f34-1d14-42f4-ba32-c8338d9ff51a,2024-08-08,M1,1.0551
7c537f34-1d14-42f4-ba32-c8338d9ff51a,2024-08-09,M1,0.9433
7c537f34-1d14-42f4-ba32-c8338d9ff51a,2024-08-10,M1,0.8605
7c537f34-1d14-42f4-ba32-c8338d9ff51a,2024-08-08,M2,2.4824
7c537f34-1d14-42f4-ba32-c8338d9ff51a,2024-08-09,M2,2.2192
7c537f34-1d14-42f4-ba32-c8338d9ff51a,2024-08-10,M2,2.0244
7c537f34-1d14-42f4-ba32-c8338d9ff51a,2024-08-08,M3,10.0239
7c537f34-1d14-42f4-ba32-c8338d9ff51a,2024-08-09,M3,8.9612
7c537f34-1d14-42f4-ba32-c8338d9ff51a,2024-08-10,M3,8.1745
7c537f34-1d14-42f4-ba32-c8338d9ff51a,2024-08-08,M4,3.693
7c537f34-1d14-42f4-ba32-c8338d9ff51a,2024-08-09,M4,3.3015
7c537f34-1d14-42f4-ba32-c8338d9ff51a,2024-08-10,M4,3.0117
7c7174ea-3216-48eb-ac47-0526cf26046a,2024-08-08,B1,2.3072
7c7174ea-3216-48eb-ac47-0526cf26046a,2024-08-09,B1,1.8829
7c7174ea-3216-48eb-ac47-0526cf26046a,2024-08-10,B1,1.4632
7c7174ea-3216-48eb-ac47-0526cf26046a,2024-08-08,B3,2.2107
7c7174ea-3216-48eb-ac47-0526cf26046a,2024-08-09,B3,1.8041
7c7174ea-3216-48eb-ac47-0526cf26046a,2024-08-10,B3,1.402
7d239624-0ed5-4f04-8988-eb171738b8f0,2024-08-08,B1,45.8837
7d239624-0ed5-4f04-8988-eb171738b8f0,2024-08-09,B1,37.445
7d239624-0ed5-4f04-8988-eb171738b8f0,2024-08-10,B1,29.0981
7d239624-0ed5-4f04-8988-eb171738b8f0,2024-08-08,B2,15.2802
7d239624-0ed5-4f04-8988-eb171738b8f0,2024-08-09,B2,12.4699
7d239624-0ed5-4f04-8988-eb171738b8f0,2024-08-10,B2,9.6902
7d239624-0ed5-4f04-8988-eb171738b8f0,2024-08-08,B3,205.6384
7d239624-0ed5-4f04-8988-eb171738b8f0,2024-08-09,B3,167.8184
7d239624-0ed5-4f04-8988-eb171738b8f0,2024-08-10,B3,130.41
7d6e910c-9b53-4390-bfef-9a5a531c2816,2024-08-08,M1,2.2548
7d6e910c-9b53-4390-bfef-9a5a531c2816,2024-08-09,M1,2.0157
7d6e910c-9b53-4390-bfef-9a5a531c2816,2024-08-10,M1,1.8388
7d6e910c-9b53-4390-bfef-9a5a531c2816,2024-08-08,M2,7.5766
7d6e910c-9b53-4390-bfef-9a5a531c2816,2024-08-09,M2,6.7734
7d6e910c-9b53-4390-bfef-9a5a531c2816,2024-08-10,M2,6.1788
7d6e910c-9b53-4390-bfef-9a5a531c2816,2024-08-08,M3,11.9706
7d6e910c-9b53-4390-bfef-9a5a531c2816,2024-08-09,M3,10.7015
7d6e910c-9b53-4390-bfef-9a5a531c2816,2024-08-10,M3,9.7621
7d6e910c-9b53-4390-bfef-9a5a531c2816,2024-08-08,M4,4.1424
7d6e910c-9b53-4390-bfef-9a5a531c2816,2024-08-09,M4,3.7032
7d6e910c-9b53-4390-bfef-9a5a531c2816,2024-08-10,M4,3.3781
7d6e910c-9b53-4390-bfef-9a5a531c2816,2024-08-08,M5,2.7678
7d6e910c-9b53-4390-bfef-9a5a531c2816,2024-08-09,M5,2.4744
7d6e910c-9b53-4390-bfef-9a5a531c2816,2024-08-10,M5,2.2572
7d8069b9-afcc-4b77-bdc1-5acf3134292f,2024-08-08,M1,1.0551
7d8069b9-afcc-4b77-bdc1-5acf3134292f,2024-08-09,M1,0.9433
7d8069b9-afcc-4b77-bdc1-5acf3134292f,2024-08-10,M1,0.8605
7d8069b9-afcc-4b77-bdc1-5acf3134292f,2024-08-08,M2,1.925
7d8069b9-afcc-4b77-bdc1-5acf3134292f,2024-08-09,M2,1.7209
7d8069b9-afcc-4b77-bdc1-5acf3134292f,2024-08-10,M2,1.5699
7d8069b9-afcc-4b77-bdc1-5acf3134292f,2024-08-08,M3,1.7835
7d8069b9-afcc-4b77-bdc1-5acf3134292f,2024-08-09,M3,1.5944
7d8069b9-afcc-4b77-bdc1-5acf3134292f,2024-08-10,M3,1.4544
7d8069b9-afcc-4b77-bdc1-5acf3134292f,2024-08-08,M4,2.1103
7d8069b9-afcc-4b77-bdc1-5acf3134292f,2024-08-09,M4,1.8866
7d8069b9-afcc-4b77-bdc1-5acf3134292f,2024-08-10,M4,1.7209
7e555914-eddf-410e-8224-c57f8ef85dcc,2024-08-08,M2,2.1139
7e555914-eddf-410e-8224-c57f8ef85dcc,2024-08-09,M2,1.8898
7e555914-eddf-410e-8224-c57f8ef85dcc,2024-08-10,M2,1.7239
7e555914-eddf-410e-8224-c57f8ef85dcc,2024-08-08,M3,3.3173
7e555914-eddf-410e-8224-c57f8ef85dcc,2024-08-09,M3,2.9657
7e555914-eddf-410e-8224-c57f8ef85dcc,2024-08-10,M3,2.7053
7e555914-eddf-410e-8224-c57f8ef85dcc,2024-08-08,M4,1.7057
7e555914-eddf-410e-8224-c57f8ef85dcc,2024-08-09,M4,1.5249
7e555914-eddf-410e-8224-c57f8ef85dcc,2024-08-10,M4,1.391
7e555914-eddf-410e-8224-c57f8ef85dcc,2024-08-08,M5,1.8218
7e555914-eddf-410e-8224-c57f8ef85dcc,2024-08-09,M5,1.6287
7e555914-eddf-410e-8224-c57f8ef85dcc,2024-08-10,M5,1.4857
7e983d62-c89b-4c27-94b2-8bd9cc459624,2024-08-08,B1,2.2593
7e983d62-c89b-4c27-94b2-8bd9cc459624,2024-08-09,B1,1.8437
7e983d62-c89b-4c27-94b2-8bd9cc459624,2024-08-10,B1,1.4328
7e983d62-c89b-4c27-94b2-8bd9cc459624,2024-08-08,B2,2.1004
7e983d62-c89b-4c27-94b2-8bd9cc459624,2024-08-09,B2,1.7141
7e983d62-c89b-4c27-94b2-8bd9cc459624,2024-08-10,B2,1.332
7e983d62-c89b-4c27-94b2-8bd9cc459624,2024-08-08,B3,4.6358
7e983d62-c89b-4c27-94b2-8bd9cc459624,2024-08-09,B3,3.7832
7e983d62-c89b-4c27-94b2-8bd9cc459624,2024-08-10,B3,2.9399
7ee2b047-a541-4bb6-aa57-2e1f887234ad,2024-08-08,B1,2.1659
7ee2b047-a541-4bb6-aa57-2e1f887234ad,2024-08-09,B1,1.7676
7ee2b047-a541-4bb6-aa57-2e1f887234ad,2024-08-10,B1,1.3736
7ee2b047-a541-4bb6-aa57-2e1f887234ad,2024-08-08,B2,5.768
7ee2b047-a541-4bb6-aa57-2e1f887234ad,2024-08-09,B2,4.7072
7ee2b047-a541-4bb6-aa57-2e1f887234ad,2024-08-10,B2,3.6579
7ee2b047-a541-4bb6-aa57-2e1f887234ad,2024-08-08,B3,2.7766
7ee2b047-a541-4bb6-aa57-2e1f887234ad,2024-08-09,B3,2.266
7ee2b047-a541-4bb6-aa57-2e1f887234ad,2024-08-10,B3,1.7609
7ef6b6f8-1603-4b1d-9bbe-c440c59fc7e1,2024-08-08,M1,2.5151
7ef6b6f8-1603-4b1d-9bbe-c440c59fc7e1,2024-08-09,M1,2.2484
7ef6b6f8-1603-4b1d-9bbe-c440c59fc7e1,2024-08-10,M1,2.0511
7ef6b6f8-1603-4b1d-9bbe-c440c59fc7e1,2024-08-08,M2,7.7984
7ef6b6f8-1603-4b1d-9bbe-c440c59fc7e1,2024-08-09,M2,6.9716
7ef6b6f8-1603-4b1d-9bbe-c440c59fc7e1,2024-08-10,M2,6.3596
7ef6b6f8-1603-4b1d-9bbe-c440c59fc7e1,2024-08-08,M3,10.2096
7ef6b6f8-1603-4b1d-9bbe-c440c59fc7e1,2024-08-09,M3,9.1272
7ef6b6f8-1603-4b1d-9bbe-c440c59fc7e1,2024-08-10,M3,8.326
7ef6b6f8-1603-4b1d-9bbe-c440c59fc7e1,2024-08-08,M4,6.6641
7ef6b6f8-1603-4b1d-9bbe-c440c59fc7e1,2024-08-09,M4,5.9576
7ef6b6f8-1603-4b1d-9bbe-c440c59fc7e1,2024-08-10,M4,5.4346
7ef6b6f8-1603-4b1d-9bbe-c440c59fc7e1,2024-08-08,M5,1.8898
7ef6b6f8-1603-4b1d-9bbe-c440c59fc7e1,2024-08-09,M5,1.6895
7ef6b6f8-1603-4b1d-9bbe-c440c59fc7e1,2024-08-10,M5,1.5412
7efdbebb-073e-4e4e-80f8-babe76118cd6,2024-08-08,B1,2.3749
7efdbebb-073e-4e4e-80f8-babe76118cd6,2024-08-09,B1,1.9381
7efdbebb-073e-4e4e-80f8-babe76118cd6,2024-08-10,B1,1.5061
7efdbebb-073e-4e4e-80f8-babe76118cd6,2024-08-08,B2,2.8074
7efdbebb-073e-4e4e-80f8-babe76118cd6,2024-08-09,B2,2.291
7efdbebb-073e-4e4e-80f8-babe76118cd6,2024-08-10,B2,1.7803
7efdbebb-073e-4e4e-80f8-babe76118cd6,2024-08-08,B3,16.2988
7efdbebb-073e-4e4e-80f8-babe76118cd6,2024-08-09,B3,13.3012
7efdbebb-073e-4e4e-80f8-babe76118cd6,2024-08-10,B3,10.3363
7f80d767-e73c-41b8-a624-e0ba1ff93ccb,2024-08-08,B1,1.8291
7f80d767-e73c-41b8-a624-e0ba1ff93ccb,2024-08-09,B1,1.4927
7f80d767-e73c-41b8-a624-e0ba1ff93ccb,2024-08-10,B1,1.1599
7f80d767-e73c-41b8-a624-e0ba1ff93ccb,2024-08-08,B2,2.2856
7f80d767-e73c-41b8-a624-e0ba1ff93ccb,2024-08-09,B2,1.8652
7f80d767-e73c-41b8-a624-e0ba1ff93ccb,2024-08-10,B2,1.4495
7f80d767-e73c-41b8-a624-e0ba1ff93ccb,2024-08-08,B3,4.1347
7f80d767-e73c-41b8-a624-e0ba1ff93ccb,2024-08-09,B3,3.3743
7f80d767-e73c-41b8-a624-e0ba1ff93ccb,2024-08-10,B3,2.6221
7f859c5d-288f-44ec-a12e-8edfbb285293,2024-08-08,M1,3.1654
7f859c5d-288f-44ec-a12e-8edfbb285293,2024-08-09,M1,2.8298
7f859c5d-288f-44ec-a12e-8edfbb285293,2024-08-10,M1,2.5814
7f859c5d-288f-44ec-a12e-8edfbb285293,2024-08-08,M2,5.8033
7f859c5d-288f-44ec-a12e-8edfbb285293,2024-08-09,M2,5.1881
7f859c5d-288f-44ec-a12e-8edfbb285293,2024-08-10,M2,4.7326
7f859c5d-288f-44ec-a12e-8edfbb285293,2024-08-08,M3,14.772
7f859c5d-288f-44ec-a12e-8edfbb285293,2024-08-09,M3,13.206
7f859c5d-288f-44ec-a12e-8edfbb285293,2024-08-10,M3,12.0466
7f859c5d-288f-44ec-a12e-8edfbb285293,2024-08-08,M4,2.1103
7f859c5d-288f-44ec-a12e-8edfbb285293,2024-08-09,M4,1.8866
7f859c5d-288f-44ec-a12e-8edfbb285293,2024-08-10,M4,1.7209
7fb8b97a-839e-4313-a977-25fb759754c8,2024-08-08,B1,2.1223
7fb8b97a-839e-4313-a977-25fb759754c8,2024-08-09,B1,1.732
7fb8b97a-839e-4313-a977-25fb759754c8,2024-08-10,B1,1.3459
7fb8b97a-839e-4313-a977-25fb759754c8,2024-08-08,B2,3.1197
7fb8b97a-839e-4313-a977-25fb759754c8,2024-08-09,B2,2.5459
7fb8b97a-839e-4313-a977-25fb759754c8,2024-08-10,B2,1.9784
7fb8b97a-839e-4313-a977-25fb759754c8,2024-08-08,B3,5.8045
7fb8b97a-839e-4313-a977-25fb759754c8,2024-08-09,B3,4.7369
7fb8b97a-839e-4313-a977-25fb759754c8,2024-08-10,B3,3.681
80296c74-d7d4-4ae0-b779-7489b0e90780,2024-08-08,B1,5.6041
80296c74-d7d4-4ae0-b779-7489b0e90780,2024-08-09,B1,4.5734
80296c74-d7d4-4ae0-b779-7489b0e90780,2024-08-10,B1,3.5539
80296c74-d7d4-4ae0-b779-7489b0e90780,2024-08-08,B2,6.7392
80296c74-d7d4-4ae0-b779-7489b0e90780,2024-08-09,B2,5.4997
80296c74-d7d4-4ae0-b779-7489b0e90780,2024-08-10,B2,4.2738
80296c74-d7d4-4ae0-b779-7489b0e90780,2024-08-08,B3,20.4554
80296c74-d7d4-4ae0-b779-7489b0e90780,2024-08-09,B3,16.6933
80296c74-d7d4-4ae0-b779-7489b0e90780,2024-08-10,B3,12.9722
804c5b94-7430-440b-9b8a-9ef1a1d6ec36,2024-08-08,B1,3.7961
804c5b94-7430-440b-9b8a-9ef1a1d6ec36,2024-08-09,B1,3.0979
804c5b94-7430-440b-9b8a-9ef1a1d6ec36,2024-08-10,B1,2.4074
804c5b94-7430-440b-9b8a-9ef1a1d6ec36,2024-08-08,B2,3.5421
804c5b94-7430-440b-9b8a-9ef1a1d6ec36,2024-08-09,B2,2.8906
804c5b94-7430-440b-9b8a-9ef1a1d6ec36,2024-08-10,B2,2.2463
804c5b94-7430-440b-9b8a-9ef1a1d6ec36,2024-08-08,B3,12.1563
804c5b94-7430-440b-9b8a-9ef1a1d6ec36,2024-08-09,B3,9.9205
804c5b94-7430-440b-9b8a-9ef1a1d6ec36,2024-08-10,B3,7.7092
80779dd8-ed62-48ac-854b-81836abd59f3,2024-08-08,M1,1.8199
80779dd8-ed62-48ac-854b-81836abd59f3,2024-08-09,M1,1.627
80779dd8-ed62-48ac-854b-81836abd59f3,2024-08-10,M1,1.4841
80779dd8-ed62-48ac-854b-81836abd59f3,2024-08-08,M2,2.4484
80779dd8-ed62-48ac-854b-81836abd59f3,2024-08-09,M2,2.1888
80779dd8-ed62-48ac-854b-81836abd59f3,2024-08-10,M2,1.9967
80779dd8-ed62-48ac-854b-81836abd59f3,2024-08-08,M3,3.8044
80779dd8-ed62-48ac-854b-81836abd59f3,2024-08-09,M3,3.4011
80779dd8-ed62-48ac-854b-81836abd59f3,2024-08-10,M3,3.1025
80779dd8-ed62-48ac-854b-81836abd59f3,2024-08-08,M4,3.5651
80779dd8-ed62-48ac-854b-81836abd59f3,2024-08-09,M4,3.1871
80779dd8-ed62-48ac-854b-81836abd59f3,2024-08-10,M4,2.9073
80779dd8-ed62-48ac-854b-81836abd59f3,2024-08-08,M5,1.5827
80779dd8-ed62-48ac-854b-81836abd59f3,2024-08-09,M5,1.4149
80779dd8-ed62-48ac-854b-81836abd59f3,2024-08-10,M5,1.2907
8077d383-846e-4f96-b68e-234fa3e49a6a,2024-08-08,B1,4.4111
8077d383-846e-4f96-b68e-234fa3e49a6a,2024-08-09,B1,3.5998
8077d383-846e-4f96-b68e-234fa3e49a6a,2024-08-10,B1,2.7974
8077d383-846e-4f96-b68e-234fa3e49a6a,2024-08-08,B2,3.2559
8077d383-846e-4f96-b68e-234fa3e49a6a,2024-08-09,B2,2.6571
8077d383-846e-4f96-b68e-234fa3e49a6a,2024-08-10,B2,2.0648
8077d383-846e-4f96-b68e-234fa3e49a6a,2024-08-08,B3,16.7396
8077d383-846e-4f96-b68e-234fa3e49a6a,2024-08-09,B3,13.6609
8077d383-846e-4f96-b68e-234fa3e49a6a,2024-08-10,B3,10.6158
8140cdfd-548f-41d2-b518-45240624ffa5,2024-08-08,B1,2.884
8140cdfd-548f-41d2-b518-45240624ffa5,2024-08-09,B1,2.3536
8140cdfd-548f-41d2-b518-45240624ffa5,2024-08-10,B1,1.8289
8140cdfd-548f-41d2-b518-45240624ffa5,2024-08-08,B2,3.4608
8140cdfd-548f-41d2-b518-45240624ffa5,2024-08-09,B2,2.8243
8140cdfd-548f-41d2-b518-45240624ffa5,2024-08-10,B2,2.1947
8140cdfd-548f-41d2-b518-45240624ffa5,2024-08-08,B3,3.4436
8140cdfd-548f-41d2-b518-45240624ffa5,2024-08-09,B3,2.8103
8140cdfd-548f-41d2-b518-45240624ffa5,2024-08-10,B3,2.1838
81489891-02df-47c1-ab89-17054e339956,2024-08-08,B1,19.253
81489891-02df-47c1-ab89-17054e339956,2024-08-09,B1,15.7121
81489891-02df-47c1-ab89-17054e339956,2024-08-10,B1,12.2097
81489891-02df-47c1-ab89-17054e339956,2024-08-08,B2,15.5432
81489891-02df-47c1-ab89-17054e339956,2024-08-09,B2,12.6845
81489891-02df-47c1-ab89-17054e339956,2024-08-10,B2,9.857
81489891-02df-47c1-ab89-17054e339956,2024-08-08,B3,97.1358
81489891-02df-47c1-ab89-17054e339956,2024-08-09,B3,79.271
81489891-02df-47c1-ab89-17054e339956,2024-08-10,B3,61.6007
81725414-8935-4105-a084-70bb52ce8bba,2024-08-08,B1,3.38
81725414-8935-4105-a084-70bb52ce8bba,2024-08-09,B1,2.7584
81725414-8935-4105-a084-70bb52ce8bba,2024-08-10,B1,2.1435
81725414-8935-4105-a084-70bb52ce8bba,2024-08-08,B2,2.1981
81725414-8935-4105-a084-70bb52ce8bba,2024-08-09,B2,1.7939
81725414-8935-4105-a084-70bb52ce8bba,2024-08-10,B2,1.394
81725414-8935-4105-a084-70bb52ce8bba,2024-08-08,B3,5.3468
81725414-8935-4105-a084-70bb52ce8bba,2024-08-09,B3,4.3634
81725414-8935-4105-a084-70bb52ce8bba,2024-08-10,B3,3.3908
8172d00e-2308-46d9-8f6e-dc6d2d55b58d,2024-08-08,M1,2.1103
8172d00e-2308-46d9-8f6e-dc6d2d55b58d,2024-08-09,M1,1.8866
8172d00e-2308-46d9-8f6e-dc6d2d55b58d,2024-08-10,M1,1.7209
8172d00e-2308-46d9-8f6e-dc6d2d55b58d,2024-08-08,M2,2.3249
8172d00e-2308-46d9-8f6e-dc6d2d55b58d,2024-08-09,M2,2.0784
8172d00e-2308-46d9-8f6e-dc6d2d55b58d,2024-08-10,M2,1.8959
8172d00e-2308-46d9-8f6e-dc6d2d55b58d,2024-08-08,M3,3.1478
8172d00e-2308-46d9-8f6e-dc6d2d55b58d,2024-08-09,M3,2.8141
8172d00e-2308-46d9-8f6e-dc6d2d55b58d,2024-08-10,M3,2.5671
8172d00e-2308-46d9-8f6e-dc6d2d55b58d,2024-08-08,M4,1.7181
8172d00e-2308-46d9-8f6e-dc6d2d55b58d,2024-08-09,M4,1.536
8172d00e-2308-46d9-8f6e-dc6d2d55b58d,2024-08-10,M4,1.4011
8172d00e-2308-46d9-8f6e-dc6d2d55b58d,2024-08-08,M5,1.0551
8172d00e-2308-46d9-8f6e-dc6d2d55b58d,2024-08-09,M5,0.9433
8172d00e-2308-46d9-8f6e-dc6d2d55b58d,2024-08-10,M5,0.8605
82247c79-9fae-46b6-80fa-ff9cefb0c6cd,2024-08-08,B1,4.7003
82247c79-9fae-46b6-80fa-ff9cefb0c6cd,2024-08-09,B1,3.8358
82247c79-9fae-46b6-80fa-ff9cefb0c6cd,2024-08-10,B1,2.9808
82247c79-9fae-46b6-80fa-ff9cefb0c6cd,2024-08-08,B2,5.039
82247c79-9fae-46b6-80fa-ff9cefb0c6cd,2024-08-09,B2,4.1123
82247c79-9fae-46b6-80fa-ff9cefb0c6cd,2024-08-10,B2,3.1956
82247c79-9fae-46b6-80fa-ff9cefb0c6cd,2024-08-08,B3,15.9474
82247c79-9fae-46b6-80fa-ff9cefb0c6cd,2024-08-09,B3,13.0144
82247c79-9fae-46b6-80fa-ff9cefb0c6cd,2024-08-10,B3,10.1134
8235c45b-b64f-4d48-8b81-71fda3211203,2024-08-08,B1,2.7905
8235c45b-b64f-4d48-8b81-71fda3211203,2024-08-09,B1,2.2773
8235c45b-b64f-4d48-8b81-71fda3211203,2024-08-10,B1,1.7697
8235c45b-b64f-4d48-8b81-71fda3211203,2024-08-08,B2,2.5987
8235c45b-b64f-4d48-8b81-71fda3211203,2024-08-09,B2,2.1207
8235c45b-b64f-4d48-8b81-71fda3211203,2024-08-10,B2,1.648
8235c45b-b64f-4d48-8b81-71fda3211203,2024-08-08,B3,9.0826
8235c45b-b64f-4d48-8b81-71fda3211203,2024-08-09,B3,7.4122
8235c45b-b64f-4d48-8b81-71fda3211203,2024-08-10,B3,5.7599
82477460-374f-4c4d-bb8f-58af71306d3f,2024-08-08,B1,2.2356
82477460-374f-4c4d-bb8f-58af71306d3f,2024-08-09,B1,1.8244
82477460-374f-4c4d-bb8f-58af71306d3f,2024-08-10,B1,1.4177
82477460-374f-4c4d-bb8f-58af71306d3f,2024-08-08,B3,4.3573
82477460-374f-4c4d-bb8f-58af71306d3f,2024-08-09,B3,3.5559
82477460-374f-4c4d-bb8f-58af71306d3f,2024-08-10,B3,2.7633
82a2ed12-4c7e-4394-8b4c-1e036417d243,2024-08-08,M1,4.585
82a2ed12-4c7e-4394-8b4c-1e036417d243,2024-08-09,M1,4.0989
82a2ed12-4c7e-4394-8b4c-1e036417d243,2024-08-10,M1,3.7391
82a2ed12-4c7e-4394-8b4c-1e036417d243,2024-08-08,M2,7.8258
82a2ed12-4c7e-4394-8b4c-1e036417d243,2024-08-09,M2,6.9961
82a2ed12-4c7e-4394-8b4c-1e036417d243,2024-08-10,M2,6.3819
82a2ed12-4c7e-4394-8b4c-1e036417d243,2024-08-08,M3,20.4309
82a2ed12-4c7e-4394-8b4c-1e036417d243,2024-08-09,M3,18.2649
82a2ed12-4c7e-4394-8b4c-1e036417d243,2024-08-10,M3,16.6615
82a2ed12-4c7e-4394-8b4c-1e036417d243,2024-08-08,M4,6.6134
82a2ed12-4c7e-4394-8b4c-1e036417d243,2024-08-09,M4,5.9123
82a2ed12-4c7e-4394-8b4c-1e036417d243,2024-08-10,M4,5.3932
82a2ed12-4c7e-4394-8b4c-1e036417d243,2024-08-08,M5,2.368
82a2ed12-4c7e-4394-8b4c-1e036417d243,2024-08-09,M5,2.117
82a2ed12-4c7e-4394-8b4c-1e036417d243,2024-08-10,M5,1.9311
82de61da-c840-428d-acc1-2282895d3e96,2024-08-08,M3,1.99
82de61da-c840-428d-acc1-2282895d3e96,2024-08-09,M3,1.7791
82de61da-c840-428d-acc1-2282895d3e96,2024-08-10,M3,1.6229
82de61da-c840-428d-acc1-2282895d3e96,2024-08-08,M4,1.9113
82de61da-c840-428d-acc1-2282895d3e96,2024-08-09,M4,1.7086
82de61da-c840-428d-acc1-2282895d3e96,2024-08-10,M4,1.5586
82de61da-c840-428d-acc1-2282895d3e96,2024-08-08,M5,1.0551
82de61da-c840-428d-acc1-2282895d3e96,2024-08-09,M5,0.9433
82de61da-c840-428d-acc1-2282895d3e96,2024-08-10,M5,0.8605
8323d9c4-ae95-473e-b967-3a256fd282b9,2024-08-08,B1,3.174
8323d9c4-ae95-473e-b967-3a256fd282b9,2024-08-09,B1,2.5903
8323d9c4-ae95-473e-b967-3a256fd282b9,2024-08-10,B1,2.0129
8323d9c4-ae95-473e-b967-3a256fd282b9,2024-08-08,B2,1.7304
8323d9c4-ae95-473e-b967-3a256fd282b9,2024-08-09,B2,1.4122
8323d9c4-ae95-473e-b967-3a256fd282b9,2024-08-10,B2,1.0974
8323d9c4-ae95-473e-b967-3a256fd282b9,2024-08-08,B3,4.5767
8323d9c4-ae95-473e-b967-3a256fd282b9,2024-08-09,B3,3.735
8323d9c4-ae95-473e-b967-3a256fd282b9,2024-08-10,B3,2.9024
8385b744-7cf2-4b52-896c-39a7aecafb74,2024-08-08,B1,2.0256
8385b744-7cf2-4b52-896c-39a7aecafb74,2024-08-09,B1,1.653
8385b744-7cf2-4b52-896c-39a7aecafb74,2024-08-10,B1,1.2846
8385b744-7cf2-4b52-896c-39a7aecafb74,2024-08-08,B2,2.1893
8385b744-7cf2-4b52-896c-39a7aecafb74,2024-08-09,B2,1.7867
8385b744-7cf2-4b52-896c-39a7aecafb74,2024-08-10,B2,1.3884
8385b744-7cf2-4b52-896c-39a7aecafb74,2024-08-08,B3,8.5743
8385b744-7cf2-4b52-896c-39a7aecafb74,2024-08-09,B3,6.9973
8385b744-7cf2-4b52-896c-39a7aecafb74,2024-08-10,B3,5.4375
840059e2-931f-4af3-a8d7-92bcf4e0df8a,2024-08-08,M2,3.1654
840059e2-931f-4af3-a8d7-92bcf4e0df8a,2024-08-09,M2,2.8298
840059e2-931f-4af3-a8d7-92bcf4e0df8a,2024-08-10,M2,2.5814
840059e2-931f-4af3-a8d7-92bcf4e0df8a,2024-08-08,M3,1.863
840059e2-931f-4af3-a8d7-92bcf4e0df8a,2024-08-09,M3,1.6655
840059e2-931f-4af3-a8d7-92bcf4e0df8a,2024-08-10,M3,1.5193
840059e2-931f-4af3-a8d7-92bcf4e0df8a,2024-08-08,M4,3.693
840059e2-931f-4af3-a8d7-92bcf4e0df8a,2024-08-09,M4,3.3015
840059e2-931f-4af3-a8d7-92bcf4e0df8a,2024-08-10,M4,3.0117
840059e2-931f-4af3-a8d7-92bcf4e0df8a,2024-08-08,M5,1.0551
840059e2-931f-4af3-a8d7-92bcf4e0df8a,2024-08-09,M5,0.9433
840059e2-931f-4af3-a8d7-92bcf4e0df8a,2024-08-10,M5,0.8605
853ab2fb-d359-4813-a7fb-1ea39d2baca2,2024-08-08,M1,2.8043
853ab2fb-d359-4813-a7fb-1ea39d2baca2,2024-08-09,M1,2.507
853ab2fb-d359-4813-a7fb-1ea39d2baca2,2024-08-10,M1,2.2869
853ab2fb-d359-4813-a7fb-1ea39d2baca2,2024-08-08,M2,5.631
853ab2fb-d359-4813-a7fb-1ea39d2baca2,2024-08-09,M2,5.0341
853ab2fb-d359-4813-a7fb-1ea39d2baca2,2024-08-10,M2,4.5921
853ab2fb-d359-4813-a7fb-1ea39d2baca2,2024-08-08,M3,12.6141
853ab2fb-d359-4813-a7fb-1ea39d2baca2,2024-08-09,M3,11.2769
853ab2fb-d359-4813-a7fb-1ea39d2baca2,2024-08-10,M3,10.2869
853ab2fb-d359-4813-a7fb-1ea39d2baca2,2024-08-08,M4,4.6531
853ab2fb-d359-4813-a7fb-1ea39d2baca2,2024-08-09,M4,4.1598
853ab2fb-d359-4813-a7fb-1ea39d2baca2,2024-08-10,M4,3.7946
853ab2fb-d359-4813-a7fb-1ea39d2baca2,2024-08-08,M5,1.8088
853ab2fb-d359-4813-a7fb-1ea39d2baca2,2024-08-09,M5,1.617
853ab2fb-d359-4813-a7fb-1ea39d2baca2,2024-08-10,M5,1.475
855bb2f6-fd0c-4b7a-b2a3-0f419f635d7d,2024-08-08,B1,2.0457
855bb2f6-fd0c-4b7a-b2a3-0f419f635d7d,2024-08-09,B1,1.6694
855bb2f6-fd0c-4b7a-b2a3-0f419f635d7d,2024-08-10,B1,1.2973
855bb2f6-fd0c-4b7a-b2a3-0f419f635d7d,2024-08-08,B2,2.884
855bb2f6-fd0c-4b7a-b2a3-0f419f635d7d,2024-08-09,B2,2.3536
855bb2f6-fd0c-4b7a-b2a3-0f419f635d7d,2024-08-10,B2,1.8289
855bb2f6-fd0c-4b7a-b2a3-0f419f635d7d,2024-08-08,B3,7.8474
855bb2f6-fd0c-4b7a-b2a3-0f419f635d7d,2024-08-09,B3,6.4042
855bb2f6-fd0c-4b7a-b2a3-0f419f635d7d,2024-08-10,B3,4.9766
856f8693-e8c3-4381-8e3e-a0247d43562f,2024-08-08,M1,1.0551
856f8693-e8c3-4381-8e3e-a0247d43562f,2024-08-09,M1,0.9433
856f8693-e8c3-4381-8e3e-a0247d43562f,2024-08-10,M1,0.8605
856f8693-e8c3-4381-8e3e-a0247d43562f,2024-08-08,M2,1.9711
856f8693-e8c3-4381-8e3e-a0247d43562f,2024-08-09,M2,1.7622
856f8693-e8c3-4381-8e3e-a0247d43562f,2024-08-10,M2,1.6075
856f8693-e8c3-4381-8e3e-a0247d43562f,2024-08-08,M3,3.2922
856f8693-e8c3-4381-8e3e-a0247d43562f,2024-08-09,M3,2.9432
856f8693-e8c3-4381-8e3e-a0247d43562f,2024-08-10,M3,2.6848
856f8693-e8c3-4381-8e3e-a0247d43562f,2024-08-08,M4,1.8062
856f8693-e8c3-4381-8e3e-a0247d43562f,2024-08-09,M4,1.6147
856f8693-e8c3-4381-8e3e-a0247d43562f,2024-08-10,M4,1.473
856f8693-e8c3-4381-8e3e-a0247d43562f,2024-08-08,M5,1.0551
856f8693-e8c3-4381-8e3e-a0247d43562f,2024-08-09,M5,0.9433
856f8693-e8c3-4381-8e3e-a0247d43562f,2024-08-10,M5,0.8605
8573e385-b2ad-4aca-ad1f-fa16cc44f528,2024-08-08,M1,2.1103
8573e385-b2ad-4aca-ad1f-fa16cc44f528,2024-08-09,M1,1.8866
8573e385-b2ad-4aca-ad1f-fa16cc44f528,2024-08-10,M1,1.7209
8573e385-b2ad-4aca-ad1f-fa16cc44f528,2024-08-08,M2,3.2826
8573e385-b2ad-4aca-ad1f-fa16cc44f528,2024-08-09,M2,2.9346
8573e385-b2ad-4aca-ad1f-fa16cc44f528,2024-08-10,M2,2.6769
8573e385-b2ad-4aca-ad1f-fa16cc44f528,2024-08-08,M3,4.401
8573e385-b2ad-4aca-ad1f-fa16cc44f528,2024-08-09,M3,3.9344
8573e385-b2ad-4aca-ad1f-fa16cc44f528,2024-08-10,M3,3.589
8573e385-b2ad-4aca-ad1f-fa16cc44f528,2024-08-08,M4,4.9904
8573e385-b2ad-4aca-ad1f-fa16cc44f528,2024-08-09,M4,4.4613
8573e385-b2ad-4aca-ad1f-fa16cc44f528,2024-08-10,M4,4.0697
8573e385-b2ad-4aca-ad1f-fa16cc44f528,2024-08-08,M5,4.2206
8573e385-b2ad-4aca-ad1f-fa16cc44f528,2024-08-09,M5,3.7731
8573e385-b2ad-4aca-ad1f-fa16cc44f528,2024-08-10,M5,3.4419
85c1fa95-673d-4d53-a8ad-6181e86a7a96,2024-08-08,B1,1.9201
85c1fa95-673d-4d53-a8ad-6181e86a7a96,2024-08-09,B1,1.5669
85c1fa95-673d-4d53-a8ad-6181e86a7a96,2024-08-10,B1,1.2177
85c1fa95-673d-4d53-a8ad-6181e86a7a96,2024-08-08,B3,2.6112
85c1fa95-673d-4d53-a8ad-6181e86a7a96,2024-08-09,B3,2.131
85c1fa95-673d-4d53-a8ad-6181e86a7a96,2024-08-10,B3,1.656
85d1a2ac-396e-438a-86dd-d8afca837eaf,2024-08-08,M1,1.7861
85d1a2ac-396e-438a-86dd-d8afca837eaf,2024-08-09,M1,1.5968
85d1a2ac-396e-438a-86dd-d8afca837eaf,2024-08-10,M1,1.4566
85d1a2ac-396e-438a-86dd-d8afca837eaf,2024-08-08,M2,5.6379
85d1a2ac-396e-438a-86dd-d8afca837eaf,2024-08-09,M2,5.0402
85d1a2ac-396e-438a-86dd-d8afca837eaf,2024-08-10,M2,4.5977
85d1a2ac-396e-438a-86dd-d8afca837eaf,2024-08-08,M3,9.4073
85d1a2ac-396e-438a-86dd-d8afca837eaf,2024-08-09,M3,8.41
85d1a2ac-396e-438a-86dd-d8afca837eaf,2024-08-10,M3,7.6717
85d1a2ac-396e-438a-86dd-d8afca837eaf,2024-08-08,M4,3.9472
85d1a2ac-396e-438a-86dd-d8afca837eaf,2024-08-09,M4,3.5288
85d1a2ac-396e-438a-86dd-d8afca837eaf,2024-08-10,M4,3.219
85d67e67-7a40-4eba-9346-411671e35072,2024-08-08,M1,1.7959
85d67e67-7a40-4eba-9346-411671e35072,2024-08-09,M1,1.6055
85d67e67-7a40-4eba-9346-411671e35072,2024-08-10,M1,1.4646
85d67e67-7a40-4eba-9346-411671e35072,2024-08-08,M2,2.3853
85d67e67-7a40-4eba-9346-411671e35072,2024-08-09,M2,2.1324
85d67e67-7a40-4eba-9346-411671e35072,2024-08-10,M2,1.9452
85d67e67-7a40-4eba-9346-411671e35072,2024-08-08,M3,2.7155
85d67e67-7a40-4eba-9346-411671e35072,2024-08-09,M3,2.4276
85d67e67-7a40-4eba-9346-411671e35072,2024-08-10,M3,2.2145
85d67e67-7a40-4eba-9346-411671e35072,2024-08-08,M4,1.7852
85d67e67-7a40-4eba-9346-411671e35072,2024-08-09,M4,1.596
85d67e67-7a40-4eba-9346-411671e35072,2024-08-10,M4,1.4559
85d67e67-7a40-4eba-9346-411671e35072,2024-08-08,M5,4.2206
85d67e67-7a40-4eba-9346-411671e35072,2024-08-09,M5,3.7731
85d67e67-7a40-4eba-9346-411671e35072,2024-08-10,M5,3.4419
85e2a9ec-ba2d-435f-8962-6f50234848ad,2024-08-08,B1,3.098
85e2a9ec-ba2d-435f-8962-6f50234848ad,2024-08-09,B1,2.5282
85e2a9ec-ba2d-435f-8962-6f50234848ad,2024-08-10,B1,1.9646
85e2a9ec-ba2d-435f-8962-6f50234848ad,2024-08-08,B2,3.8533
85e2a9ec-ba2d-435f-8962-6f50234848ad,2024-08-09,B2,3.1446
85e2a9ec-ba2d-435f-8962-6f50234848ad,2024-08-10,B2,2.4437
85e2a9ec-ba2d-435f-8962-6f50234848ad,2024-08-08,B3,21.2301
85e2a9ec-ba2d-435f-8962-6f50234848ad,2024-08-09,B3,17.3256
85e2a9ec-ba2d-435f-8962-6f50234848ad,2024-08-10,B3,13.4636
865a0581-9b40-4a2e-836e-47f87bab5046,2024-08-08,M1,5.8033
865a0581-9b40-4a2e-836e-47f87bab5046,2024-08-09,M1,5.1881
865a0581-9b40-4a2e-836e-47f87bab5046,2024-08-10,M1,4.7326
865a0581-9b40-4a2e-836e-47f87bab5046,2024-08-08,M2,3.0964
865a0581-9b40-4a2e-836e-47f87bab5046,2024-08-09,M2,2.7681
865a0581-9b40-4a2e-836e-47f87bab5046,2024-08-10,M2,2.5251
865a0581-9b40-4a2e-836e-47f87bab5046,2024-08-08,M3,4.6307
865a0581-9b40-4a2e-836e-47f87bab5046,2024-08-09,M3,4.1397
865a0581-9b40-4a2e-836e-47f87bab5046,2024-08-10,M3,3.7763
865a0581-9b40-4a2e-836e-47f87bab5046,2024-08-08,M4,4.822
865a0581-9b40-4a2e-836e-47f87bab5046,2024-08-09,M4,4.3108
865a0581-9b40-4a2e-836e-47f87bab5046,2024-08-10,M4,3.9323
865a0581-9b40-4a2e-836e-47f87bab5046,2024-08-08,M5,4.7481
865a0581-9b40-4a2e-836e-47f87bab5046,2024-08-09,M5,4.2448
865a0581-9b40-4a2e-836e-47f87bab5046,2024-08-10,M5,3.8721
869e8c49-894e-494a-b523-19349d342bab,2024-08-08,M1,1.0551
869e8c49-894e-494a-b523-19349d342bab,2024-08-09,M1,0.9433
869e8c49-894e-494a-b523-19349d342bab,2024-08-10,M1,0.8605
869e8c49-894e-494a-b523-19349d342bab,2024-08-08,M2,1.0551
869e8c49-894e-494a-b523-19349d342bab,2024-08-09,M2,0.9433
869e8c49-894e-494a-b523-19349d342bab,2024-08-10,M2,0.8605
869e8c49-894e-494a-b523-19349d342bab,2024-08-08,M3,1.9713
869e8c49-894e-494a-b523-19349d342bab,2024-08-09,M3,1.7623
869e8c49-894e-494a-b523-19349d342bab,2024-08-10,M3,1.6076
869e8c49-894e-494a-b523-19349d342bab,2024-08-08,M4,1.0551
869e8c49-894e-494a-b523-19349d342bab,2024-08-09,M4,0.9433
869e8c49-894e-494a-b523-19349d342bab,2024-08-10,M4,0.8605
869e8c49-894e-494a-b523-19349d342bab,2024-08-08,M5,2.1103
869e8c49-894e-494a-b523-19349d342bab,2024-08-09,M5,1.8866
869e8c49-894e-494a-b523-19349d342bab,2024-08-10,M5,1.7209
86a2d5fa-8518-44d9-844a-d8885c980ee6,2024-08-08,M1,1.0551
86a2d5fa-8518-44d9-844a-d8885c980ee6,2024-08-09,M1,0.9433
86a2d5fa-8518-44d9-844a-d8885c980ee6,2024-08-10,M1,0.8605
86a2d5fa-8518-44d9-844a-d8885c980ee6,2024-08-08,M2,1.0551
86a2d5fa-8518-44d9-844a-d8885c980ee6,2024-08-09,M2,0.9433
86a2d5fa-8518-44d9-844a-d8885c980ee6,2024-08-10,M2,0.8605
86a2d5fa-8518-44d9-844a-d8885c980ee6,2024-08-08,M3,1.0551
86a2d5fa-8518-44d9-844a-d8885c980ee6,2024-08-09,M3,0.9433
86a2d5fa-8518-44d9-844a-d8885c980ee6,2024-08-10,M3,0.8605
86a2d5fa-8518-44d9-844a-d8885c980ee6,2024-08-08,M4,1.0551
86a2d5fa-8518-44d9-844a-d8885c980ee6,2024-08-09,M4,0.9433
86a2d5fa-8518-44d9-844a-d8885c980ee6,2024-08-10,M4,0.8605
8775a7a1-a540-40aa-89db-9e4758d1a7d0,2024-08-08,B1,2.3072
8775a7a1-a540-40aa-89db-9e4758d1a7d0,2024-08-09,B1,1.8829
8775a7a1-a540-40aa-89db-9e4758d1a7d0,2024-08-10,B1,1.4632
8775a7a1-a540-40aa-89db-9e4758d1a7d0,2024-08-08,B2,1.1536
8775a7a1-a540-40aa-89db-9e4758d1a7d0,2024-08-09,B2,0.9414
8775a7a1-a540-40aa-89db-9e4758d1a7d0,2024-08-10,B2,0.7316
8775a7a1-a540-40aa-89db-9e4758d1a7d0,2024-08-08,B3,2.2853
8775a7a1-a540-40aa-89db-9e4758d1a7d0,2024-08-09,B3,1.865
8775a7a1-a540-40aa-89db-9e4758d1a7d0,2024-08-10,B3,1.4493
8779965c-df5b-414a-8ec6-b7731e74ba6f,2024-08-08,M1,2.5192
8779965c-df5b-414a-8ec6-b7731e74ba6f,2024-08-09,M1,2.2521
8779965c-df5b-414a-8ec6-b7731e74ba6f,2024-08-10,M1,2.0544
8779965c-df5b-414a-8ec6-b7731e74ba6f,2024-08-08,M2,8.0841
8779965c-df5b-414a-8ec6-b7731e74ba6f,2024-08-09,M2,7.2271
8779965c-df5b-414a-8ec6-b7731e74ba6f,2024-08-10,M2,6.5926
8779965c-df5b-414a-8ec6-b7731e74ba6f,2024-08-08,M3,28.4557
8779965c-df5b-414a-8ec6-b7731e74ba6f,2024-08-09,M3,25.439
8779965c-df5b-414a-8ec6-b7731e74ba6f,2024-08-10,M3,23.2057
8779965c-df5b-414a-8ec6-b7731e74ba6f,2024-08-08,M4,9.6793
8779965c-df5b-414a-8ec6-b7731e74ba6f,2024-08-09,M4,8.6532
8779965c-df5b-414a-8ec6-b7731e74ba6f,2024-08-10,M4,7.8935
8779965c-df5b-414a-8ec6-b7731e74ba6f,2024-08-08,M5,2.894
8779965c-df5b-414a-8ec6-b7731e74ba6f,2024-08-09,M5,2.5872
8779965c-df5b-414a-8ec6-b7731e74ba6f,2024-08-10,M5,2.3601
878da11f-7002-4ea4-8b3b-40a60a24dec8,2024-08-08,M1,2.03
878da11f-7002-4ea4-8b3b-40a60a24dec8,2024-08-09,M1,1.8148
878da11f-7002-4ea4-8b3b-40a60a24dec8,2024-08-10,M1,1.6554
878da11f-7002-4ea4-8b3b-40a60a24dec8,2024-08-08,M2,3.52
878da11f-7002-4ea4-8b3b-40a60a24dec8,2024-08-09,M2,3.1468
878da11f-7002-4ea4-8b3b-40a60a24dec8,2024-08-10,M2,2.8705
878da11f-7002-4ea4-8b3b-40a60a24dec8,2024-08-08,M3,12.7561
878da11f-7002-4ea4-8b3b-40a60a24dec8,2024-08-09,M3,11.4037
878da11f-7002-4ea4-8b3b-40a60a24dec8,2024-08-10,M3,10.4026
878da11f-7002-4ea4-8b3b-40a60a24dec8,2024-08-08,M4,2.6955
878da11f-7002-4ea4-8b3b-40a60a24dec8,2024-08-09,M4,2.4097
878da11f-7002-4ea4-8b3b-40a60a24dec8,2024-08-10,M4,2.1982
878da11f-7002-4ea4-8b3b-40a60a24dec8,2024-08-08,M5,1.8554
878da11f-7002-4ea4-8b3b-40a60a24dec8,2024-08-09,M5,1.6587
878da11f-7002-4ea4-8b3b-40a60a24dec8,2024-08-10,M5,1.5131
87bab34e-c2ab-4ae9-9bf3-deeb9735010f,2024-08-08,B3,2.407
87bab34e-c2ab-4ae9-9bf3-deeb9735010f,2024-08-09,B3,1.9643
87bab34e-c2ab-4ae9-9bf3-deeb9735010f,2024-08-10,B3,1.5265
87facd76-ca3d-49cc-b233-01ced328c46c,2024-08-08,M2,10.0239
87facd76-ca3d-49cc-b233-01ced328c46c,2024-08-09,M2,8.9612
87facd76-ca3d-49cc-b233-01ced328c46c,2024-08-10,M2,8.1745
87facd76-ca3d-49cc-b233-01ced328c46c,2024-08-08,M3,5.8033
87facd76-ca3d-49cc-b233-01ced328c46c,2024-08-09,M3,5.1881
87facd76-ca3d-49cc-b233-01ced328c46c,2024-08-10,M3,4.7326
88b010aa-f0e1-4f66-8324-895b9612fc86,2024-08-08,B1,1.9485
88b010aa-f0e1-4f66-8324-895b9612fc86,2024-08-09,B1,1.5902
88b010aa-f0e1-4f66-8324-895b9612fc86,2024-08-10,B1,1.2357
88b010aa-f0e1-4f66-8324-895b9612fc86,2024-08-08,B2,1.7304
88b010aa-f0e1-4f66-8324-895b9612fc86,2024-08-09,B2,1.4122
88b010aa-f0e1-4f66-8324-895b9612fc86,2024-08-10,B2,1.0974
88b010aa-f0e1-4f66-8324-895b9612fc86,2024-08-08,B3,4.0515
88b010aa-f0e1-4f66-8324-895b9612fc86,2024-08-09,B3,3.3064
88b010aa-f0e1-4f66-8324-895b9612fc86,2024-08-10,B3,2.5694
88ea73a1-e334-453c-8618-74c56475e1cd,2024-08-08,B1,2.1089
88ea73a1-e334-453c-8618-74c56475e1cd,2024-08-09,B1,1.721
88ea73a1-e334-453c-8618-74c56475e1cd,2024-08-10,B1,1.3374
88ea73a1-e334-453c-8618-74c56475e1cd,2024-08-08,B3,1.8969
88ea73a1-e334-453c-8618-74c56475e1cd,2024-08-09,B3,1.548
88ea73a1-e334-453c-8618-74c56475e1cd,2024-08-10,B3,1.203
89c5b97e-f54b-49df-9b6a-8ecc3c7b9e4b,2024-08-08,M1,1.0551
89c5b97e-f54b-49df-9b6a-8ecc3c7b9e4b,2024-08-09,M1,0.9433
89c5b97e-f54b-49df-9b6a-8ecc3c7b9e4b,2024-08-10,M1,0.8605
89c5b97e-f54b-49df-9b6a-8ecc3c7b9e4b,2024-08-08,M2,2.1263
89c5b97e-f54b-49df-9b6a-8ecc3c7b9e4b,2024-08-09,M2,1.9009
89c5b97e-f54b-49df-9b6a-8ecc3c7b9e4b,2024-08-10,M2,1.734
89c5b97e-f54b-49df-9b6a-8ecc3c7b9e4b,2024-08-08,M3,2.7105
89c5b97e-f54b-49df-9b6a-8ecc3c7b9e4b,2024-08-09,M3,2.4232
89c5b97e-f54b-49df-9b6a-8ecc3c7b9e4b,2024-08-10,M3,2.2104
89c5b97e-f54b-49df-9b6a-8ecc3c7b9e4b,2024-08-08,M4,1.8582
89c5b97e-f54b-49df-9b6a-8ecc3c7b9e4b,2024-08-09,M4,1.6612
89c5b97e-f54b-49df-9b6a-8ecc3c7b9e4b,2024-08-10,M4,1.5153
89c5b97e-f54b-49df-9b6a-8ecc3c7b9e4b,2024-08-08,M5,1.0551
89c5b97e-f54b-49df-9b6a-8ecc3c7b9e4b,2024-08-09,M5,0.9433
89c5b97e-f54b-49df-9b6a-8ecc3c7b9e4b,2024-08-10,M5,0.8605
8a3aa8b4-06e5-4416-a453-88182641259e,2024-08-08,B1,2.3072
8a3aa8b4-06e5-4416-a453-88182641259e,2024-08-09,B1,1.8829
8a3aa8b4-06e5-4416-a453-88182641259e,2024-08-10,B1,1.4632
8a3aa8b4-06e5-4416-a453-88182641259e,2024-08-08,B3,2.5955
8a3aa8b4-06e5-4416-a453-88182641259e,2024-08-09,B3,2.1182
8a3aa8b4-06e5-4416-a453-88182641259e,2024-08-10,B3,1.646
8a3c750c-bc04-402d-b87b-ba5b9ada3486,2024-08-08,B2,1.1536
8a3c750c-bc04-402d-b87b-ba5b9ada3486,2024-08-09,B2,0.9414
8a3c750c-bc04-402d-b87b-ba5b9ada3486,2024-08-10,B2,0.7316
8a3c750c-bc04-402d-b87b-ba5b9ada3486,2024-08-08,B3,2.2033
8a3c750c-bc04-402d-b87b-ba5b9ada3486,2024-08-09,B3,1.7981
8a3c750c-bc04-402d-b87b-ba5b9ada3486,2024-08-10,B3,1.3973
8a444162-6f97-4f1a-b782-290dca5f5da7,2024-08-08,B1,1.8002
8a444162-6f97-4f1a-b782-290dca5f5da7,2024-08-09,B1,1.4691
8a444162-6f97-4f1a-b782-290dca5f5da7,2024-08-10,B1,1.1416
8a444162-6f97-4f1a-b782-290dca5f5da7,2024-08-08,B2,1.9397
8a444162-6f97-4f1a-b782-290dca5f5da7,2024-08-09,B2,1.5829
8a444162-6f97-4f1a-b782-290dca5f5da7,2024-08-10,B2,1.2301
8a444162-6f97-4f1a-b782-290dca5f5da7,2024-08-08,B3,6.9737
8a444162-6f97-4f1a-b782-290dca5f5da7,2024-08-09,B3,5.6911
8a444162-6f97-4f1a-b782-290dca5f5da7,2024-08-10,B3,4.4225
8a615345-97d0-433e-87d1-9de56db1cecd,2024-08-08,B1,3.5395
8a615345-97d0-433e-87d1-9de56db1cecd,2024-08-09,B1,2.8885
8a615345-97d0-433e-87d1-9de56db1cecd,2024-08-10,B1,2.2446
8a615345-97d0-433e-87d1-9de56db1cecd,2024-08-08,B2,3.0449
8a615345-97d0-433e-87d1-9de56db1cecd,2024-08-09,B2,2.4849
8a615345-97d0-433e-87d1-9de56db1cecd,2024-08-10,B2,1.931
8a615345-97d0-433e-87d1-9de56db1cecd,2024-08-08,B3,9.9608
8a615345-97d0-433e-87d1-9de56db1cecd,2024-08-09,B3,8.1288
8a615345-97d0-433e-87d1-9de56db1cecd,2024-08-10,B3,6.3168
8a899767-860a-4f3f-bd4b-5d4055fca23b,2024-08-08,B2,1.1536
8a899767-860a-4f3f-bd4b-5d4055fca23b,2024-08-09,B2,0.9414
8a899767-860a-4f3f-bd4b-5d4055fca23b,2024-08-10,B2,0.7316
8a899767-860a-4f3f-bd4b-5d4055fca23b,2024-08-08,B3,3.4608
8a899767-860a-4f3f-bd4b-5d4055fca23b,2024-08-09,B3,2.8243
8a899767-860a-4f3f-bd4b-5d4055fca23b,2024-08-10,B3,2.1947
8ab040fd-9c11-4bfa-a381-0e9b4b55b357,2024-08-08,B1,1.1536
8ab040fd-9c11-4bfa-a381-0e9b4b55b357,2024-08-09,B1,0.9414
8ab040fd-9c11-4bfa-a381-0e9b4b55b357,2024-08-10,B1,0.7316
8ab040fd-9c11-4bfa-a381-0e9b4b55b357,2024-08-08,B2,2.0763
8ab040fd-9c11-4bfa-a381-0e9b4b55b357,2024-08-09,B2,1.6944
8ab040fd-9c11-4bfa-a381-0e9b4b55b357,2024-08-10,B2,1.3167
8ab040fd-9c11-4bfa-a381-0e9b4b55b357,2024-08-08,B3,2.0705
8ab040fd-9c11-4bfa-a381-0e9b4b55b357,2024-08-09,B3,1.6897
8ab040fd-9c11-4bfa-a381-0e9b4b55b357,2024-08-10,B3,1.313
8ab8bcf3-1630-4b32-a5b8-aef6ed73fd9c,2024-08-08,B1,1.9201
8ab8bcf3-1630-4b32-a5b8-aef6ed73fd9c,2024-08-09,B1,1.5669
8ab8bcf3-1630-4b32-a5b8-aef6ed73fd9c,2024-08-10,B1,1.2177
8ab8bcf3-1630-4b32-a5b8-aef6ed73fd9c,2024-08-08,B2,2.3072
8ab8bcf3-1630-4b32-a5b8-aef6ed73fd9c,2024-08-09,B2,1.8829
8ab8bcf3-1630-4b32-a5b8-aef6ed73fd9c,2024-08-10,B2,1.4632
8ab8bcf3-1630-4b32-a5b8-aef6ed73fd9c,2024-08-08,B3,4.7849
8ab8bcf3-1630-4b32-a5b8-aef6ed73fd9c,2024-08-09,B3,3.9049
8ab8bcf3-1630-4b32-a5b8-aef6ed73fd9c,2024-08-10,B3,3.0345
8b43efea-667b-4112-a7d7-5e283f993ced,2024-08-08,B1,2.3787
8b43efea-667b-4112-a7d7-5e283f993ced,2024-08-09,B1,1.9412
8b43efea-667b-4112-a7d7-5e283f993ced,2024-08-10,B1,1.5085
8b43efea-667b-4112-a7d7-5e283f993ced,2024-08-08,B2,2.0911
8b43efea-667b-4112-a7d7-5e283f993ced,2024-08-09,B2,1.7065
8b43efea-667b-4112-a7d7-5e283f993ced,2024-08-10,B2,1.3261
8b43efea-667b-4112-a7d7-5e283f993ced,2024-08-08,B3,3.6808
8b43efea-667b-4112-a7d7-5e283f993ced,2024-08-09,B3,3.0039
8b43efea-667b-4112-a7d7-5e283f993ced,2024-08-10,B3,2.3343
8b5ac9b2-4797-40e0-8544-fef865f0a21e,2024-08-08,M2,1.0551
8b5ac9b2-4797-40e0-8544-fef865f0a21e,2024-08-09,M2,0.9433
8b5ac9b2-4797-40e0-8544-fef865f0a21e,2024-08-10,M2,0.8605
8b5ac9b2-4797-40e0-8544-fef865f0a21e,2024-08-08,M3,2.0256
8b5ac9b2-4797-40e0-8544-fef865f0a21e,2024-08-09,M3,1.8109
8b5ac9b2-4797-40e0-8544-fef865f0a21e,2024-08-10,M3,1.6519
8b5ac9b2-4797-40e0-8544-fef865f0a21e,2024-08-08,M4,4.2206
8b5ac9b2-4797-40e0-8544-fef865f0a21e,2024-08-09,M4,3.7731
8b5ac9b2-4797-40e0-8544-fef865f0a21e,2024-08-10,M4,3.4419
8b5ac9b2-4797-40e0-8544-fef865f0a21e,2024-08-08,M5,2.1103
8b5ac9b2-4797-40e0-8544-fef865f0a21e,2024-08-09,M5,1.8866
8b5ac9b2-4797-40e0-8544-fef865f0a21e,2024-08-10,M5,1.7209
8b7e54d5-fb2a-486d-9d24-3b33a3f5d6ad,2024-08-08,M1,2.1128
8b7e54d5-fb2a-486d-9d24-3b33a3f5d6ad,2024-08-09,M1,1.8889
8b7e54d5-fb2a-486d-9d24-3b33a3f5d6ad,2024-08-10,M1,1.723
8b7e54d5-fb2a-486d-9d24-3b33a3f5d6ad,2024-08-08,M2,2.8056
8b7e54d5-fb2a-486d-9d24-3b33a3f5d6ad,2024-08-09,M2,2.5082
8b7e54d5-fb2a-486d-9d24-3b33a3f5d6ad,2024-08-10,M2,2.288
8b7e54d5-fb2a-486d-9d24-3b33a3f5d6ad,2024-08-08,M3,3.241
8b7e54d5-fb2a-486d-9d24-3b33a3f5d6ad,2024-08-09,M3,2.8974
8b7e54d5-fb2a-486d-9d24-3b33a3f5d6ad,2024-08-10,M3,2.6431
8b7e54d5-fb2a-486d-9d24-3b33a3f5d6ad,2024-08-08,M4,2.6851
8b7e54d5-fb2a-486d-9d24-3b33a3f5d6ad,2024-08-09,M4,2.4004
8b7e54d5-fb2a-486d-9d24-3b33a3f5d6ad,2024-08-10,M4,2.1897
8c3df955-45e9-45ae-8cfb-22198749c1cc,2024-08-08,B1,1.1536
8c3df955-45e9-45ae-8cfb-22198749c1cc,2024-08-09,B1,0.9414
8c3df955-45e9-45ae-8cfb-22198749c1cc,2024-08-10,B1,0.7316
8c3df955-45e9-45ae-8cfb-22198749c1cc,2024-08-08,B2,3.0578
8c3df955-45e9-45ae-8cfb-22198749c1cc,2024-08-09,B2,2.4955
8c3df955-45e9-45ae-8cfb-22198749c1cc,2024-08-10,B2,1.9392
8c3df955-45e9-45ae-8cfb-22198749c1cc,2024-08-08,B3,2.6398
8c3df955-45e9-45ae-8cfb-22198749c1cc,2024-08-09,B3,2.1543
8c3df955-45e9-45ae-8cfb-22198749c1cc,2024-08-10,B3,1.6741
8c785bcf-cd03-4531-8dcd-87a6ff12b929,2024-08-08,B3,1.9405
8c785bcf-cd03-4531-8dcd-87a6ff12b929,2024-08-09,B3,1.5836
8c785bcf-cd03-4531-8dcd-87a6ff12b929,2024-08-10,B3,1.2306
8c899941-8615-4dbc-b471-7648000660fa,2024-08-08,M1,1.9079
8c899941-8615-4dbc-b471-7648000660fa,2024-08-09,M1,1.7056
8c899941-8615-4dbc-b471-7648000660fa,2024-08-10,M1,1.5559
8c899941-8615-4dbc-b471-7648000660fa,2024-08-08,M2,2.1469
8c899941-8615-4dbc-b471-7648000660fa,2024-08-09,M2,1.9193
8c899941-8615-4dbc-b471-7648000660fa,2024-08-10,M2,1.7508
8c899941-8615-4dbc-b471-7648000660fa,2024-08-08,M3,4.8773
8c899941-8615-4dbc-b471-7648000660fa,2024-08-09,M3,4.3602
8c899941-8615-4dbc-b471-7648000660fa,2024-08-10,M3,3.9775
8c899941-8615-4dbc-b471-7648000660fa,2024-08-08,M4,2.8138
8c899941-8615-4dbc-b471-7648000660fa,2024-08-09,M4,2.5155
8c899941-8615-4dbc-b471-7648000660fa,2024-08-10,M4,2.2947
8cc3462e-a3b3-452c-9e5d-d317644edfe1,2024-08-08,M1,1.5827
8cc3462e-a3b3-452c-9e5d-d317644edfe1,2024-08-09,M1,1.4149
8cc3462e-a3b3-452c-9e5d-d317644edfe1,2024-08-10,M1,1.2907
8cc3462e-a3b3-452c-9e5d-d317644edfe1,2024-08-08,M2,3.1654
8cc3462e-a3b3-452c-9e5d-d317644edfe1,2024-08-09,M2,2.8298
8cc3462e-a3b3-452c-9e5d-d317644edfe1,2024-08-10,M2,2.5814
8cc3462e-a3b3-452c-9e5d-d317644edfe1,2024-08-08,M3,2.7558
8cc3462e-a3b3-452c-9e5d-d317644edfe1,2024-08-09,M3,2.4637
8cc3462e-a3b3-452c-9e5d-d317644edfe1,2024-08-10,M3,2.2474
8cc3462e-a3b3-452c-9e5d-d317644edfe1,2024-08-08,M4,1.9481
8cc3462e-a3b3-452c-9e5d-d317644edfe1,2024-08-09,M4,1.7416
8cc3462e-a3b3-452c-9e5d-d317644edfe1,2024-08-10,M4,1.5887
8cc3462e-a3b3-452c-9e5d-d317644edfe1,2024-08-08,M5,1.8386
8cc3462e-a3b3-452c-9e5d-d317644edfe1,2024-08-09,M5,1.6437
8cc3462e-a3b3-452c-9e5d-d317644edfe1,2024-08-10,M5,1.4994
8d07ff19-40d9-4891-9bdc-5cf04263d76e,2024-08-08,B1,3.7206
8d07ff19-40d9-4891-9bdc-5cf04263d76e,2024-08-09,B1,3.0363
8d07ff19-40d9-4891-9bdc-5cf04263d76e,2024-08-10,B1,2.3595
8d07ff19-40d9-4891-9bdc-5cf04263d76e,2024-08-08,B2,3.4618
8d07ff19-40d9-4891-9bdc-5cf04263d76e,2024-08-09,B2,2.8251
8d07ff19-40d9-4891-9bdc-5cf04263d76e,2024-08-10,B2,2.1954
8d07ff19-40d9-4891-9bdc-5cf04263d76e,2024-08-08,B3,16.7947
8d07ff19-40d9-4891-9bdc-5cf04263d76e,2024-08-09,B3,13.7059
8d07ff19-40d9-4891-9bdc-5cf04263d76e,2024-08-10,B3,10.6507
8d331d94-e532-4755-98f7-35bbe5d9803e,2024-08-08,B1,1.77
8d331d94-e532-4755-98f7-35bbe5d9803e,2024-08-09,B1,1.4444
8d331d94-e532-4755-98f7-35bbe5d9803e,2024-08-10,B1,1.1225
8d331d94-e532-4755-98f7-35bbe5d9803e,2024-08-08,B2,2.1424
8d331d94-e532-4755-98f7-35bbe5d9803e,2024-08-09,B2,1.7484
8d331d94-e532-4755-98f7-35bbe5d9803e,2024-08-10,B2,1.3586
8d331d94-e532-4755-98f7-35bbe5d9803e,2024-08-08,B3,6.8686
8d331d94-e532-4755-98f7-35bbe5d9803e,2024-08-09,B3,5.6054
8d331d94-e532-4755-98f7-35bbe5d9803e,2024-08-10,B3,4.3559
8d956bd0-15df-4775-9ba9-75b83cf3cc53,2024-08-08,B1,2.0064
8d956bd0-15df-4775-9ba9-75b83cf3cc53,2024-08-09,B1,1.6374
8d956bd0-15df-4775-9ba9-75b83cf3cc53,2024-08-10,B1,1.2724
8d956bd0-15df-4775-9ba9-75b83cf3cc53,2024-08-08,B2,1.9618
8d956bd0-15df-4775-9ba9-75b83cf3cc53,2024-08-09,B2,1.601
8d956bd0-15df-4775-9ba9-75b83cf3cc53,2024-08-10,B2,1.2441
8d956bd0-15df-4775-9ba9-75b83cf3cc53,2024-08-08,B3,4.0264
8d956bd0-15df-4775-9ba9-75b83cf3cc53,2024-08-09,B3,3.2859
8d956bd0-15df-4775-9ba9-75b83cf3cc53,2024-08-10,B3,2.5534
8da0db1d-6bb1-49b8-acd2-8495e1dc737c,2024-08-08,M1,1.5827
8da0db1d-6bb1-49b8-acd2-8495e1dc737c,2024-08-09,M1,1.4149
8da0db1d-6bb1-49b8-acd2-8495e1dc737c,2024-08-10,M1,1.2907
8da0db1d-6bb1-49b8-acd2-8495e1dc737c,2024-08-08,M2,4.0088
8da0db1d-6bb1-49b8-acd2-8495e1dc737c,2024-08-09,M2,3.5838
8da0db1d-6bb1-49b8-acd2-8495e1dc737c,2024-08-10,M2,3.2692
8da0db1d-6bb1-49b8-acd2-8495e1dc737c,2024-08-08,M3,4.7072
8da0db1d-6bb1-49b8-acd2-8495e1dc737c,2024-08-09,M3,4.2082
8da0db1d-6bb1-49b8-acd2-8495e1dc737c,2024-08-10,M3,3.8388
8da0db1d-6bb1-49b8-acd2-8495e1dc737c,2024-08-08,M4,3.4236
8da0db1d-6bb1-49b8-acd2-8495e1dc737c,2024-08-09,M4,3.0607
8da0db1d-6bb1-49b8-acd2-8495e1dc737c,2024-08-10,M4,2.792
8da0db1d-6bb1-49b8-acd2-8495e1dc737c,2024-08-08,M5,2.1103
8da0db1d-6bb1-49b8-acd2-8495e1dc737c,2024-08-09,M5,1.8866
8da0db1d-6bb1-49b8-acd2-8495e1dc737c,2024-08-10,M5,1.7209
8dfff62c-4174-44eb-aa33-b55182867af4,2024-08-08,B3,11.536
8dfff62c-4174-44eb-aa33-b55182867af4,2024-08-09,B3,9.4143
8dfff62c-4174-44eb-aa33-b55182867af4,2024-08-10,B3,7.3158
8e22046c-c6fd-4eea-8e4d-f32877caabc7,2024-08-08,B1,4.0376
8e22046c-c6fd-4eea-8e4d-f32877caabc7,2024-08-09,B1,3.295
8e22046c-c6fd-4eea-8e4d-f32877caabc7,2024-08-10,B1,2.5605
8e22046c-c6fd-4eea-8e4d-f32877caabc7,2024-08-08,B2,3.075
8e22046c-c6fd-4eea-8e4d-f32877caabc7,2024-08-09,B2,2.5095
8e22046c-c6fd-4eea-8e4d-f32877caabc7,2024-08-10,B2,1.9501
8e22046c-c6fd-4eea-8e4d-f32877caabc7,2024-08-08,B3,4.1226
8e22046c-c6fd-4eea-8e4d-f32877caabc7,2024-08-09,B3,3.3644
8e22046c-c6fd-4eea-8e4d-f32877caabc7,2024-08-10,B3,2.6144
8e3f1f8b-0d41-4c67-b1f7-f64d5867cb62,2024-08-08,M1,1.7911
8e3f1f8b-0d41-4c67-b1f7-f64d5867cb62,2024-08-09,M1,1.6012
8e3f1f8b-0d41-4c67-b1f7-f64d5867cb62,2024-08-10,M1,1.4606
8e3f1f8b-0d41-4c67-b1f7-f64d5867cb62,2024-08-08,M2,2.0384
8e3f1f8b-0d41-4c67-b1f7-f64d5867cb62,2024-08-09,M2,1.8223
8e3f1f8b-0d41-4c67-b1f7-f64d5867cb62,2024-08-10,M2,1.6624
8e3f1f8b-0d41-4c67-b1f7-f64d5867cb62,2024-08-08,M3,2.1827
8e3f1f8b-0d41-4c67-b1f7-f64d5867cb62,2024-08-09,M3,1.9513
8e3f1f8b-0d41-4c67-b1f7-f64d5867cb62,2024-08-10,M3,1.78
8e3f1f8b-0d41-4c67-b1f7-f64d5867cb62,2024-08-08,M4,2.1103
8e3f1f8b-0d41-4c67-b1f7-f64d5867cb62,2024-08-09,M4,1.8866
8e3f1f8b-0d41-4c67-b1f7-f64d5867cb62,2024-08-10,M4,1.7209
8e3f1f8b-0d41-4c67-b1f7-f64d5867cb62,2024-08-08,M5,2.1103
8e3f1f8b-0d41-4c67-b1f7-f64d5867cb62,2024-08-09,M5,1.8866
8e3f1f8b-0d41-4c67-b1f7-f64d5867cb62,2024-08-10,M5,1.7209
8e5451be-ca84-46ab-83a4-570fa4a52c51,2024-08-08,B1,1.8999
8e5451be-ca84-46ab-83a4-570fa4a52c51,2024-08-09,B1,1.5505
8e5451be-ca84-46ab-83a4-570fa4a52c51,2024-08-10,B1,1.2049
8e5451be-ca84-46ab-83a4-570fa4a52c51,2024-08-08,B2,2.4009
8e5451be-ca84-46ab-83a4-570fa4a52c51,2024-08-09,B2,1.9594
8e5451be-ca84-46ab-83a4-570fa4a52c51,2024-08-10,B2,1.5226
8e5451be-ca84-46ab-83a4-570fa4a52c51,2024-08-08,B3,7.2663
8e5451be-ca84-46ab-83a4-570fa4a52c51,2024-08-09,B3,5.9299
8e5451be-ca84-46ab-83a4-570fa4a52c51,2024-08-10,B3,4.6081
8e842490-09ee-4ba2-986f-63dcf377a930,2024-08-08,M2,1.0551
8e842490-09ee-4ba2-986f-63dcf377a930,2024-08-09,M2,0.9433
8e842490-09ee-4ba2-986f-63dcf377a930,2024-08-10,M2,0.8605
8e842490-09ee-4ba2-986f-63dcf377a930,2024-08-08,M3,2.1415
8e842490-09ee-4ba2-986f-63dcf377a930,2024-08-09,M3,1.9144
8e842490-09ee-4ba2-986f-63dcf377a930,2024-08-10,M3,1.7464
8e95ce77-3ffb-4a92-8acc-231d1400f529,2024-08-08,B1,3.7333
8e95ce77-3ffb-4a92-8acc-231d1400f529,2024-08-09,B1,3.0467
8e95ce77-3ffb-4a92-8acc-231d1400f529,2024-08-10,B1,2.3675
8e95ce77-3ffb-4a92-8acc-231d1400f529,2024-08-08,B2,2.6028
8e95ce77-3ffb-4a92-8acc-231d1400f529,2024-08-09,B2,2.1241
8e95ce77-3ffb-4a92-8acc-231d1400f529,2024-08-10,B2,1.6506
8e95ce77-3ffb-4a92-8acc-231d1400f529,2024-08-08,B3,21.0772
8e95ce77-3ffb-4a92-8acc-231d1400f529,2024-08-09,B3,17.2008
8e95ce77-3ffb-4a92-8acc-231d1400f529,2024-08-10,B3,13.3666
8eddb69c-4ae6-4921-ac65-d0bd3026d94c,2024-08-08,B3,5.7915
8eddb69c-4ae6-4921-ac65-d0bd3026d94c,2024-08-09,B3,4.7264
8eddb69c-4ae6-4921-ac65-d0bd3026d94c,2024-08-10,B3,3.6728
8efafa03-754b-413b-9676-bd8107a2ff27,2024-08-08,M1,1.5827
8efafa03-754b-413b-9676-bd8107a2ff27,2024-08-09,M1,1.4149
8efafa03-754b-413b-9676-bd8107a2ff27,2024-08-10,M1,1.2907
8efafa03-754b-413b-9676-bd8107a2ff27,2024-08-08,M2,1.7791
8efafa03-754b-413b-9676-bd8107a2ff27,2024-08-09,M2,1.5905
8efafa03-754b-413b-9676-bd8107a2ff27,2024-08-10,M2,1.4508
8efafa03-754b-413b-9676-bd8107a2ff27,2024-08-08,M3,4.2626
8efafa03-754b-413b-9676-bd8107a2ff27,2024-08-09,M3,3.8107
8efafa03-754b-413b-9676-bd8107a2ff27,2024-08-10,M3,3.4762
8efafa03-754b-413b-9676-bd8107a2ff27,2024-08-08,M4,1.7727
8efafa03-754b-413b-9676-bd8107a2ff27,2024-08-09,M4,1.5848
8efafa03-754b-413b-9676-bd8107a2ff27,2024-08-10,M4,1.4457
8efafa03-754b-413b-9676-bd8107a2ff27,2024-08-08,M5,1.0551
8efafa03-754b-413b-9676-bd8107a2ff27,2024-08-09,M5,0.9433
8efafa03-754b-413b-9676-bd8107a2ff27,2024-08-10,M5,0.8605
8f198b60-c9fe-47fd-936d-769e18f3810c,2024-08-08,M1,1.8563
8f198b60-c9fe-47fd-936d-769e18f3810c,2024-08-09,M1,1.6595
8f198b60-c9fe-47fd-936d-769e18f3810c,2024-08-10,M1,1.5138
8f198b60-c9fe-47fd-936d-769e18f3810c,2024-08-08,M2,1.856
8f198b60-c9fe-47fd-936d-769e18f3810c,2024-08-09,M2,1.6593
8f198b60-c9fe-47fd-936d-769e18f3810c,2024-08-10,M2,1.5136
8f198b60-c9fe-47fd-936d-769e18f3810c,2024-08-08,M3,2.6638
8f198b60-c9fe-47fd-936d-769e18f3810c,2024-08-09,M3,2.3814
8f198b60-c9fe-47fd-936d-769e18f3810c,2024-08-10,M3,2.1723
8f198b60-c9fe-47fd-936d-769e18f3810c,2024-08-08,M4,1.8418
8f198b60-c9fe-47fd-936d-769e18f3810c,2024-08-09,M4,1.6465
8f198b60-c9fe-47fd-936d-769e18f3810c,2024-08-10,M4,1.502
8f198b60-c9fe-47fd-936d-769e18f3810c,2024-08-08,M5,2.1103
8f198b60-c9fe-47fd-936d-769e18f3810c,2024-08-09,M5,1.8866
8f198b60-c9fe-47fd-936d-769e18f3810c,2024-08-10,M5,1.7209
8f4300c2-c29b-4623-8663-586b99495b81,2024-08-08,B1,4.9119
8f4300c2-c29b-4623-8663-586b99495b81,2024-08-09,B1,4.0086
8f4300c2-c29b-4623-8663-586b99495b81,2024-08-10,B1,3.115
8f4300c2-c29b-4623-8663-586b99495b81,2024-08-08,B2,2.1693
8f4300c2-c29b-4623-8663-586b99495b81,2024-08-09,B2,1.7703
8f4300c2-c29b-4623-8663-586b99495b81,2024-08-10,B2,1.3757
8f4300c2-c29b-4623-8663-586b99495b81,2024-08-08,B3,5.0922
8f4300c2-c29b-4623-8663-586b99495b81,2024-08-09,B3,4.1557
8f4300c2-c29b-4623-8663-586b99495b81,2024-08-10,B3,3.2293
8f5468e8-a41e-402b-8e0f-c679a732aca1,2024-08-08,M1,4.1251
8f5468e8-a41e-402b-8e0f-c679a732aca1,2024-08-09,M1,3.6878
8f5468e8-a41e-402b-8e0f-c679a732aca1,2024-08-10,M1,3.3641
8f5468e8-a41e-402b-8e0f-c679a732aca1,2024-08-08,M2,7.7235
8f5468e8-a41e-402b-8e0f-c679a732aca1,2024-08-09,M2,6.9047
8f5468e8-a41e-402b-8e0f-c679a732aca1,2024-08-10,M2,6.2985
8f5468e8-a41e-402b-8e0f-c679a732aca1,2024-08-08,M3,17.5748
8f5468e8-a41e-402b-8e0f-c679a732aca1,2024-08-09,M3,15.7117
8f5468e8-a41e-402b-8e0f-c679a732aca1,2024-08-10,M3,14.3324
8f5468e8-a41e-402b-8e0f-c679a732aca1,2024-08-08,M4,9.0714
8f5468e8-a41e-402b-8e0f-c679a732aca1,2024-08-09,M4,8.1097
8f5468e8-a41e-402b-8e0f-c679a732aca1,2024-08-10,M4,7.3978
8f5468e8-a41e-402b-8e0f-c679a732aca1,2024-08-08,M5,3.0594
8f5468e8-a41e-402b-8e0f-c679a732aca1,2024-08-09,M5,2.7351
8f5468e8-a41e-402b-8e0f-c679a732aca1,2024-08-10,M5,2.495
8f6bd223-7bb0-4d79-bd4c-842e7a641ba8,2024-08-08,B1,7.054
8f6bd223-7bb0-4d79-bd4c-842e7a641ba8,2024-08-09,B1,5.7567
8f6bd223-7bb0-4d79-bd4c-842e7a641ba8,2024-08-10,B1,4.4734
8f6bd223-7bb0-4d79-bd4c-842e7a641ba8,2024-08-08,B2,6.4583
8f6bd223-7bb0-4d79-bd4c-842e7a641ba8,2024-08-09,B2,5.2705
8f6bd223-7bb0-4d79-bd4c-842e7a641ba8,2024-08-10,B2,4.0957
8f6bd223-7bb0-4d79-bd4c-842e7a641ba8,2024-08-08,B3,20.5952
8f6bd223-7bb0-4d79-bd4c-842e7a641ba8,2024-08-09,B3,16.8074
8f6bd223-7bb0-4d79-bd4c-842e7a641ba8,2024-08-10,B3,13.0609
8fa69e11-c148-470d-a4f1-1a1781079435,2024-08-08,B1,14.1556
8fa69e11-c148-470d-a4f1-1a1781079435,2024-08-09,B1,11.5522
8fa69e11-c148-470d-a4f1-1a1781079435,2024-08-10,B1,8.9771
8fa69e11-c148-470d-a4f1-1a1781079435,2024-08-08,B2,9.5665
8fa69e11-c148-470d-a4f1-1a1781079435,2024-08-09,B2,7.807
8fa69e11-c148-470d-a4f1-1a1781079435,2024-08-10,B2,6.0668
8fa69e11-c148-470d-a4f1-1a1781079435,2024-08-08,B3,110.4305
8fa69e11-c148-470d-a4f1-1a1781079435,2024-08-09,B3,90.1207
8fa69e11-c148-470d-a4f1-1a1781079435,2024-08-10,B3,70.0319
9019c898-92cc-4125-836e-1debb9a9f806,2024-08-08,B3,2.3072
9019c898-92cc-4125-836e-1debb9a9f806,2024-08-09,B3,1.8829
9019c898-92cc-4125-836e-1debb9a9f806,2024-08-10,B3,1.4632
9060c381-c83c-40cc-8e1e-f5e9debc626d,2024-08-08,B3,3.1936
9060c381-c83c-40cc-8e1e-f5e9debc626d,2024-08-09,B3,2.6062
9060c381-c83c-40cc-8e1e-f5e9debc626d,2024-08-10,B3,2.0253
9071acb2-3b78-40e4-866b-5b14121b9213,2024-08-08,M1,3.6008
9071acb2-3b78-40e4-866b-5b14121b9213,2024-08-09,M1,3.2191
9071acb2-3b78-40e4-866b-5b14121b9213,2024-08-10,M1,2.9365
9071acb2-3b78-40e4-866b-5b14121b9213,2024-08-08,M2,9.4229
9071acb2-3b78-40e4-866b-5b14121b9213,2024-08-09,M2,8.4239
9071acb2-3b78-40e4-866b-5b14121b9213,2024-08-10,M2,7.6844
9071acb2-3b78-40e4-866b-5b14121b9213,2024-08-08,M3,11.3103
9071acb2-3b78-40e4-866b-5b14121b9213,2024-08-09,M3,10.1112
9071acb2-3b78-40e4-866b-5b14121b9213,2024-08-10,M3,9.2236
9071acb2-3b78-40e4-866b-5b14121b9213,2024-08-08,M4,4.2581
9071acb2-3b78-40e4-866b-5b14121b9213,2024-08-09,M4,3.8067
9071acb2-3b78-40e4-866b-5b14121b9213,2024-08-10,M4,3.4725
9071acb2-3b78-40e4-866b-5b14121b9213,2024-08-08,M5,1.9717
9071acb2-3b78-40e4-866b-5b14121b9213,2024-08-09,M5,1.7627
9071acb2-3b78-40e4-866b-5b14121b9213,2024-08-10,M5,1.608
908abd0a-9bfa-4850-9280-f7d4119e38d7,2024-08-08,B1,2.3286
908abd0a-9bfa-4850-9280-f7d4119e38d7,2024-08-09,B1,1.9003
908abd0a-9bfa-4850-9280-f7d4119e38d7,2024-08-10,B1,1.4767
908abd0a-9bfa-4850-9280-f7d4119e38d7,2024-08-08,B2,2.9493
908abd0a-9bfa-4850-9280-f7d4119e38d7,2024-08-09,B2,2.4069
908abd0a-9bfa-4850-9280-f7d4119e38d7,2024-08-10,B2,1.8704
908abd0a-9bfa-4850-9280-f7d4119e38d7,2024-08-08,B3,10.2765
908abd0a-9bfa-4850-9280-f7d4119e38d7,2024-08-09,B3,8.3865
908abd0a-9bfa-4850-9280-f7d4119e38d7,2024-08-10,B3,6.5171
90b98d45-8642-4abe-a977-e1b780399443,2024-08-08,B1,1.1536
90b98d45-8642-4abe-a977-e1b780399443,2024-08-09,B1,0.9414
90b98d45-8642-4abe-a977-e1b780399443,2024-08-10,B1,0.7316
90b98d45-8642-4abe-a977-e1b780399443,2024-08-08,B2,2.1659
90b98d45-8642-4abe-a977-e1b780399443,2024-08-09,B2,1.7676
90b98d45-8642-4abe-a977-e1b780399443,2024-08-10,B2,1.3736
90b98d45-8642-4abe-a977-e1b780399443,2024-08-08,B3,3.0771
90b98d45-8642-4abe-a977-e1b780399443,2024-08-09,B3,2.5111
90b98d45-8642-4abe-a977-e1b780399443,2024-08-10,B3,1.9514
9164793f-f3b7-42de-a1ce-9dc0c63702a0,2024-08-08,B1,3.8845
9164793f-f3b7-42de-a1ce-9dc0c63702a0,2024-08-09,B1,3.1701
9164793f-f3b7-42de-a1ce-9dc0c63702a0,2024-08-10,B1,2.4634
9164793f-f3b7-42de-a1ce-9dc0c63702a0,2024-08-08,B2,2.387
9164793f-f3b7-42de-a1ce-9dc0c63702a0,2024-08-09,B2,1.948
9164793f-f3b7-42de-a1ce-9dc0c63702a0,2024-08-10,B2,1.5138
9164793f-f3b7-42de-a1ce-9dc0c63702a0,2024-08-08,B3,11.9287
9164793f-f3b7-42de-a1ce-9dc0c63702a0,2024-08-09,B3,9.7348
9164793f-f3b7-42de-a1ce-9dc0c63702a0,2024-08-10,B3,7.5648
9174dcd9-24ac-4414-a8df-cf30f5195f0c,2024-08-08,B3,22.545
9174dcd9-24ac-4414-a8df-cf30f5195f0c,2024-08-09,B3,18.3987
9174dcd9-24ac-4414-a8df-cf30f5195f0c,2024-08-10,B3,14.2974
923b1f81-a700-42c7-a12f-3c4e77f0743f,2024-08-08,B1,4.7979
923b1f81-a700-42c7-a12f-3c4e77f0743f,2024-08-09,B1,3.9155
923b1f81-a700-42c7-a12f-3c4e77f0743f,2024-08-10,B1,3.0427
923b1f81-a700-42c7-a12f-3c4e77f0743f,2024-08-08,B2,2.3138
923b1f81-a700-42c7-a12f-3c4e77f0743f,2024-08-09,B2,1.8882
923b1f81-a700-42c7-a12f-3c4e77f0743f,2024-08-10,B2,1.4673
923b1f81-a700-42c7-a12f-3c4e77f0743f,2024-08-08,B3,18.0219
923b1f81-a700-42c7-a12f-3c4e77f0743f,2024-08-09,B3,14.7074
923b1f81-a700-42c7-a12f-3c4e77f0743f,2024-08-10,B3,11.4289
9248a622-52ce-4cf3-825a-94987a18f6db,2024-08-08,B1,7.1986
9248a622-52ce-4cf3-825a-94987a18f6db,2024-08-09,B1,5.8746
9248a622-52ce-4cf3-825a-94987a18f6db,2024-08-10,B1,4.5651
9248a622-52ce-4cf3-825a-94987a18f6db,2024-08-08,B2,7.3822
9248a622-52ce-4cf3-825a-94987a18f6db,2024-08-09,B2,6.0245
9248a622-52ce-4cf3-825a-94987a18f6db,2024-08-10,B2,4.6816
9248a622-52ce-4cf3-825a-94987a18f6db,2024-08-08,B3,45.8126
9248a622-52ce-4cf3-825a-94987a18f6db,2024-08-09,B3,37.3869
9248a622-52ce-4cf3-825a-94987a18f6db,2024-08-10,B3,29.053
92d7e4fb-91da-4240-9093-723d3f4edd71,2024-08-08,B2,1.1536
92d7e4fb-91da-4240-9093-723d3f4edd71,2024-08-09,B2,0.9414
92d7e4fb-91da-4240-9093-723d3f4edd71,2024-08-10,B2,0.7316
92d7e4fb-91da-4240-9093-723d3f4edd71,2024-08-08,B3,1.9919
92d7e4fb-91da-4240-9093-723d3f4edd71,2024-08-09,B3,1.6256
92d7e4fb-91da-4240-9093-723d3f4edd71,2024-08-10,B3,1.2632
933e2d43-62ac-4cf5-a79a-f81a38a01f1e,2024-08-08,M1,2.1103
933e2d43-62ac-4cf5-a79a-f81a38a01f1e,2024-08-09,M1,1.8866
933e2d43-62ac-4cf5-a79a-f81a38a01f1e,2024-08-10,M1,1.7209
933e2d43-62ac-4cf5-a79a-f81a38a01f1e,2024-08-08,M2,1.8277
933e2d43-62ac-4cf5-a79a-f81a38a01f1e,2024-08-09,M2,1.6339
933e2d43-62ac-4cf5-a79a-f81a38a01f1e,2024-08-10,M2,1.4905
933e2d43-62ac-4cf5-a79a-f81a38a01f1e,2024-08-08,M3,8.4411
933e2d43-62ac-4cf5-a79a-f81a38a01f1e,2024-08-09,M3,7.5463
933e2d43-62ac-4cf5-a79a-f81a38a01f1e,2024-08-10,M3,6.8838
940eec95-3301-4559-873c-3ec1eaf80dcd,2024-08-08,M2,1.7121
940eec95-3301-4559-873c-3ec1eaf80dcd,2024-08-09,M2,1.5306
940eec95-3301-4559-873c-3ec1eaf80dcd,2024-08-10,M2,1.3962
940eec95-3301-4559-873c-3ec1eaf80dcd,2024-08-08,M3,2.1103
940eec95-3301-4559-873c-3ec1eaf80dcd,2024-08-09,M3,1.8866
940eec95-3301-4559-873c-3ec1eaf80dcd,2024-08-10,M3,1.7209
940eec95-3301-4559-873c-3ec1eaf80dcd,2024-08-08,M4,1.0551
940eec95-3301-4559-873c-3ec1eaf80dcd,2024-08-09,M4,0.9433
940eec95-3301-4559-873c-3ec1eaf80dcd,2024-08-10,M4,0.8605
944d7123-20a3-41ef-a946-9e583aa3af36,2024-08-08,B3,5.6786
944d7123-20a3-41ef-a946-9e583aa3af36,2024-08-09,B3,4.6342
944d7123-20a3-41ef-a946-9e583aa3af36,2024-08-10,B3,3.6012
9473d2d6-fbed-4b7f-9ad6-04bb89625fc9,2024-08-08,B1,2.9516
9473d2d6-fbed-4b7f-9ad6-04bb89625fc9,2024-08-09,B1,2.4087
9473d2d6-fbed-4b7f-9ad6-04bb89625fc9,2024-08-10,B1,1.8718
9473d2d6-fbed-4b7f-9ad6-04bb89625fc9,2024-08-08,B2,1.9554
9473d2d6-fbed-4b7f-9ad6-04bb89625fc9,2024-08-09,B2,1.5958
9473d2d6-fbed-4b7f-9ad6-04bb89625fc9,2024-08-10,B2,1.2401
9473d2d6-fbed-4b7f-9ad6-04bb89625fc9,2024-08-08,B3,7.7269
9473d2d6-fbed-4b7f-9ad6-04bb89625fc9,2024-08-09,B3,6.3058
9473d2d6-fbed-4b7f-9ad6-04bb89625fc9,2024-08-10,B3,4.9002
947e967a-839d-4407-9dbf-2a26a6cdfe03,2024-08-08,B1,1.7304
947e967a-839d-4407-9dbf-2a26a6cdfe03,2024-08-09,B1,1.4122
947e967a-839d-4407-9dbf-2a26a6cdfe03,2024-08-10,B1,1.0974
947e967a-839d-4407-9dbf-2a26a6cdfe03,2024-08-08,B2,2.2253
947e967a-839d-4407-9dbf-2a26a6cdfe03,2024-08-09,B2,1.816
947e967a-839d-4407-9dbf-2a26a6cdfe03,2024-08-10,B2,1.4112
947e967a-839d-4407-9dbf-2a26a6cdfe03,2024-08-08,B3,4.8216
947e967a-839d-4407-9dbf-2a26a6cdfe03,2024-08-09,B3,3.9349
947e967a-839d-4407-9dbf-2a26a6cdfe03,2024-08-10,B3,3.0577
94e7be20-22ce-40e5-a047-7e99e8109177,2024-08-08,B1,12.0314
94e7be20-22ce-40e5-a047-7e99e8109177,2024-08-09,B1,9.8186
94e7be20-22ce-40e5-a047-7e99e8109177,2024-08-10,B1,7.63
94e7be20-22ce-40e5-a047-7e99e8109177,2024-08-08,B2,3.9768
94e7be20-22ce-40e5-a047-7e99e8109177,2024-08-09,B2,3.2454
94e7be20-22ce-40e5-a047-7e99e8109177,2024-08-10,B2,2.522
94e7be20-22ce-40e5-a047-7e99e8109177,2024-08-08,B3,21.6971
94e7be20-22ce-40e5-a047-7e99e8109177,2024-08-09,B3,17.7067
94e7be20-22ce-40e5-a047-7e99e8109177,2024-08-10,B3,13.7597
9501f921-c127-4a25-977d-e18ee8d277a7,2024-08-08,B1,2.9996
9501f921-c127-4a25-977d-e18ee8d277a7,2024-08-09,B1,2.4479
9501f921-c127-4a25-977d-e18ee8d277a7,2024-08-10,B1,1.9023
9501f921-c127-4a25-977d-e18ee8d277a7,2024-08-08,B2,17.8808
9501f921-c127-4a25-977d-e18ee8d277a7,2024-08-09,B2,14.5922
9501f921-c127-4a25-977d-e18ee8d277a7,2024-08-10,B2,11.3395
9501f921-c127-4a25-977d-e18ee8d277a7,2024-08-08,B3,5.6831
9501f921-c127-4a25-977d-e18ee8d277a7,2024-08-09,B3,4.6379
9501f921-c127-4a25-977d-e18ee8d277a7,2024-08-10,B3,3.604
95345bf2-593b-405e-bb21-fe0111dcbd12,2024-08-08,M2,1.9047
95345bf2-593b-405e-bb21-fe0111dcbd12,2024-08-09,M2,1.7028
95345bf2-593b-405e-bb21-fe0111dcbd12,2024-08-10,M2,1.5533
95345bf2-593b-405e-bb21-fe0111dcbd12,2024-08-08,M3,1.8835
95345bf2-593b-405e-bb21-fe0111dcbd12,2024-08-09,M3,1.6839
95345bf2-593b-405e-bb21-fe0111dcbd12,2024-08-10,M3,1.536
95345bf2-593b-405e-bb21-fe0111dcbd12,2024-08-08,M4,1.5709
95345bf2-593b-405e-bb21-fe0111dcbd12,2024-08-09,M4,1.4044
95345bf2-593b-405e-bb21-fe0111dcbd12,2024-08-10,M4,1.2811
95521968-dd01-489d-bbcb-cba7df23a318,2024-08-08,B1,4.0981
95521968-dd01-489d-bbcb-cba7df23a318,2024-08-09,B1,3.3444
95521968-dd01-489d-bbcb-cba7df23a318,2024-08-10,B1,2.5989
95521968-dd01-489d-bbcb-cba7df23a318,2024-08-08,B2,5.927
95521968-dd01-489d-bbcb-cba7df23a318,2024-08-09,B2,4.837
95521968-dd01-489d-bbcb-cba7df23a318,2024-08-10,B2,3.7588
95521968-dd01-489d-bbcb-cba7df23a318,2024-08-08,B3,20.8614
95521968-dd01-489d-bbcb-cba7df23a318,2024-08-09,B3,17.0247
95521968-dd01-489d-bbcb-cba7df23a318,2024-08-10,B3,13.2297
95562fc8-113c-4622-b029-e44d88318243,2024-08-08,B1,6.0802
95562fc8-113c-4622-b029-e44d88318243,2024-08-09,B1,4.9619
95562fc8-113c-4622-b029-e44d88318243,2024-08-10,B1,3.8559
95562fc8-113c-4622-b029-e44d88318243,2024-08-08,B2,2.1353
95562fc8-113c-4622-b029-e44d88318243,2024-08-09,B2,1.7426
95562fc8-113c-4622-b029-e44d88318243,2024-08-10,B2,1.3542
95562fc8-113c-4622-b029-e44d88318243,2024-08-08,B3,4.0098
95562fc8-113c-4622-b029-e44d88318243,2024-08-09,B3,3.2724
95562fc8-113c-4622-b029-e44d88318243,2024-08-10,B3,2.5429
96307bf2-8338-4010-943c-aea20e0fbae7,2024-08-08,M1,1.0551
96307bf2-8338-4010-943c-aea20e0fbae7,2024-08-09,M1,0.9433
96307bf2-8338-4010-943c-aea20e0fbae7,2024-08-10,M1,0.8605
96307bf2-8338-4010-943c-aea20e0fbae7,2024-08-08,M2,2.3317
96307bf2-8338-4010-943c-aea20e0fbae7,2024-08-09,M2,2.0845
96307bf2-8338-4010-943c-aea20e0fbae7,2024-08-10,M2,1.9015
96307bf2-8338-4010-943c-aea20e0fbae7,2024-08-08,M3,2.8991
96307bf2-8338-4010-943c-aea20e0fbae7,2024-08-09,M3,2.5918
96307bf2-8338-4010-943c-aea20e0fbae7,2024-08-10,M3,2.3642
96307bf2-8338-4010-943c-aea20e0fbae7,2024-08-08,M4,1.9211
96307bf2-8338-4010-943c-aea20e0fbae7,2024-08-09,M4,1.7174
96307bf2-8338-4010-943c-aea20e0fbae7,2024-08-10,M4,1.5666
96307bf2-8338-4010-943c-aea20e0fbae7,2024-08-08,M5,1.7369
96307bf2-8338-4010-943c-aea20e0fbae7,2024-08-09,M5,1.5527
96307bf2-8338-4010-943c-aea20e0fbae7,2024-08-10,M5,1.4164
97157a78-6001-4810-85e6-2e8374355128,2024-08-08,M4,2.1103
97157a78-6001-4810-85e6-2e8374355128,2024-08-09,M4,1.8866
97157a78-6001-4810-85e6-2e8374355128,2024-08-10,M4,1.7209
97157a78-6001-4810-85e6-2e8374355128,2024-08-08,M5,1.0551
97157a78-6001-4810-85e6-2e8374355128,2024-08-09,M5,0.9433
97157a78-6001-4810-85e6-2e8374355128,2024-08-10,M5,0.8605
9720318f-8898-4588-8ad6-1f9d895efaf3,2024-08-08,B1,2.336
9720318f-8898-4588-8ad6-1f9d895efaf3,2024-08-09,B1,1.9063
9720318f-8898-4588-8ad6-1f9d895efaf3,2024-08-10,B1,1.4814
9720318f-8898-4588-8ad6-1f9d895efaf3,2024-08-08,B2,2.3338
9720318f-8898-4588-8ad6-1f9d895efaf3,2024-08-09,B2,1.9046
9720318f-8898-4588-8ad6-1f9d895efaf3,2024-08-10,B2,1.48
9720318f-8898-4588-8ad6-1f9d895efaf3,2024-08-08,B3,10.4415
9720318f-8898-4588-8ad6-1f9d895efaf3,2024-08-09,B3,8.5212
9720318f-8898-4588-8ad6-1f9d895efaf3,2024-08-10,B3,6.6217
97372324-dbc0-4a25-94eb-25045ae42917,2024-08-08,B1,4.6144
97372324-dbc0-4a25-94eb-25045ae42917,2024-08-09,B1,3.7657
97372324-dbc0-4a25-94eb-25045ae42917,2024-08-10,B1,2.9263
97372324-dbc0-4a25-94eb-25045ae42917,2024-08-08,B2,2.3072
97372324-dbc0-4a25-94eb-25045ae42917,2024-08-09,B2,1.8829
97372324-dbc0-4a25-94eb-25045ae42917,2024-08-10,B2,1.4632
97372324-dbc0-4a25-94eb-25045ae42917,2024-08-08,B3,2.4002
97372324-dbc0-4a25-94eb-25045ae42917,2024-08-09,B3,1.9588
97372324-dbc0-4a25-94eb-25045ae42917,2024-08-10,B3,1.5221
97545b68-bfb1-4c8b-b6e2-b68b2f836f3e,2024-08-08,M1,2.1103
97545b68-bfb1-4c8b-b6e2-b68b2f836f3e,2024-08-09,M1,1.8866
97545b68-bfb1-4c8b-b6e2-b68b2f836f3e,2024-08-10,M1,1.7209
97545b68-bfb1-4c8b-b6e2-b68b2f836f3e,2024-08-08,M2,2.5662
97545b68-bfb1-4c8b-b6e2-b68b2f836f3e,2024-08-09,M2,2.2942
97545b68-bfb1-4c8b-b6e2-b68b2f836f3e,2024-08-10,M2,2.0928
97545b68-bfb1-4c8b-b6e2-b68b2f836f3e,2024-08-08,M3,2.7377
97545b68-bfb1-4c8b-b6e2-b68b2f836f3e,2024-08-09,M3,2.4475
97545b68-bfb1-4c8b-b6e2-b68b2f836f3e,2024-08-10,M3,2.2326
97545b68-bfb1-4c8b-b6e2-b68b2f836f3e,2024-08-08,M4,1.7444
97545b68-bfb1-4c8b-b6e2-b68b2f836f3e,2024-08-09,M4,1.5595
97545b68-bfb1-4c8b-b6e2-b68b2f836f3e,2024-08-10,M4,1.4226
979f7e16-d4c7-429f-8eab-c1628d62240a,2024-08-08,B1,5.3946
979f7e16-d4c7-429f-8eab-c1628d62240a,2024-08-09,B1,4.4025
979f7e16-d4c7-429f-8eab-c1628d62240a,2024-08-10,B1,3.4211
979f7e16-d4c7-429f-8eab-c1628d62240a,2024-08-08,B2,2.0493
979f7e16-d4c7-429f-8eab-c1628d62240a,2024-08-09,B2,1.6724
979f7e16-d4c7-429f-8eab-c1628d62240a,2024-08-10,B2,1.2996
979f7e16-d4c7-429f-8eab-c1628d62240a,2024-08-08,B3,3.6102
979f7e16-d4c7-429f-8eab-c1628d62240a,2024-08-09,B3,2.9462
979f7e16-d4c7-429f-8eab-c1628d62240a,2024-08-10,B3,2.2895
97ff4e57-b596-452e-88e0-c95c0480e4f7,2024-08-08,B1,3.98
97ff4e57-b596-452e-88e0-c95c0480e4f7,2024-08-09,B1,3.248
97ff4e57-b596-452e-88e0-c95c0480e4f7,2024-08-10,B1,2.524
97ff4e57-b596-452e-88e0-c95c0480e4f7,2024-08-08,B2,1.7981
97ff4e57-b596-452e-88e0-c95c0480e4f7,2024-08-09,B2,1.4674
97ff4e57-b596-452e-88e0-c95c0480e4f7,2024-08-10,B2,1.1403
97ff4e57-b596-452e-88e0-c95c0480e4f7,2024-08-08,B3,9.5723
97ff4e57-b596-452e-88e0-c95c0480e4f7,2024-08-09,B3,7.8118
97ff4e57-b596-452e-88e0-c95c0480e4f7,2024-08-10,B3,6.0705
981a29f2-5cb7-4757-98bb-fe6d4604cb09,2024-08-08,B1,1.1536
981a29f2-5cb7-4757-98bb-fe6d4604cb09,2024-08-09,B1,0.9414
981a29f2-5cb7-4757-98bb-fe6d4604cb09,2024-08-10,B1,0.7316
981a29f2-5cb7-4757-98bb-fe6d4604cb09,2024-08-08,B2,2.3072
981a29f2-5cb7-4757-98bb-fe6d4604cb09,2024-08-09,B2,1.8829
981a29f2-5cb7-4757-98bb-fe6d4604cb09,2024-08-10,B2,1.4632
981a29f2-5cb7-4757-98bb-fe6d4604cb09,2024-08-08,B3,4.3596
981a29f2-5cb7-4757-98bb-fe6d4604cb09,2024-08-09,B3,3.5578
981a29f2-5cb7-4757-98bb-fe6d4604cb09,2024-08-10,B3,2.7647
982f0d33-83ad-4c9e-8b54-4571dcc16d74,2024-08-08,B1,3.0959
982f0d33-83ad-4c9e-8b54-4571dcc16d74,2024-08-09,B1,2.5266
982f0d33-83ad-4c9e-8b54-4571dcc16d74,2024-08-10,B1,1.9634
982f0d33-83ad-4c9e-8b54-4571dcc16d74,2024-08-08,B2,8.7253
982f0d33-83ad-4c9e-8b54-4571dcc16d74,2024-08-09,B2,7.1206
982f0d33-83ad-4c9e-8b54-4571dcc16d74,2024-08-10,B2,5.5333
982f0d33-83ad-4c9e-8b54-4571dcc16d74,2024-08-08,B3,19.5436
982f0d33-83ad-4c9e-8b54-4571dcc16d74,2024-08-09,B3,15.9493
982f0d33-83ad-4c9e-8b54-4571dcc16d74,2024-08-10,B3,12.394
98653d73-d370-4170-bdad-1d7ec42fc0d9,2024-08-08,B1,1.9658
98653d73-d370-4170-bdad-1d7ec42fc0d9,2024-08-09,B1,1.6043
98653d73-d370-4170-bdad-1d7ec42fc0d9,2024-08-10,B1,1.2467
98653d73-d370-4170-bdad-1d7ec42fc0d9,2024-08-08,B2,2.4087
98653d73-d370-4170-bdad-1d7ec42fc0d9,2024-08-09,B2,1.9657
98653d73-d370-4170-bdad-1d7ec42fc0d9,2024-08-10,B2,1.5275
98653d73-d370-4170-bdad-1d7ec42fc0d9,2024-08-08,B3,8.9441
98653d73-d370-4170-bdad-1d7ec42fc0d9,2024-08-09,B3,7.2991
98653d73-d370-4170-bdad-1d7ec42fc0d9,2024-08-10,B3,5.6721
98da18bb-b566-4117-8d12-80ce5102b4c1,2024-08-08,B2,2.1434
98da18bb-b566-4117-8d12-80ce5102b4c1,2024-08-09,B2,1.7492
98da18bb-b566-4117-8d12-80ce5102b4c1,2024-08-10,B2,1.3593
9925e7dd-0df9-4305-80b1-7af7e0ab0764,2024-08-08,M1,3.1189
9925e7dd-0df9-4305-80b1-7af7e0ab0764,2024-08-09,M1,2.7882
9925e7dd-0df9-4305-80b1-7af7e0ab0764,2024-08-10,M1,2.5435
9925e7dd-0df9-4305-80b1-7af7e0ab0764,2024-08-08,M2,8.1891
9925e7dd-0df9-4305-80b1-7af7e0ab0764,2024-08-09,M2,7.3209
9925e7dd-0df9-4305-80b1-7af7e0ab0764,2024-08-10,M2,6.6782
9925e7dd-0df9-4305-80b1-7af7e0ab0764,2024-08-08,M3,27.7298
9925e7dd-0df9-4305-80b1-7af7e0ab0764,2024-08-09,M3,24.7901
9925e7dd-0df9-4305-80b1-7af7e0ab0764,2024-08-10,M3,22.6138
9925e7dd-0df9-4305-80b1-7af7e0ab0764,2024-08-08,M4,6.1568
9925e7dd-0df9-4305-80b1-7af7e0ab0764,2024-08-09,M4,5.5041
9925e7dd-0df9-4305-80b1-7af7e0ab0764,2024-08-10,M4,5.0209
9925e7dd-0df9-4305-80b1-7af7e0ab0764,2024-08-08,M5,2.158
9925e7dd-0df9-4305-80b1-7af7e0ab0764,2024-08-09,M5,1.9292
9925e7dd-0df9-4305-80b1-7af7e0ab0764,2024-08-10,M5,1.7598
995e8f76-4af7-42d3-83b6-3b7e94dd9c63,2024-08-08,B2,1.1536
995e8f76-4af7-42d3-83b6-3b7e94dd9c63,2024-08-09,B2,0.9414
995e8f76-4af7-42d3-83b6-3b7e94dd9c63,2024-08-10,B2,0.7316
995e8f76-4af7-42d3-83b6-3b7e94dd9c63,2024-08-08,B3,1.9089
995e8f76-4af7-42d3-83b6-3b7e94dd9c63,2024-08-09,B3,1.5578
995e8f76-4af7-42d3-83b6-3b7e94dd9c63,2024-08-10,B3,1.2106
99772489-a948-47c1-8a54-fc54ea38f7be,2024-08-08,B1,11.8064
99772489-a948-47c1-8a54-fc54ea38f7be,2024-08-09,B1,9.635
99772489-a948-47c1-8a54-fc54ea38f7be,2024-08-10,B1,7.4873
99772489-a948-47c1-8a54-fc54ea38f7be,2024-08-08,B2,10.6804
99772489-a948-47c1-8a54-fc54ea38f7be,2024-08-09,B2,8.7161
99772489-a948-47c1-8a54-fc54ea38f7be,2024-08-10,B2,6.7732
99772489-a948-47c1-8a54-fc54ea38f7be,2024-08-08,B3,66.165
99772489-a948-47c1-8a54-fc54ea38f7be,2024-08-09,B3,53.9962
99772489-a948-47c1-8a54-fc54ea38f7be,2024-08-10,B3,41.96
99c16f27-4f3f-4d4e-805d-3ca0cb0a4341,2024-08-08,B1,2.884
99c16f27-4f3f-4d4e-805d-3ca0cb0a4341,2024-08-09,B1,2.3536
99c16f27-4f3f-4d4e-805d-3ca0cb0a4341,2024-08-10,B1,1.8289
99c16f27-4f3f-4d4e-805d-3ca0cb0a4341,2024-08-08,B2,1.1536
99c16f27-4f3f-4d4e-805d-3ca0cb0a4341,2024-08-09,B2,0.9414
99c16f27-4f3f-4d4e-805d-3ca0cb0a4341,2024-08-10,B2,0.7316
99c16f27-4f3f-4d4e-805d-3ca0cb0a4341,2024-08-08,B3,3.5032
99c16f27-4f3f-4d4e-805d-3ca0cb0a4341,2024-08-09,B3,2.8589
99c16f27-4f3f-4d4e-805d-3ca0cb0a4341,2024-08-10,B3,2.2216
9ac39edd-ac22-47e0-ad92-941ddf1a268b,2024-08-08,M1,2.1103
9ac39edd-ac22-47e0-ad92-941ddf1a268b,2024-08-09,M1,1.8866
9ac39edd-ac22-47e0-ad92-941ddf1a268b,2024-08-10,M1,1.7209
9ac39edd-ac22-47e0-ad92-941ddf1a268b,2024-08-08,M2,3.4184
9ac39edd-ac22-47e0-ad92-941ddf1a268b,2024-08-09,M2,3.056
9ac39edd-ac22-47e0-ad92-941ddf1a268b,2024-08-10,M2,2.7877
9ac39edd-ac22-47e0-ad92-941ddf1a268b,2024-08-08,M3,2.4822
9ac39edd-ac22-47e0-ad92-941ddf1a268b,2024-08-09,M3,2.219
9ac39edd-ac22-47e0-ad92-941ddf1a268b,2024-08-10,M3,2.0242
9ac39edd-ac22-47e0-ad92-941ddf1a268b,2024-08-08,M4,1.9039
9ac39edd-ac22-47e0-ad92-941ddf1a268b,2024-08-09,M4,1.702
9ac39edd-ac22-47e0-ad92-941ddf1a268b,2024-08-10,M4,1.5526
9ac39edd-ac22-47e0-ad92-941ddf1a268b,2024-08-08,M5,1.0551
9ac39edd-ac22-47e0-ad92-941ddf1a268b,2024-08-09,M5,0.9433
9ac39edd-ac22-47e0-ad92-941ddf1a268b,2024-08-10,M5,0.8605
9b0e3ed8-ccc1-4c1c-b0e6-facfa6f70b11,2024-08-08,M2,2.1103
9b0e3ed8-ccc1-4c1c-b0e6-facfa6f70b11,2024-08-09,M2,1.8866
9b0e3ed8-ccc1-4c1c-b0e6-facfa6f70b11,2024-08-10,M2,1.7209
9b0e3ed8-ccc1-4c1c-b0e6-facfa6f70b11,2024-08-08,M3,2.0253
9b0e3ed8-ccc1-4c1c-b0e6-facfa6f70b11,2024-08-09,M3,1.8106
9b0e3ed8-ccc1-4c1c-b0e6-facfa6f70b11,2024-08-10,M3,1.6516
9b2d87e8-4caf-4c35-bc05-fba0a27e3ab9,2024-08-08,M2,3.149
9b2d87e8-4caf-4c35-bc05-fba0a27e3ab9,2024-08-09,M2,2.8152
9b2d87e8-4caf-4c35-bc05-fba0a27e3ab9,2024-08-10,M2,2.568
9b2d87e8-4caf-4c35-bc05-fba0a27e3ab9,2024-08-08,M3,4.9739
9b2d87e8-4caf-4c35-bc05-fba0a27e3ab9,2024-08-09,M3,4.4466
9b2d87e8-4caf-4c35-bc05-fba0a27e3ab9,2024-08-10,M3,4.0562
9b2d87e8-4caf-4c35-bc05-fba0a27e3ab9,2024-08-08,M4,2.0225
9b2d87e8-4caf-4c35-bc05-fba0a27e3ab9,2024-08-09,M4,1.8081
9b2d87e8-4caf-4c35-bc05-fba0a27e3ab9,2024-08-10,M4,1.6493
9b2d87e8-4caf-4c35-bc05-fba0a27e3ab9,2024-08-08,M5,1.5827
9b2d87e8-4caf-4c35-bc05-fba0a27e3ab9,2024-08-09,M5,1.4149
9b2d87e8-4caf-4c35-bc05-fba0a27e3ab9,2024-08-10,M5,1.2907
9b86abad-7cc9-42eb-9df3-8dd899534311,2024-08-08,B3,2.3396
9b86abad-7cc9-42eb-9df3-8dd899534311,2024-08-09,B3,1.9093
9b86abad-7cc9-42eb-9df3-8dd899534311,2024-08-10,B3,1.4837
9c2374c8-b573-4051-b7c8-0475b792ab4c,2024-08-08,B1,1.1536
9c2374c8-b573-4051-b7c8-0475b792ab4c,2024-08-09,B1,0.9414
9c2374c8-b573-4051-b7c8-0475b792ab4c,2024-08-10,B1,0.7316
9c2374c8-b573-4051-b7c8-0475b792ab4c,2024-08-08,B2,2.3072
9c2374c8-b573-4051-b7c8-0475b792ab4c,2024-08-09,B2,1.8829
9c2374c8-b573-4051-b7c8-0475b792ab4c,2024-08-10,B2,1.4632
9c2374c8-b573-4051-b7c8-0475b792ab4c,2024-08-08,B3,2.9032
9c2374c8-b573-4051-b7c8-0475b792ab4c,2024-08-09,B3,2.3692
9c2374c8-b573-4051-b7c8-0475b792ab4c,2024-08-10,B3,1.8411
9cc2c471-7f96-4154-9518-e241d7efc5ed,2024-08-08,M2,1.9165
9cc2c471-7f96-4154-9518-e241d7efc5ed,2024-08-09,M2,1.7133
9cc2c471-7f96-4154-9518-e241d7efc5ed,2024-08-10,M2,1.5629
9cc2c471-7f96-4154-9518-e241d7efc5ed,2024-08-08,M3,4.9217
9cc2c471-7f96-4154-9518-e241d7efc5ed,2024-08-09,M3,4.3999
9cc2c471-7f96-4154-9518-e241d7efc5ed,2024-08-10,M3,4.0137
9cc2c471-7f96-4154-9518-e241d7efc5ed,2024-08-08,M4,2.8789
9cc2c471-7f96-4154-9518-e241d7efc5ed,2024-08-09,M4,2.5737
9cc2c471-7f96-4154-9518-e241d7efc5ed,2024-08-10,M4,2.3477
9d3814e1-27b3-4d4a-842c-6250af24064f,2024-08-08,B2,4.6144
9d3814e1-27b3-4d4a-842c-6250af24064f,2024-08-09,B2,3.7657
9d3814e1-27b3-4d4a-842c-6250af24064f,2024-08-10,B2,2.9263
9d3814e1-27b3-4d4a-842c-6250af24064f,2024-08-08,B3,4.6144
9d3814e1-27b3-4d4a-842c-6250af24064f,2024-08-09,B3,3.7657
9d3814e1-27b3-4d4a-842c-6250af24064f,2024-08-10,B3,2.9263
9d5c455d-8595-49b4-a6b2-8a5deaa1effc,2024-08-08,M1,3.505
9d5c455d-8595-49b4-a6b2-8a5deaa1effc,2024-08-09,M1,3.1334
9d5c455d-8595-49b4-a6b2-8a5deaa1effc,2024-08-10,M1,2.8583
9d5c455d-8595-49b4-a6b2-8a5deaa1effc,2024-08-08,M2,14.5631
9d5c455d-8595-49b4-a6b2-8a5deaa1effc,2024-08-09,M2,13.0192
9d5c455d-8595-49b4-a6b2-8a5deaa1effc,2024-08-10,M2,11.8763
9d5c455d-8595-49b4-a6b2-8a5deaa1effc,2024-08-08,M3,65.2225
9d5c455d-8595-49b4-a6b2-8a5deaa1effc,2024-08-09,M3,58.308
9d5c455d-8595-49b4-a6b2-8a5deaa1effc,2024-08-10,M3,53.1892
9d5c455d-8595-49b4-a6b2-8a5deaa1effc,2024-08-08,M4,11.2619
9d5c455d-8595-49b4-a6b2-8a5deaa1effc,2024-08-09,M4,10.068
9d5c455d-8595-49b4-a6b2-8a5deaa1effc,2024-08-10,M4,9.1841
9d5c455d-8595-49b4-a6b2-8a5deaa1effc,2024-08-08,M5,5.9752
9d5c455d-8595-49b4-a6b2-8a5deaa1effc,2024-08-09,M5,5.3418
9d5c455d-8595-49b4-a6b2-8a5deaa1effc,2024-08-10,M5,4.8728
9dd431d8-21e2-4225-8c03-aff8fe726db4,2024-08-08,B1,2.0194
9dd431d8-21e2-4225-8c03-aff8fe726db4,2024-08-09,B1,1.648
9dd431d8-21e2-4225-8c03-aff8fe726db4,2024-08-10,B1,1.2807
9dd431d8-21e2-4225-8c03-aff8fe726db4,2024-08-08,B2,2.3072
9dd431d8-21e2-4225-8c03-aff8fe726db4,2024-08-09,B2,1.8829
9dd431d8-21e2-4225-8c03-aff8fe726db4,2024-08-10,B2,1.4632
9dd431d8-21e2-4225-8c03-aff8fe726db4,2024-08-08,B3,3.1746
9dd431d8-21e2-4225-8c03-aff8fe726db4,2024-08-09,B3,2.5907
9dd431d8-21e2-4225-8c03-aff8fe726db4,2024-08-10,B3,2.0132
9de8c74d-219a-41a3-943f-05780f46d629,2024-08-08,M1,2.6379
9de8c74d-219a-41a3-943f-05780f46d629,2024-08-09,M1,2.3582
9de8c74d-219a-41a3-943f-05780f46d629,2024-08-10,M1,2.1512
9de8c74d-219a-41a3-943f-05780f46d629,2024-08-08,M2,1.7676
9de8c74d-219a-41a3-943f-05780f46d629,2024-08-09,M2,1.5802
9de8c74d-219a-41a3-943f-05780f46d629,2024-08-10,M2,1.4415
9de8c74d-219a-41a3-943f-05780f46d629,2024-08-08,M3,3.9994
9de8c74d-219a-41a3-943f-05780f46d629,2024-08-09,M3,3.5754
9de8c74d-219a-41a3-943f-05780f46d629,2024-08-10,M3,3.2616
9de8c74d-219a-41a3-943f-05780f46d629,2024-08-08,M4,1.9344
9de8c74d-219a-41a3-943f-05780f46d629,2024-08-09,M4,1.7293
9de8c74d-219a-41a3-943f-05780f46d629,2024-08-10,M4,1.5775
9de8c74d-219a-41a3-943f-05780f46d629,2024-08-08,M5,3.1654
9de8c74d-219a-41a3-943f-05780f46d629,2024-08-09,M5,2.8298
9de8c74d-219a-41a3-943f-05780f46d629,2024-08-10,M5,2.5814
9f14b622-5248-4510-b26d-6a8613ee4dd7,2024-08-08,B3,3.7224
9f14b622-5248-4510-b26d-6a8613ee4dd7,2024-08-09,B3,3.0378
9f14b622-5248-4510-b26d-6a8613ee4dd7,2024-08-10,B3,2.3606
9f1540e3-af71-4433-8743-71e83b83223d,2024-08-08,M2,2.0141
9f1540e3-af71-4433-8743-71e83b83223d,2024-08-09,M2,1.8006
9f1540e3-af71-4433-8743-71e83b83223d,2024-08-10,M2,1.6425
9f1540e3-af71-4433-8743-71e83b83223d,2024-08-08,M3,4.0831
9f1540e3-af71-4433-8743-71e83b83223d,2024-08-09,M3,3.6503
9f1540e3-af71-4433-8743-71e83b83223d,2024-08-10,M3,3.3298
9f1540e3-af71-4433-8743-71e83b83223d,2024-08-08,M4,5.2757
9f1540e3-af71-4433-8743-71e83b83223d,2024-08-09,M4,4.7164
9f1540e3-af71-4433-8743-71e83b83223d,2024-08-10,M4,4.3024
9f1540e3-af71-4433-8743-71e83b83223d,2024-08-08,M5,3.1654
9f1540e3-af71-4433-8743-71e83b83223d,2024-08-09,M5,2.8298
9f1540e3-af71-4433-8743-71e83b83223d,2024-08-10,M5,2.5814
a0683e24-2930-4bdb-9a76-5667e77b32a7,2024-08-08,B1,1.1536
a0683e24-2930-4bdb-9a76-5667e77b32a7,2024-08-09,B1,0.9414
a0683e24-2930-4bdb-9a76-5667e77b32a7,2024-08-10,B1,0.7316
a0683e24-2930-4bdb-9a76-5667e77b32a7,2024-08-08,B3,2.274
a0683e24-2930-4bdb-9a76-5667e77b32a7,2024-08-09,B3,1.8558
a0683e24-2930-4bdb-9a76-5667e77b32a7,2024-08-10,B3,1.4421
a107678c-3bf5-4228-991f-fc50279b659d,2024-08-08,B1,2.1434
a107678c-3bf5-4228-991f-fc50279b659d,2024-08-09,B1,1.7492
a107678c-3bf5-4228-991f-fc50279b659d,2024-08-10,B1,1.3593
a107678c-3bf5-4228-991f-fc50279b659d,2024-08-08,B2,1.9771
a107678c-3bf5-4228-991f-fc50279b659d,2024-08-09,B2,1.6135
a107678c-3bf5-4228-991f-fc50279b659d,2024-08-10,B2,1.2538
a107678c-3bf5-4228-991f-fc50279b659d,2024-08-08,B3,3.2302
a107678c-3bf5-4228-991f-fc50279b659d,2024-08-09,B3,2.6361
a107678c-3bf5-4228-991f-fc50279b659d,2024-08-10,B3,2.0485
a12210ba-e3b9-4378-a36b-15dfbb214c6c,2024-08-08,B1,1.1536
a12210ba-e3b9-4378-a36b-15dfbb214c6c,2024-08-09,B1,0.9414
a12210ba-e3b9-4378-a36b-15dfbb214c6c,2024-08-10,B1,0.7316
a12210ba-e3b9-4378-a36b-15dfbb214c6c,2024-08-08,B2,2.3072
a12210ba-e3b9-4378-a36b-15dfbb214c6c,2024-08-09,B2,1.8829
a12210ba-e3b9-4378-a36b-15dfbb214c6c,2024-08-10,B2,1.4632
a12210ba-e3b9-4378-a36b-15dfbb214c6c,2024-08-08,B3,3.0503
a12210ba-e3b9-4378-a36b-15dfbb214c6c,2024-08-09,B3,2.4893
a12210ba-e3b9-4378-a36b-15dfbb214c6c,2024-08-10,B3,1.9344
a123a4eb-a5a3-49b4-af27-e027575056d0,2024-08-08,B1,1.8396
a123a4eb-a5a3-49b4-af27-e027575056d0,2024-08-09,B1,1.5013
a123a4eb-a5a3-49b4-af27-e027575056d0,2024-08-10,B1,1.1666
a123a4eb-a5a3-49b4-af27-e027575056d0,2024-08-08,B2,2.9312
a123a4eb-a5a3-49b4-af27-e027575056d0,2024-08-09,B2,2.3921
a123a4eb-a5a3-49b4-af27-e027575056d0,2024-08-10,B2,1.8589
a123a4eb-a5a3-49b4-af27-e027575056d0,2024-08-08,B3,14.3984
a123a4eb-a5a3-49b4-af27-e027575056d0,2024-08-09,B3,11.7503
a123a4eb-a5a3-49b4-af27-e027575056d0,2024-08-10,B3,9.1311
a15e732f-3f5a-4baf-8e8e-530ecd895687,2024-08-08,B1,2.1089
a15e732f-3f5a-4baf-8e8e-530ecd895687,2024-08-09,B1,1.721
a15e732f-3f5a-4baf-8e8e-530ecd895687,2024-08-10,B1,1.3374
a15e732f-3f5a-4baf-8e8e-530ecd895687,2024-08-08,B2,2.3368
a15e732f-3f5a-4baf-8e8e-530ecd895687,2024-08-09,B2,1.907
a15e732f-3f5a-4baf-8e8e-530ecd895687,2024-08-10,B2,1.4819
a15e732f-3f5a-4baf-8e8e-530ecd895687,2024-08-08,B3,8.7895
a15e732f-3f5a-4baf-8e8e-530ecd895687,2024-08-09,B3,7.173
a15e732f-3f5a-4baf-8e8e-530ecd895687,2024-08-10,B3,5.5741
a1cbfdd7-1aca-408a-a309-60636a601fba,2024-08-08,M1,3.1654
a1cbfdd7-1aca-408a-a309-60636a601fba,2024-08-09,M1,2.8298
a1cbfdd7-1aca-408a-a309-60636a601fba,2024-08-10,M1,2.5814
a1cbfdd7-1aca-408a-a309-60636a601fba,2024-08-08,M2,2.69
a1cbfdd7-1aca-408a-a309-60636a601fba,2024-08-09,M2,2.4048
a1cbfdd7-1aca-408a-a309-60636a601fba,2024-08-10,M2,2.1937
a1cbfdd7-1aca-408a-a309-60636a601fba,2024-08-08,M3,5.017
a1cbfdd7-1aca-408a-a309-60636a601fba,2024-08-09,M3,4.4851
a1cbfdd7-1aca-408a-a309-60636a601fba,2024-08-10,M3,4.0914
a1cbfdd7-1aca-408a-a309-60636a601fba,2024-08-08,M4,1.8715
a1cbfdd7-1aca-408a-a309-60636a601fba,2024-08-09,M4,1.6731
a1cbfdd7-1aca-408a-a309-60636a601fba,2024-08-10,M4,1.5262
a1cbfdd7-1aca-408a-a309-60636a601fba,2024-08-08,M5,1.0551
a1cbfdd7-1aca-408a-a309-60636a601fba,2024-08-09,M5,0.9433
a1cbfdd7-1aca-408a-a309-60636a601fba,2024-08-10,M5,0.8605
a1d67c5c-ac77-4a3d-ba96-dcc52acd5a5d,2024-08-08,M3,2.1103
a1d67c5c-ac77-4a3d-ba96-dcc52acd5a5d,2024-08-09,M3,1.8866
a1d67c5c-ac77-4a3d-ba96-dcc52acd5a5d,2024-08-10,M3,1.7209
a1e1038b-5b66-42b4-aa91-65b7567265e5,2024-08-08,M1,1.0551
a1e1038b-5b66-42b4-aa91-65b7567265e5,2024-08-09,M1,0.9433
a1e1038b-5b66-42b4-aa91-65b7567265e5,2024-08-10,M1,0.8605
a1e1038b-5b66-42b4-aa91-65b7567265e5,2024-08-08,M2,4.4592
a1e1038b-5b66-42b4-aa91-65b7567265e5,2024-08-09,M2,3.9864
a1e1038b-5b66-42b4-aa91-65b7567265e5,2024-08-10,M2,3.6365
a1e1038b-5b66-42b4-aa91-65b7567265e5,2024-08-08,M3,11.8864
a1e1038b-5b66-42b4-aa91-65b7567265e5,2024-08-09,M3,10.6263
a1e1038b-5b66-42b4-aa91-65b7567265e5,2024-08-10,M3,9.6934
a1e1038b-5b66-42b4-aa91-65b7567265e5,2024-08-08,M4,4.861
a1e1038b-5b66-42b4-aa91-65b7567265e5,2024-08-09,M4,4.3456
a1e1038b-5b66-42b4-aa91-65b7567265e5,2024-08-10,M4,3.9641
a1e1038b-5b66-42b4-aa91-65b7567265e5,2024-08-08,M5,2.6379
a1e1038b-5b66-42b4-aa91-65b7567265e5,2024-08-09,M5,2.3582
a1e1038b-5b66-42b4-aa91-65b7567265e5,2024-08-10,M5,2.1512
a20cfa11-5a02-4695-9f6a-1cb286872b16,2024-08-08,B1,2.0413
a20cfa11-5a02-4695-9f6a-1cb286872b16,2024-08-09,B1,1.6658
a20cfa11-5a02-4695-9f6a-1cb286872b16,2024-08-10,B1,1.2945
a20cfa11-5a02-4695-9f6a-1cb286872b16,2024-08-08,B2,1.9776
a20cfa11-5a02-4695-9f6a-1cb286872b16,2024-08-09,B2,1.6139
a20cfa11-5a02-4695-9f6a-1cb286872b16,2024-08-10,B2,1.2541
a20cfa11-5a02-4695-9f6a-1cb286872b16,2024-08-08,B3,10.6093
a20cfa11-5a02-4695-9f6a-1cb286872b16,2024-08-09,B3,8.6581
a20cfa11-5a02-4695-9f6a-1cb286872b16,2024-08-10,B3,6.7281
a2c556a0-b5df-4415-ad76-5af89b1f6502,2024-08-08,B1,4.0376
a2c556a0-b5df-4415-ad76-5af89b1f6502,2024-08-09,B1,3.295
a2c556a0-b5df-4415-ad76-5af89b1f6502,2024-08-10,B1,2.5605
a2c556a0-b5df-4415-ad76-5af89b1f6502,2024-08-08,B2,2.0836
a2c556a0-b5df-4415-ad76-5af89b1f6502,2024-08-09,B2,1.7004
a2c556a0-b5df-4415-ad76-5af89b1f6502,2024-08-10,B2,1.3214
a2c556a0-b5df-4415-ad76-5af89b1f6502,2024-08-08,B3,4.3201
a2c556a0-b5df-4415-ad76-5af89b1f6502,2024-08-09,B3,3.5256
a2c556a0-b5df-4415-ad76-5af89b1f6502,2024-08-10,B3,2.7397
a3387667-d264-42b5-a1e2-d5e7284bc6fa,2024-08-08,B1,2.5486
a3387667-d264-42b5-a1e2-d5e7284bc6fa,2024-08-09,B1,2.0799
a3387667-d264-42b5-a1e2-d5e7284bc6fa,2024-08-10,B1,1.6163
a3387667-d264-42b5-a1e2-d5e7284bc6fa,2024-08-08,B2,3.4101
a3387667-d264-42b5-a1e2-d5e7284bc6fa,2024-08-09,B2,2.7829
a3387667-d264-42b5-a1e2-d5e7284bc6fa,2024-08-10,B2,2.1626
a3387667-d264-42b5-a1e2-d5e7284bc6fa,2024-08-08,B3,17.4873
a3387667-d264-42b5-a1e2-d5e7284bc6fa,2024-08-09,B3,14.2711
a3387667-d264-42b5-a1e2-d5e7284bc6fa,2024-08-10,B3,11.0899
a3909765-ac37-415f-bf3e-1d9ef4c949a4,2024-08-08,B1,4.6144
a3909765-ac37-415f-bf3e-1d9ef4c949a4,2024-08-09,B1,3.7657
a3909765-ac37-415f-bf3e-1d9ef4c949a4,2024-08-10,B1,2.9263
a3909765-ac37-415f-bf3e-1d9ef4c949a4,2024-08-08,B2,2.0763
a3909765-ac37-415f-bf3e-1d9ef4c949a4,2024-08-09,B2,1.6944
a3909765-ac37-415f-bf3e-1d9ef4c949a4,2024-08-10,B2,1.3167
a3909765-ac37-415f-bf3e-1d9ef4c949a4,2024-08-08,B3,6.7136
a3909765-ac37-415f-bf3e-1d9ef4c949a4,2024-08-09,B3,5.4788
a3909765-ac37-415f-bf3e-1d9ef4c949a4,2024-08-10,B3,4.2575
a44e91a1-9c31-427a-bfd9-b4159578b5b3,2024-08-08,M2,2.6379
a44e91a1-9c31-427a-bfd9-b4159578b5b3,2024-08-09,M2,2.3582
a44e91a1-9c31-427a-bfd9-b4159578b5b3,2024-08-10,M2,2.1512
a44e91a1-9c31-427a-bfd9-b4159578b5b3,2024-08-08,M3,1.7734
a44e91a1-9c31-427a-bfd9-b4159578b5b3,2024-08-09,M3,1.5854
a44e91a1-9c31-427a-bfd9-b4159578b5b3,2024-08-10,M3,1.4462
a44e91a1-9c31-427a-bfd9-b4159578b5b3,2024-08-08,M4,1.9481
a44e91a1-9c31-427a-bfd9-b4159578b5b3,2024-08-09,M4,1.7416
a44e91a1-9c31-427a-bfd9-b4159578b5b3,2024-08-10,M4,1.5887
a48a1872-2b9d-4193-8bc8-516a125d32a6,2024-08-08,B1,2.0107
a48a1872-2b9d-4193-8bc8-516a125d32a6,2024-08-09,B1,1.6409
a48a1872-2b9d-4193-8bc8-516a125d32a6,2024-08-10,B1,1.2751
a48a1872-2b9d-4193-8bc8-516a125d32a6,2024-08-08,B2,1.9794
a48a1872-2b9d-4193-8bc8-516a125d32a6,2024-08-09,B2,1.6154
a48a1872-2b9d-4193-8bc8-516a125d32a6,2024-08-10,B2,1.2553
a48a1872-2b9d-4193-8bc8-516a125d32a6,2024-08-08,B3,4.7551
a48a1872-2b9d-4193-8bc8-516a125d32a6,2024-08-09,B3,3.8805
a48a1872-2b9d-4193-8bc8-516a125d32a6,2024-08-10,B3,3.0155
a52bd43b-0112-4e56-9994-7276bc471fec,2024-08-08,M2,1.9653
a52bd43b-0112-4e56-9994-7276bc471fec,2024-08-09,M2,1.757
a52bd43b-0112-4e56-9994-7276bc471fec,2024-08-10,M2,1.6027
a52bd43b-0112-4e56-9994-7276bc471fec,2024-08-08,M3,2.3723
a52bd43b-0112-4e56-9994-7276bc471fec,2024-08-09,M3,2.1208
a52bd43b-0112-4e56-9994-7276bc471fec,2024-08-10,M3,1.9346
a52bd43b-0112-4e56-9994-7276bc471fec,2024-08-08,M4,2.333
a52bd43b-0112-4e56-9994-7276bc471fec,2024-08-09,M4,2.0857
a52bd43b-0112-4e56-9994-7276bc471fec,2024-08-10,M4,1.9026
a52bd43b-0112-4e56-9994-7276bc471fec,2024-08-08,M5,1.5827
a52bd43b-0112-4e56-9994-7276bc471fec,2024-08-09,M5,1.4149
a52bd43b-0112-4e56-9994-7276bc471fec,2024-08-10,M5,1.2907
a538a645-14df-4950-813a-b4726db9e78f,2024-08-08,M2,3.2392
a538a645-14df-4950-813a-b4726db9e78f,2024-08-09,M2,2.8958
a538a645-14df-4950-813a-b4726db9e78f,2024-08-10,M2,2.6416
a538a645-14df-4950-813a-b4726db9e78f,2024-08-08,M3,3.1463
a538a645-14df-4950-813a-b4726db9e78f,2024-08-09,M3,2.8128
a538a645-14df-4950-813a-b4726db9e78f,2024-08-10,M3,2.5659
a538a645-14df-4950-813a-b4726db9e78f,2024-08-08,M4,1.7192
a538a645-14df-4950-813a-b4726db9e78f,2024-08-09,M4,1.5369
a538a645-14df-4950-813a-b4726db9e78f,2024-08-10,M4,1.402
a538a645-14df-4950-813a-b4726db9e78f,2024-08-08,M5,1.7203
a538a645-14df-4950-813a-b4726db9e78f,2024-08-09,M5,1.5379
a538a645-14df-4950-813a-b4726db9e78f,2024-08-10,M5,1.4029
a56443af-f29f-4046-a992-b9b0c3336bf6,2024-08-08,B1,1.1536
a56443af-f29f-4046-a992-b9b0c3336bf6,2024-08-09,B1,0.9414
a56443af-f29f-4046-a992-b9b0c3336bf6,2024-08-10,B1,0.7316
a56443af-f29f-4046-a992-b9b0c3336bf6,2024-08-08,B2,3.4608
a56443af-f29f-4046-a992-b9b0c3336bf6,2024-08-09,B2,2.8243
a56443af-f29f-4046-a992-b9b0c3336bf6,2024-08-10,B2,2.1947
a56443af-f29f-4046-a992-b9b0c3336bf6,2024-08-08,B3,3.1193
a56443af-f29f-4046-a992-b9b0c3336bf6,2024-08-09,B3,2.5456
a56443af-f29f-4046-a992-b9b0c3336bf6,2024-08-10,B3,1.9782
a5805c85-27f9-4663-a061-474c4064a0ac,2024-08-08,M1,3.2593
a5805c85-27f9-4663-a061-474c4064a0ac,2024-08-09,M1,2.9137
a5805c85-27f9-4663-a061-474c4064a0ac,2024-08-10,M1,2.658
a5805c85-27f9-4663-a061-474c4064a0ac,2024-08-08,M2,8.3824
a5805c85-27f9-4663-a061-474c4064a0ac,2024-08-09,M2,7.4937
a5805c85-27f9-4663-a061-474c4064a0ac,2024-08-10,M2,6.8358
a5805c85-27f9-4663-a061-474c4064a0ac,2024-08-08,M3,18.1081
a5805c85-27f9-4663-a061-474c4064a0ac,2024-08-09,M3,16.1884
a5805c85-27f9-4663-a061-474c4064a0ac,2024-08-10,M3,14.7672
a5805c85-27f9-4663-a061-474c4064a0ac,2024-08-08,M4,5.5881
a5805c85-27f9-4663-a061-474c4064a0ac,2024-08-09,M4,4.9957
a5805c85-27f9-4663-a061-474c4064a0ac,2024-08-10,M4,4.5572
a5805c85-27f9-4663-a061-474c4064a0ac,2024-08-08,M5,3.5682
a5805c85-27f9-4663-a061-474c4064a0ac,2024-08-09,M5,3.1899
a5805c85-27f9-4663-a061-474c4064a0ac,2024-08-10,M5,2.9099
a5f73409-a308-4e43-94a0-e8e2d092ace8,2024-08-08,B1,3.158
a5f73409-a308-4e43-94a0-e8e2d092ace8,2024-08-09,B1,2.5772
a5f73409-a308-4e43-94a0-e8e2d092ace8,2024-08-10,B1,2.0027
a5f73409-a308-4e43-94a0-e8e2d092ace8,2024-08-08,B2,3.2233
a5f73409-a308-4e43-94a0-e8e2d092ace8,2024-08-09,B2,2.6305
a5f73409-a308-4e43-94a0-e8e2d092ace8,2024-08-10,B2,2.0441
a5f73409-a308-4e43-94a0-e8e2d092ace8,2024-08-08,B3,10.0868
a5f73409-a308-4e43-94a0-e8e2d092ace8,2024-08-09,B3,8.2317
a5f73409-a308-4e43-94a0-e8e2d092ace8,2024-08-10,B3,6.3968
a603c3ad-c9c5-43cf-9e44-da2b480ef30f,2024-08-08,M1,2.5608
a603c3ad-c9c5-43cf-9e44-da2b480ef30f,2024-08-09,M1,2.2893
a603c3ad-c9c5-43cf-9e44-da2b480ef30f,2024-08-10,M1,2.0884
a603c3ad-c9c5-43cf-9e44-da2b480ef30f,2024-08-08,M2,5.7775
a603c3ad-c9c5-43cf-9e44-da2b480ef30f,2024-08-09,M2,5.165
a603c3ad-c9c5-43cf-9e44-da2b480ef30f,2024-08-10,M2,4.7116
a603c3ad-c9c5-43cf-9e44-da2b480ef30f,2024-08-08,M3,12.1543
a603c3ad-c9c5-43cf-9e44-da2b480ef30f,2024-08-09,M3,10.8657
a603c3ad-c9c5-43cf-9e44-da2b480ef30f,2024-08-10,M3,9.9119
a603c3ad-c9c5-43cf-9e44-da2b480ef30f,2024-08-08,M4,2.6633
a603c3ad-c9c5-43cf-9e44-da2b480ef30f,2024-08-09,M4,2.381
a603c3ad-c9c5-43cf-9e44-da2b480ef30f,2024-08-10,M4,2.172
a603c3ad-c9c5-43cf-9e44-da2b480ef30f,2024-08-08,M5,2.0347
a603c3ad-c9c5-43cf-9e44-da2b480ef30f,2024-08-09,M5,1.819
a603c3ad-c9c5-43cf-9e44-da2b480ef30f,2024-08-10,M5,1.6593
a611efd2-8363-44cd-9b93-97bcbab1050b,2024-08-08,B1,2.3072
a611efd2-8363-44cd-9b93-97bcbab1050b,2024-08-09,B1,1.8829
a611efd2-8363-44cd-9b93-97bcbab1050b,2024-08-10,B1,1.4632
a611efd2-8363-44cd-9b93-97bcbab1050b,2024-08-08,B3,5.3616
a611efd2-8363-44cd-9b93-97bcbab1050b,2024-08-09,B3,4.3755
a611efd2-8363-44cd-9b93-97bcbab1050b,2024-08-10,B3,3.4002
a616f9b8-8de9-4a9c-a35c-b65fe6e91be7,2024-08-08,B1,1.8054
a616f9b8-8de9-4a9c-a35c-b65fe6e91be7,2024-08-09,B1,1.4734
a616f9b8-8de9-4a9c-a35c-b65fe6e91be7,2024-08-10,B1,1.1449
a616f9b8-8de9-4a9c-a35c-b65fe6e91be7,2024-08-08,B2,3.5278
a616f9b8-8de9-4a9c-a35c-b65fe6e91be7,2024-08-09,B2,2.879
a616f9b8-8de9-4a9c-a35c-b65fe6e91be7,2024-08-10,B2,2.2373
a616f9b8-8de9-4a9c-a35c-b65fe6e91be7,2024-08-08,B3,15.08
a616f9b8-8de9-4a9c-a35c-b65fe6e91be7,2024-08-09,B3,12.3066
a616f9b8-8de9-4a9c-a35c-b65fe6e91be7,2024-08-10,B3,9.5633
a64973fc-ad2b-4bb9-95fa-2d3892bc7f49,2024-08-08,B1,1.9951
a64973fc-ad2b-4bb9-95fa-2d3892bc7f49,2024-08-09,B1,1.6282
a64973fc-ad2b-4bb9-95fa-2d3892bc7f49,2024-08-10,B1,1.2652
a64973fc-ad2b-4bb9-95fa-2d3892bc7f49,2024-08-08,B2,3.1213
a64973fc-ad2b-4bb9-95fa-2d3892bc7f49,2024-08-09,B2,2.5473
a64973fc-ad2b-4bb9-95fa-2d3892bc7f49,2024-08-10,B2,1.9795
a64973fc-ad2b-4bb9-95fa-2d3892bc7f49,2024-08-08,B3,7.3856
a64973fc-ad2b-4bb9-95fa-2d3892bc7f49,2024-08-09,B3,6.0272
a64973fc-ad2b-4bb9-95fa-2d3892bc7f49,2024-08-10,B3,4.6837
a64e1095-a88f-4b54-af94-b62d57760b54,2024-08-08,B1,2.1223
a64e1095-a88f-4b54-af94-b62d57760b54,2024-08-09,B1,1.732
a64e1095-a88f-4b54-af94-b62d57760b54,2024-08-10,B1,1.3459
a64e1095-a88f-4b54-af94-b62d57760b54,2024-08-08,B2,3.1848
a64e1095-a88f-4b54-af94-b62d57760b54,2024-08-09,B2,2.599
a64e1095-a88f-4b54-af94-b62d57760b54,2024-08-10,B2,2.0197
a64e1095-a88f-4b54-af94-b62d57760b54,2024-08-08,B3,12.11
a64e1095-a88f-4b54-af94-b62d57760b54,2024-08-09,B3,9.8828
a64e1095-a88f-4b54-af94-b62d57760b54,2024-08-10,B3,7.6798
a6c58496-e0a1-4b13-ab95-633114862132,2024-08-08,M1,1.0551
a6c58496-e0a1-4b13-ab95-633114862132,2024-08-09,M1,0.9433
a6c58496-e0a1-4b13-ab95-633114862132,2024-08-10,M1,0.8605
a6c58496-e0a1-4b13-ab95-633114862132,2024-08-08,M3,1.9642
a6c58496-e0a1-4b13-ab95-633114862132,2024-08-09,M3,1.756
a6c58496-e0a1-4b13-ab95-633114862132,2024-08-10,M3,1.6018
a7733c30-f8b3-45e7-b0c2-3dedaba7e563,2024-08-08,M1,1.7381
a7733c30-f8b3-45e7-b0c2-3dedaba7e563,2024-08-09,M1,1.5538
a7733c30-f8b3-45e7-b0c2-3dedaba7e563,2024-08-10,M1,1.4174
a7733c30-f8b3-45e7-b0c2-3dedaba7e563,2024-08-08,M2,2.6475
a7733c30-f8b3-45e7-b0c2-3dedaba7e563,2024-08-09,M2,2.3669
a7733c30-f8b3-45e7-b0c2-3dedaba7e563,2024-08-10,M2,2.1591
a7733c30-f8b3-45e7-b0c2-3dedaba7e563,2024-08-08,M3,5.3098
a7733c30-f8b3-45e7-b0c2-3dedaba7e563,2024-08-09,M3,4.7469
a7733c30-f8b3-45e7-b0c2-3dedaba7e563,2024-08-10,M3,4.3302
a7733c30-f8b3-45e7-b0c2-3dedaba7e563,2024-08-08,M4,2.0207
a7733c30-f8b3-45e7-b0c2-3dedaba7e563,2024-08-09,M4,1.8065
a7733c30-f8b3-45e7-b0c2-3dedaba7e563,2024-08-10,M4,1.6479
a7733c30-f8b3-45e7-b0c2-3dedaba7e563,2024-08-08,M5,2.1103
a7733c30-f8b3-45e7-b0c2-3dedaba7e563,2024-08-09,M5,1.8866
a7733c30-f8b3-45e7-b0c2-3dedaba7e563,2024-08-10,M5,1.7209
a7b64ea0-83c8-4b03-8ed2-3cea885dd0e5,2024-08-08,M1,7.9136
a7b64ea0-83c8-4b03-8ed2-3cea885dd0e5,2024-08-09,M1,7.0746
a7b64ea0-83c8-4b03-8ed2-3cea885dd0e5,2024-08-10,M1,6.4536
a7b64ea0-83c8-4b03-8ed2-3cea885dd0e5,2024-08-08,M2,1.0551
a7b64ea0-83c8-4b03-8ed2-3cea885dd0e5,2024-08-09,M2,0.9433
a7b64ea0-83c8-4b03-8ed2-3cea885dd0e5,2024-08-10,M2,0.8605
a7b64ea0-83c8-4b03-8ed2-3cea885dd0e5,2024-08-08,M3,1.6636
a7b64ea0-83c8-4b03-8ed2-3cea885dd0e5,2024-08-09,M3,1.4872
a7b64ea0-83c8-4b03-8ed2-3cea885dd0e5,2024-08-10,M3,1.3567
a7e307ca-9109-434c-88ff-581fe3facbb2,2024-08-08,B3,2.3072
a7e307ca-9109-434c-88ff-581fe3facbb2,2024-08-09,B3,1.8829
a7e307ca-9109-434c-88ff-581fe3facbb2,2024-08-10,B3,1.4632
a86700a9-ed88-4b69-91ed-7303c388a175,2024-08-08,B1,2.0504
a86700a9-ed88-4b69-91ed-7303c388a175,2024-08-09,B1,1.6733
a86700a9-ed88-4b69-91ed-7303c388a175,2024-08-10,B1,1.3003
a86700a9-ed88-4b69-91ed-7303c388a175,2024-08-08,B2,1.1536
a86700a9-ed88-4b69-91ed-7303c388a175,2024-08-09,B2,0.9414
a86700a9-ed88-4b69-91ed-7303c388a175,2024-08-10,B2,0.7316
a86700a9-ed88-4b69-91ed-7303c388a175,2024-08-08,B3,4.9773
a86700a9-ed88-4b69-91ed-7303c388a175,2024-08-09,B3,4.0619
a86700a9-ed88-4b69-91ed-7303c388a175,2024-08-10,B3,3.1564
a8e587fa-dc03-4c59-b727-8c63bdb4f328,2024-08-08,B3,2.0153
a8e587fa-dc03-4c59-b727-8c63bdb4f328,2024-08-09,B3,1.6446
a8e587fa-dc03-4c59-b727-8c63bdb4f328,2024-08-10,B3,1.278
a9194c40-a168-4658-b8db-0dcd089f2bf3,2024-08-08,B1,1.9535
a9194c40-a168-4658-b8db-0dcd089f2bf3,2024-08-09,B1,1.5942
a9194c40-a168-4658-b8db-0dcd089f2bf3,2024-08-10,B1,1.2388
a9194c40-a168-4658-b8db-0dcd089f2bf3,2024-08-08,B2,2.884
a9194c40-a168-4658-b8db-0dcd089f2bf3,2024-08-09,B2,2.3536
a9194c40-a168-4658-b8db-0dcd089f2bf3,2024-08-10,B2,1.8289
a9194c40-a168-4658-b8db-0dcd089f2bf3,2024-08-08,B3,1.9528
a9194c40-a168-4658-b8db-0dcd089f2bf3,2024-08-09,B3,1.5936
a9194c40-a168-4658-b8db-0dcd089f2bf3,2024-08-10,B3,1.2384
a91f5680-e0c4-4a01-95bc-6e4a5100a22c,2024-08-08,B1,3.4608
a91f5680-e0c4-4a01-95bc-6e4a5100a22c,2024-08-09,B1,2.8243
a91f5680-e0c4-4a01-95bc-6e4a5100a22c,2024-08-10,B1,2.1947
a91f5680-e0c4-4a01-95bc-6e4a5100a22c,2024-08-08,B2,2.1306
a91f5680-e0c4-4a01-95bc-6e4a5100a22c,2024-08-09,B2,1.7388
a91f5680-e0c4-4a01-95bc-6e4a5100a22c,2024-08-10,B2,1.3512
a91f5680-e0c4-4a01-95bc-6e4a5100a22c,2024-08-08,B3,2.8712
a91f5680-e0c4-4a01-95bc-6e4a5100a22c,2024-08-09,B3,2.3431
a91f5680-e0c4-4a01-95bc-6e4a5100a22c,2024-08-10,B3,1.8208
a98dae37-9ba9-45c7-b206-3cbb54d4d880,2024-08-08,B2,1.1536
a98dae37-9ba9-45c7-b206-3cbb54d4d880,2024-08-09,B2,0.9414
a98dae37-9ba9-45c7-b206-3cbb54d4d880,2024-08-10,B2,0.7316
a98dae37-9ba9-45c7-b206-3cbb54d4d880,2024-08-08,B3,2.3
a98dae37-9ba9-45c7-b206-3cbb54d4d880,2024-08-09,B3,1.877
a98dae37-9ba9-45c7-b206-3cbb54d4d880,2024-08-10,B3,1.4586
a9a7f4ee-aabc-4b9c-8535-ed8f21137ec8,2024-08-08,M1,1.9117
a9a7f4ee-aabc-4b9c-8535-ed8f21137ec8,2024-08-09,M1,1.709
a9a7f4ee-aabc-4b9c-8535-ed8f21137ec8,2024-08-10,M1,1.559
a9a7f4ee-aabc-4b9c-8535-ed8f21137ec8,2024-08-08,M2,3.036
a9a7f4ee-aabc-4b9c-8535-ed8f21137ec8,2024-08-09,M2,2.7142
a9a7f4ee-aabc-4b9c-8535-ed8f21137ec8,2024-08-10,M2,2.4759
a9a7f4ee-aabc-4b9c-8535-ed8f21137ec8,2024-08-08,M3,5.5321
a9a7f4ee-aabc-4b9c-8535-ed8f21137ec8,2024-08-09,M3,4.9456
a9a7f4ee-aabc-4b9c-8535-ed8f21137ec8,2024-08-10,M3,4.5115
a9a7f4ee-aabc-4b9c-8535-ed8f21137ec8,2024-08-08,M4,1.9345
a9a7f4ee-aabc-4b9c-8535-ed8f21137ec8,2024-08-09,M4,1.7294
a9a7f4ee-aabc-4b9c-8535-ed8f21137ec8,2024-08-10,M4,1.5776
a9a7f4ee-aabc-4b9c-8535-ed8f21137ec8,2024-08-08,M5,1.9894
a9a7f4ee-aabc-4b9c-8535-ed8f21137ec8,2024-08-09,M5,1.7785
a9a7f4ee-aabc-4b9c-8535-ed8f21137ec8,2024-08-10,M5,1.6224
a9b8dd1e-efd3-4bc0-b401-4bd13012193b,2024-08-08,B1,5.768
a9b8dd1e-efd3-4bc0-b401-4bd13012193b,2024-08-09,B1,4.7072
a9b8dd1e-efd3-4bc0-b401-4bd13012193b,2024-08-10,B1,3.6579
a9b8dd1e-efd3-4bc0-b401-4bd13012193b,2024-08-08,B2,10.3824
a9b8dd1e-efd3-4bc0-b401-4bd13012193b,2024-08-09,B2,8.4729
a9b8dd1e-efd3-4bc0-b401-4bd13012193b,2024-08-10,B2,6.5842
a9b8dd1e-efd3-4bc0-b401-4bd13012193b,2024-08-08,B3,43.8367
a9b8dd1e-efd3-4bc0-b401-4bd13012193b,2024-08-09,B3,35.7745
a9b8dd1e-efd3-4bc0-b401-4bd13012193b,2024-08-10,B3,27.8
aa206a3d-3a95-4d4c-883f-959c083d7dac,2024-08-08,M1,2.0967
aa206a3d-3a95-4d4c-883f-959c083d7dac,2024-08-09,M1,1.8745
aa206a3d-3a95-4d4c-883f-959c083d7dac,2024-08-10,M1,1.7099
aa206a3d-3a95-4d4c-883f-959c083d7dac,2024-08-08,M2,6.8584
aa206a3d-3a95-4d4c-883f-959c083d7dac,2024-08-09,M2,6.1313
aa206a3d-3a95-4d4c-883f-959c083d7dac,2024-08-10,M2,5.5931
aa206a3d-3a95-4d4c-883f-959c083d7dac,2024-08-08,M3,3.8186
aa206a3d-3a95-4d4c-883f-959c083d7dac,2024-08-09,M3,3.4138
aa206a3d-3a95-4d4c-883f-959c083d7dac,2024-08-10,M3,3.1141
aa206a3d-3a95-4d4c-883f-959c083d7dac,2024-08-08,M4,2.0738
aa206a3d-3a95-4d4c-883f-959c083d7dac,2024-08-09,M4,1.854
aa206a3d-3a95-4d4c-883f-959c083d7dac,2024-08-10,M4,1.6912
aa206a3d-3a95-4d4c-883f-959c083d7dac,2024-08-08,M5,1.5827
aa206a3d-3a95-4d4c-883f-959c083d7dac,2024-08-09,M5,1.4149
aa206a3d-3a95-4d4c-883f-959c083d7dac,2024-08-10,M5,1.2907
aaf3bb2b-e3a0-4b6f-9670-796006fb77d4,2024-08-08,M3,1.95
aaf3bb2b-e3a0-4b6f-9670-796006fb77d4,2024-08-09,M3,1.7433
aaf3bb2b-e3a0-4b6f-9670-796006fb77d4,2024-08-10,M3,1.5902
ab545dc1-b104-49aa-a2f2-6f437ef8003b,2024-08-08,B2,2.3072
ab545dc1-b104-49aa-a2f2-6f437ef8003b,2024-08-09,B2,1.8829
ab545dc1-b104-49aa-a2f2-6f437ef8003b,2024-08-10,B2,1.4632
ab545dc1-b104-49aa-a2f2-6f437ef8003b,2024-08-08,B3,4.6144
ab545dc1-b104-49aa-a2f2-6f437ef8003b,2024-08-09,B3,3.7657
ab545dc1-b104-49aa-a2f2-6f437ef8003b,2024-08-10,B3,2.9263
aba3a80a-f882-4b12-ac90-b190102d2dce,2024-08-08,M1,4.0128
aba3a80a-f882-4b12-ac90-b190102d2dce,2024-08-09,M1,3.5874
aba3a80a-f882-4b12-ac90-b190102d2dce,2024-08-10,M1,3.2725
aba3a80a-f882-4b12-ac90-b190102d2dce,2024-08-08,M2,5.9796
aba3a80a-f882-4b12-ac90-b190102d2dce,2024-08-09,M2,5.3457
aba3a80a-f882-4b12-ac90-b190102d2dce,2024-08-10,M2,4.8764
aba3a80a-f882-4b12-ac90-b190102d2dce,2024-08-08,M3,9.5638
aba3a80a-f882-4b12-ac90-b190102d2dce,2024-08-09,M3,8.5499
aba3a80a-f882-4b12-ac90-b190102d2dce,2024-08-10,M3,7.7993
aba3a80a-f882-4b12-ac90-b190102d2dce,2024-08-08,M4,3.4691
aba3a80a-f882-4b12-ac90-b190102d2dce,2024-08-09,M4,3.1014
aba3a80a-f882-4b12-ac90-b190102d2dce,2024-08-10,M4,2.8291
aba3a80a-f882-4b12-ac90-b190102d2dce,2024-08-08,M5,3.8857
aba3a80a-f882-4b12-ac90-b190102d2dce,2024-08-09,M5,3.4738
aba3a80a-f882-4b12-ac90-b190102d2dce,2024-08-10,M5,3.1688
aba3c40a-a666-46ad-b61c-40b2b78ce41d,2024-08-08,B1,2.2175
aba3c40a-a666-46ad-b61c-40b2b78ce41d,2024-08-09,B1,1.8097
aba3c40a-a666-46ad-b61c-40b2b78ce41d,2024-08-10,B1,1.4063
aba3c40a-a666-46ad-b61c-40b2b78ce41d,2024-08-08,B2,2.0236
aba3c40a-a666-46ad-b61c-40b2b78ce41d,2024-08-09,B2,1.6515
aba3c40a-a666-46ad-b61c-40b2b78ce41d,2024-08-10,B2,1.2833
aba3c40a-a666-46ad-b61c-40b2b78ce41d,2024-08-08,B3,2.7076
aba3c40a-a666-46ad-b61c-40b2b78ce41d,2024-08-09,B3,2.2096
aba3c40a-a666-46ad-b61c-40b2b78ce41d,2024-08-10,B3,1.7171
abb2b220-31a5-416b-ad8d-412dac5a03b0,2024-08-08,B1,2.9222
abb2b220-31a5-416b-ad8d-412dac5a03b0,2024-08-09,B1,2.3848
abb2b220-31a5-416b-ad8d-412dac5a03b0,2024-08-10,B1,1.8532
abb2b220-31a5-416b-ad8d-412dac5a03b0,2024-08-08,B2,2.7814
abb2b220-31a5-416b-ad8d-412dac5a03b0,2024-08-09,B2,2.2699
abb2b220-31a5-416b-ad8d-412dac5a03b0,2024-08-10,B2,1.7639
abb2b220-31a5-416b-ad8d-412dac5a03b0,2024-08-08,B3,14.9283
abb2b220-31a5-416b-ad8d-412dac5a03b0,2024-08-09,B3,12.1827
abb2b220-31a5-416b-ad8d-412dac5a03b0,2024-08-10,B3,9.4671
abb46cd5-bf31-431c-a883-e415ea3deba6,2024-08-08,B1,2.3072
abb46cd5-bf31-431c-a883-e415ea3deba6,2024-08-09,B1,1.8829
abb46cd5-bf31-431c-a883-e415ea3deba6,2024-08-10,B1,1.4632
abb46cd5-bf31-431c-a883-e415ea3deba6,2024-08-08,B3,2.1374
abb46cd5-bf31-431c-a883-e415ea3deba6,2024-08-09,B3,1.7443
abb46cd5-bf31-431c-a883-e415ea3deba6,2024-08-10,B3,1.3555
abe3f261-1304-4340-9995-b5f007a91bf2,2024-08-08,B1,2.1028
abe3f261-1304-4340-9995-b5f007a91bf2,2024-08-09,B1,1.7161
abe3f261-1304-4340-9995-b5f007a91bf2,2024-08-10,B1,1.3335
abe3f261-1304-4340-9995-b5f007a91bf2,2024-08-08,B2,2.247
abe3f261-1304-4340-9995-b5f007a91bf2,2024-08-09,B2,1.8338
abe3f261-1304-4340-9995-b5f007a91bf2,2024-08-10,B2,1.425
abe3f261-1304-4340-9995-b5f007a91bf2,2024-08-08,B3,4.59
abe3f261-1304-4340-9995-b5f007a91bf2,2024-08-09,B3,3.7458
abe3f261-1304-4340-9995-b5f007a91bf2,2024-08-10,B3,2.9108
ac4f4213-3595-4956-980b-794ca63c9fe0,2024-08-08,M1,1.8613
ac4f4213-3595-4956-980b-794ca63c9fe0,2024-08-09,M1,1.6639
ac4f4213-3595-4956-980b-794ca63c9fe0,2024-08-10,M1,1.5179
ac4f4213-3595-4956-980b-794ca63c9fe0,2024-08-08,M2,5.1637
ac4f4213-3595-4956-980b-794ca63c9fe0,2024-08-09,M2,4.6163
ac4f4213-3595-4956-980b-794ca63c9fe0,2024-08-10,M2,4.2111
ac4f4213-3595-4956-980b-794ca63c9fe0,2024-08-08,M3,5.5905
ac4f4213-3595-4956-980b-794ca63c9fe0,2024-08-09,M3,4.9979
ac4f4213-3595-4956-980b-794ca63c9fe0,2024-08-10,M3,4.5591
ac4f4213-3595-4956-980b-794ca63c9fe0,2024-08-08,M4,2.7437
ac4f4213-3595-4956-980b-794ca63c9fe0,2024-08-09,M4,2.4528
ac4f4213-3595-4956-980b-794ca63c9fe0,2024-08-10,M4,2.2375
ac4f4213-3595-4956-980b-794ca63c9fe0,2024-08-08,M5,3.2487
ac4f4213-3595-4956-980b-794ca63c9fe0,2024-08-09,M5,2.9043
ac4f4213-3595-4956-980b-794ca63c9fe0,2024-08-10,M5,2.6493
ad9a2584-8e9b-43c0-84fb-e40959b1376f,2024-08-08,B1,3.3177
ad9a2584-8e9b-43c0-84fb-e40959b1376f,2024-08-09,B1,2.7075
ad9a2584-8e9b-43c0-84fb-e40959b1376f,2024-08-10,B1,2.104
ad9a2584-8e9b-43c0-84fb-e40959b1376f,2024-08-08,B2,2.9258
ad9a2584-8e9b-43c0-84fb-e40959b1376f,2024-08-09,B2,2.3877
ad9a2584-8e9b-43c0-84fb-e40959b1376f,2024-08-10,B2,1.8555
ad9a2584-8e9b-43c0-84fb-e40959b1376f,2024-08-08,B3,13.3918
ad9a2584-8e9b-43c0-84fb-e40959b1376f,2024-08-09,B3,10.9289
ad9a2584-8e9b-43c0-84fb-e40959b1376f,2024-08-10,B3,8.4927
adbad154-f6e9-4bd7-a329-e62251795fdb,2024-08-08,M1,1.0551
adbad154-f6e9-4bd7-a329-e62251795fdb,2024-08-09,M1,0.9433
adbad154-f6e9-4bd7-a329-e62251795fdb,2024-08-10,M1,0.8605
adbad154-f6e9-4bd7-a329-e62251795fdb,2024-08-08,M2,2.159
adbad154-f6e9-4bd7-a329-e62251795fdb,2024-08-09,M2,1.9301
adbad154-f6e9-4bd7-a329-e62251795fdb,2024-08-10,M2,1.7607
adbad154-f6e9-4bd7-a329-e62251795fdb,2024-08-08,M3,4.9225
adbad154-f6e9-4bd7-a329-e62251795fdb,2024-08-09,M3,4.4007
adbad154-f6e9-4bd7-a329-e62251795fdb,2024-08-10,M3,4.0144
adbad154-f6e9-4bd7-a329-e62251795fdb,2024-08-08,M4,2.2967
adbad154-f6e9-4bd7-a329-e62251795fdb,2024-08-09,M4,2.0532
adbad154-f6e9-4bd7-a329-e62251795fdb,2024-08-10,M4,1.8729
adbad154-f6e9-4bd7-a329-e62251795fdb,2024-08-08,M5,31.6543
adbad154-f6e9-4bd7-a329-e62251795fdb,2024-08-09,M5,28.2985
adbad154-f6e9-4bd7-a329-e62251795fdb,2024-08-10,M5,25.8142
adbb87bf-c9c6-42c9-8b72-20efdc24dd38,2024-08-08,M2,1.5827
adbb87bf-c9c6-42c9-8b72-20efdc24dd38,2024-08-09,M2,1.4149
adbb87bf-c9c6-42c9-8b72-20efdc24dd38,2024-08-10,M2,1.2907
adbb87bf-c9c6-42c9-8b72-20efdc24dd38,2024-08-08,M3,1.9383
adbb87bf-c9c6-42c9-8b72-20efdc24dd38,2024-08-09,M3,1.7329
adbb87bf-c9c6-42c9-8b72-20efdc24dd38,2024-08-10,M3,1.5807
adbb87bf-c9c6-42c9-8b72-20efdc24dd38,2024-08-08,M5,2.1103
adbb87bf-c9c6-42c9-8b72-20efdc24dd38,2024-08-09,M5,1.8866
adbb87bf-c9c6-42c9-8b72-20efdc24dd38,2024-08-10,M5,1.7209
adca6c25-4a80-4ffc-b0aa-30b6fde0aa35,2024-08-08,B1,2.884
adca6c25-4a80-4ffc-b0aa-30b6fde0aa35,2024-08-09,B1,2.3536
adca6c25-4a80-4ffc-b0aa-30b6fde0aa35,2024-08-10,B1,1.8289
adca6c25-4a80-4ffc-b0aa-30b6fde0aa35,2024-08-08,B3,2.3345
adca6c25-4a80-4ffc-b0aa-30b6fde0aa35,2024-08-09,B3,1.9051
adca6c25-4a80-4ffc-b0aa-30b6fde0aa35,2024-08-10,B3,1.4804
ae6c2b60-0e2e-4311-8624-8d2147c539a6,2024-08-08,B1,1.8135
ae6c2b60-0e2e-4311-8624-8d2147c539a6,2024-08-09,B1,1.4799
ae6c2b60-0e2e-4311-8624-8d2147c539a6,2024-08-10,B1,1.15
ae6c2b60-0e2e-4311-8624-8d2147c539a6,2024-08-08,B2,1.1536
ae6c2b60-0e2e-4311-8624-8d2147c539a6,2024-08-09,B2,0.9414
ae6c2b60-0e2e-4311-8624-8d2147c539a6,2024-08-10,B2,0.7316
ae6c2b60-0e2e-4311-8624-8d2147c539a6,2024-08-08,B3,2.9168
ae6c2b60-0e2e-4311-8624-8d2147c539a6,2024-08-09,B3,2.3804
ae6c2b60-0e2e-4311-8624-8d2147c539a6,2024-08-10,B3,1.8498
ae75a84d-b23d-4ccb-aa6d-09c7a867ccf1,2024-08-08,B2,1.7818
ae75a84d-b23d-4ccb-aa6d-09c7a867ccf1,2024-08-09,B2,1.4541
ae75a84d-b23d-4ccb-aa6d-09c7a867ccf1,2024-08-10,B2,1.13
ae75a84d-b23d-4ccb-aa6d-09c7a867ccf1,2024-08-08,B3,2.2702
ae75a84d-b23d-4ccb-aa6d-09c7a867ccf1,2024-08-09,B3,1.8527
ae75a84d-b23d-4ccb-aa6d-09c7a867ccf1,2024-08-10,B3,1.4397
aec14f32-a319-4e23-bca1-b143b9611e1c,2024-08-08,B1,2.5174
aec14f32-a319-4e23-bca1-b143b9611e1c,2024-08-09,B1,2.0544
aec14f32-a319-4e23-bca1-b143b9611e1c,2024-08-10,B1,1.5964
aec14f32-a319-4e23-bca1-b143b9611e1c,2024-08-08,B2,2.1241
aec14f32-a319-4e23-bca1-b143b9611e1c,2024-08-09,B2,1.7334
aec14f32-a319-4e23-bca1-b143b9611e1c,2024-08-10,B2,1.347
aec14f32-a319-4e23-bca1-b143b9611e1c,2024-08-08,B3,13.2396
aec14f32-a319-4e23-bca1-b143b9611e1c,2024-08-09,B3,10.8047
aec14f32-a319-4e23-bca1-b143b9611e1c,2024-08-10,B3,8.3962
aec528ad-3700-4779-bf27-ca442375c60e,2024-08-08,B1,10.3162
aec528ad-3700-4779-bf27-ca442375c60e,2024-08-09,B1,8.4189
aec528ad-3700-4779-bf27-ca442375c60e,2024-08-10,B1,6.5423
aec528ad-3700-4779-bf27-ca442375c60e,2024-08-08,B2,6.3542
aec528ad-3700-4779-bf27-ca442375c60e,2024-08-09,B2,5.1855
aec528ad-3700-4779-bf27-ca442375c60e,2024-08-10,B2,4.0296
aec528ad-3700-4779-bf27-ca442375c60e,2024-08-08,B3,20.4155
aec528ad-3700-4779-bf27-ca442375c60e,2024-08-09,B3,16.6608
aec528ad-3700-4779-bf27-ca442375c60e,2024-08-10,B3,12.947
aefe7bbd-d932-436d-88a2-d5cfb0d13ad4,2024-08-08,B1,1.8033
aefe7bbd-d932-436d-88a2-d5cfb0d13ad4,2024-08-09,B1,1.4716
aefe7bbd-d932-436d-88a2-d5cfb0d13ad4,2024-08-10,B1,1.1436
aefe7bbd-d932-436d-88a2-d5cfb0d13ad4,2024-08-08,B2,2.763
aefe7bbd-d932-436d-88a2-d5cfb0d13ad4,2024-08-09,B2,2.2548
aefe7bbd-d932-436d-88a2-d5cfb0d13ad4,2024-08-10,B2,1.7522
aefe7bbd-d932-436d-88a2-d5cfb0d13ad4,2024-08-08,B3,8.3275
aefe7bbd-d932-436d-88a2-d5cfb0d13ad4,2024-08-09,B3,6.7959
aefe7bbd-d932-436d-88a2-d5cfb0d13ad4,2024-08-10,B3,5.281
af5d00d8-2c4b-4e86-9ed4-64c6cfd1ac81,2024-08-08,M1,1.0551
af5d00d8-2c4b-4e86-9ed4-64c6cfd1ac81,2024-08-09,M1,0.9433
af5d00d8-2c4b-4e86-9ed4-64c6cfd1ac81,2024-08-10,M1,0.8605
af5d00d8-2c4b-4e86-9ed4-64c6cfd1ac81,2024-08-08,M2,3.2183
af5d00d8-2c4b-4e86-9ed4-64c6cfd1ac81,2024-08-09,M2,2.8771
af5d00d8-2c4b-4e86-9ed4-64c6cfd1ac81,2024-08-10,M2,2.6245
af5d00d8-2c4b-4e86-9ed4-64c6cfd1ac81,2024-08-08,M3,4.6799
af5d00d8-2c4b-4e86-9ed4-64c6cfd1ac81,2024-08-09,M3,4.1838
af5d00d8-2c4b-4e86-9ed4-64c6cfd1ac81,2024-08-10,M3,3.8165
af5d00d8-2c4b-4e86-9ed4-64c6cfd1ac81,2024-08-08,M4,2.763
af5d00d8-2c4b-4e86-9ed4-64c6cfd1ac81,2024-08-09,M4,2.4701
af5d00d8-2c4b-4e86-9ed4-64c6cfd1ac81,2024-08-10,M4,2.2533
af5d00d8-2c4b-4e86-9ed4-64c6cfd1ac81,2024-08-08,M5,7.386
af5d00d8-2c4b-4e86-9ed4-64c6cfd1ac81,2024-08-09,M5,6.603
af5d00d8-2c4b-4e86-9ed4-64c6cfd1ac81,2024-08-10,M5,6.0233
af6bf76c-7f42-41c2-ab50-c8315c9dda36,2024-08-08,B1,2.1206
af6bf76c-7f42-41c2-ab50-c8315c9dda36,2024-08-09,B1,1.7306
af6bf76c-7f42-41c2-ab50-c8315c9dda36,2024-08-10,B1,1.3448
af6bf76c-7f42-41c2-ab50-c8315c9dda36,2024-08-08,B2,2.151
af6bf76c-7f42-41c2-ab50-c8315c9dda36,2024-08-09,B2,1.7554
af6bf76c-7f42-41c2-ab50-c8315c9dda36,2024-08-10,B2,1.3641
af6bf76c-7f42-41c2-ab50-c8315c9dda36,2024-08-08,B3,2.2232
af6bf76c-7f42-41c2-ab50-c8315c9dda36,2024-08-09,B3,1.8143
af6bf76c-7f42-41c2-ab50-c8315c9dda36,2024-08-10,B3,1.4099
b00c5170-8ae8-4ccb-9989-42b90f8b6b3b,2024-08-08,B3,2.0069
b00c5170-8ae8-4ccb-9989-42b90f8b6b3b,2024-08-09,B3,1.6378
b00c5170-8ae8-4ccb-9989-42b90f8b6b3b,2024-08-10,B3,1.2727
b0658a48-5adc-4ebf-b24a-6d36900754b2,2024-08-08,B1,4.0204
b0658a48-5adc-4ebf-b24a-6d36900754b2,2024-08-09,B1,3.281
b0658a48-5adc-4ebf-b24a-6d36900754b2,2024-08-10,B1,2.5496
b0658a48-5adc-4ebf-b24a-6d36900754b2,2024-08-08,B2,4.1523
b0658a48-5adc-4ebf-b24a-6d36900754b2,2024-08-09,B2,3.3886
b0658a48-5adc-4ebf-b24a-6d36900754b2,2024-08-10,B2,2.6333
b0658a48-5adc-4ebf-b24a-6d36900754b2,2024-08-08,B3,10.1326
b0658a48-5adc-4ebf-b24a-6d36900754b2,2024-08-09,B3,8.269
b0658a48-5adc-4ebf-b24a-6d36900754b2,2024-08-10,B3,6.4258
b08d35a6-a0dc-45fd-a9f0-1755b28af7c9,2024-08-08,M1,2.1103
b08d35a6-a0dc-45fd-a9f0-1755b28af7c9,2024-08-09,M1,1.8866
b08d35a6-a0dc-45fd-a9f0-1755b28af7c9,2024-08-10,M1,1.7209
b08d35a6-a0dc-45fd-a9f0-1755b28af7c9,2024-08-08,M2,2.9345
b08d35a6-a0dc-45fd-a9f0-1755b28af7c9,2024-08-09,M2,2.6234
b08d35a6-a0dc-45fd-a9f0-1755b28af7c9,2024-08-10,M2,2.3931
b08d35a6-a0dc-45fd-a9f0-1755b28af7c9,2024-08-08,M3,3.5473
b08d35a6-a0dc-45fd-a9f0-1755b28af7c9,2024-08-09,M3,3.1712
b08d35a6-a0dc-45fd-a9f0-1755b28af7c9,2024-08-10,M3,2.8928
b08d35a6-a0dc-45fd-a9f0-1755b28af7c9,2024-08-08,M4,2.0024
b08d35a6-a0dc-45fd-a9f0-1755b28af7c9,2024-08-09,M4,1.7902
b08d35a6-a0dc-45fd-a9f0-1755b28af7c9,2024-08-10,M4,1.633
b08d35a6-a0dc-45fd-a9f0-1755b28af7c9,2024-08-08,M5,1.0551
b08d35a6-a0dc-45fd-a9f0-1755b28af7c9,2024-08-09,M5,0.9433
b08d35a6-a0dc-45fd-a9f0-1755b28af7c9,2024-08-10,M5,0.8605
b08f94a3-fd7d-4f9d-a986-608b07cb95c2,2024-08-08,B1,2.0052
b08f94a3-fd7d-4f9d-a986-608b07cb95c2,2024-08-09,B1,1.6364
b08f94a3-fd7d-4f9d-a986-608b07cb95c2,2024-08-10,B1,1.2717
b08f94a3-fd7d-4f9d-a986-608b07cb95c2,2024-08-08,B2,3.216
b08f94a3-fd7d-4f9d-a986-608b07cb95c2,2024-08-09,B2,2.6246
b08f94a3-fd7d-4f9d-a986-608b07cb95c2,2024-08-10,B2,2.0395
b08f94a3-fd7d-4f9d-a986-608b07cb95c2,2024-08-08,B3,10.6993
b08f94a3-fd7d-4f9d-a986-608b07cb95c2,2024-08-09,B3,8.7315
b08f94a3-fd7d-4f9d-a986-608b07cb95c2,2024-08-10,B3,6.7852
b09437b2-39ba-4ff5-a846-25d68803db18,2024-08-08,B2,2.1434
b09437b2-39ba-4ff5-a846-25d68803db18,2024-08-09,B2,1.7492
b09437b2-39ba-4ff5-a846-25d68803db18,2024-08-10,B2,1.3593
b09437b2-39ba-4ff5-a846-25d68803db18,2024-08-08,B3,3.0121
b09437b2-39ba-4ff5-a846-25d68803db18,2024-08-09,B3,2.4582
b09437b2-39ba-4ff5-a846-25d68803db18,2024-08-10,B3,1.9102
b113bfaf-4b82-496a-bd23-b7e0bea1e791,2024-08-08,M2,1.5827
b113bfaf-4b82-496a-bd23-b7e0bea1e791,2024-08-09,M2,1.4149
b113bfaf-4b82-496a-bd23-b7e0bea1e791,2024-08-10,M2,1.2907
b113bfaf-4b82-496a-bd23-b7e0bea1e791,2024-08-08,M3,4.6876
b113bfaf-4b82-496a-bd23-b7e0bea1e791,2024-08-09,M3,4.1906
b113bfaf-4b82-496a-bd23-b7e0bea1e791,2024-08-10,M3,3.8227
b113bfaf-4b82-496a-bd23-b7e0bea1e791,2024-08-08,M4,2.1103
b113bfaf-4b82-496a-bd23-b7e0bea1e791,2024-08-09,M4,1.8866
b113bfaf-4b82-496a-bd23-b7e0bea1e791,2024-08-10,M4,1.7209
b113bfaf-4b82-496a-bd23-b7e0bea1e791,2024-08-08,M5,1.0551
b113bfaf-4b82-496a-bd23-b7e0bea1e791,2024-08-09,M5,0.9433
b113bfaf-4b82-496a-bd23-b7e0bea1e791,2024-08-10,M5,0.8605
b13866f3-94a9-4788-a786-4b768e6b73a1,2024-08-08,B1,3.4608
b13866f3-94a9-4788-a786-4b768e6b73a1,2024-08-09,B1,2.8243
b13866f3-94a9-4788-a786-4b768e6b73a1,2024-08-10,B1,2.1947
b13866f3-94a9-4788-a786-4b768e6b73a1,2024-08-08,B2,2.6592
b13866f3-94a9-4788-a786-4b768e6b73a1,2024-08-09,B2,2.1701
b13866f3-94a9-4788-a786-4b768e6b73a1,2024-08-10,B2,1.6864
b13866f3-94a9-4788-a786-4b768e6b73a1,2024-08-08,B3,4.6368
b13866f3-94a9-4788-a786-4b768e6b73a1,2024-08-09,B3,3.784
b13866f3-94a9-4788-a786-4b768e6b73a1,2024-08-10,B3,2.9405
b1484c36-b108-4b13-ab41-6007e60471a9,2024-08-08,M1,1.0551
b1484c36-b108-4b13-ab41-6007e60471a9,2024-08-09,M1,0.9433
b1484c36-b108-4b13-ab41-6007e60471a9,2024-08-10,M1,0.8605
b1484c36-b108-4b13-ab41-6007e60471a9,2024-08-08,M2,2.6371
b1484c36-b108-4b13-ab41-6007e60471a9,2024-08-09,M2,2.3575
b1484c36-b108-4b13-ab41-6007e60471a9,2024-08-10,M2,2.1506
b1484c36-b108-4b13-ab41-6007e60471a9,2024-08-08,M3,2.7764
b1484c36-b108-4b13-ab41-6007e60471a9,2024-08-09,M3,2.4821
b1484c36-b108-4b13-ab41-6007e60471a9,2024-08-10,M3,2.2642
b1484c36-b108-4b13-ab41-6007e60471a9,2024-08-08,M4,1.9083
b1484c36-b108-4b13-ab41-6007e60471a9,2024-08-09,M4,1.706
b1484c36-b108-4b13-ab41-6007e60471a9,2024-08-10,M4,1.5562
b1484c36-b108-4b13-ab41-6007e60471a9,2024-08-08,M5,2.6379
b1484c36-b108-4b13-ab41-6007e60471a9,2024-08-09,M5,2.3582
b1484c36-b108-4b13-ab41-6007e60471a9,2024-08-10,M5,2.1512
b1660dad-f9c4-4cfe-9d63-5c97e820afbb,2024-08-08,B1,4.7341
b1660dad-f9c4-4cfe-9d63-5c97e820afbb,2024-08-09,B1,3.8634
b1660dad-f9c4-4cfe-9d63-5c97e820afbb,2024-08-10,B1,3.0022
b1660dad-f9c4-4cfe-9d63-5c97e820afbb,2024-08-08,B2,3.7297
b1660dad-f9c4-4cfe-9d63-5c97e820afbb,2024-08-09,B2,3.0437
b1660dad-f9c4-4cfe-9d63-5c97e820afbb,2024-08-10,B2,2.3652
b1660dad-f9c4-4cfe-9d63-5c97e820afbb,2024-08-08,B3,7.3863
b1660dad-f9c4-4cfe-9d63-5c97e820afbb,2024-08-09,B3,6.0278
b1660dad-f9c4-4cfe-9d63-5c97e820afbb,2024-08-10,B3,4.6842
b178d8b9-1b9b-46b1-b3d1-66f41d0ea4a5,2024-08-08,M1,1.8115
b178d8b9-1b9b-46b1-b3d1-66f41d0ea4a5,2024-08-09,M1,1.6194
b178d8b9-1b9b-46b1-b3d1-66f41d0ea4a5,2024-08-10,M1,1.4773
b178d8b9-1b9b-46b1-b3d1-66f41d0ea4a5,2024-08-08,M2,7.0203
b178d8b9-1b9b-46b1-b3d1-66f41d0ea4a5,2024-08-09,M2,6.2761
b178d8b9-1b9b-46b1-b3d1-66f41d0ea4a5,2024-08-10,M2,5.7251
b178d8b9-1b9b-46b1-b3d1-66f41d0ea4a5,2024-08-08,M3,9.6901
b178d8b9-1b9b-46b1-b3d1-66f41d0ea4a5,2024-08-09,M3,8.6628
b178d8b9-1b9b-46b1-b3d1-66f41d0ea4a5,2024-08-10,M3,7.9023
b178d8b9-1b9b-46b1-b3d1-66f41d0ea4a5,2024-08-08,M4,3.8038
b178d8b9-1b9b-46b1-b3d1-66f41d0ea4a5,2024-08-09,M4,3.4005
b178d8b9-1b9b-46b1-b3d1-66f41d0ea4a5,2024-08-10,M4,3.102
b178d8b9-1b9b-46b1-b3d1-66f41d0ea4a5,2024-08-08,M5,4.5407
b178d8b9-1b9b-46b1-b3d1-66f41d0ea4a5,2024-08-09,M5,4.0593
b178d8b9-1b9b-46b1-b3d1-66f41d0ea4a5,2024-08-10,M5,3.703
b198e3cc-acb1-4d7b-ac39-d32d517869dc,2024-08-08,B1,2.369
b198e3cc-acb1-4d7b-ac39-d32d517869dc,2024-08-09,B1,1.9333
b198e3cc-acb1-4d7b-ac39-d32d517869dc,2024-08-10,B1,1.5023
b198e3cc-acb1-4d7b-ac39-d32d517869dc,2024-08-08,B2,3.4608
b198e3cc-acb1-4d7b-ac39-d32d517869dc,2024-08-09,B2,2.8243
b198e3cc-acb1-4d7b-ac39-d32d517869dc,2024-08-10,B2,2.1947
b198e3cc-acb1-4d7b-ac39-d32d517869dc,2024-08-08,B3,6.9216
b198e3cc-acb1-4d7b-ac39-d32d517869dc,2024-08-09,B3,5.6486
b198e3cc-acb1-4d7b-ac39-d32d517869dc,2024-08-10,B3,4.3895
b1a820c2-7021-4fd9-8696-fd3f1b2cad69,2024-08-08,B1,3.5238
b1a820c2-7021-4fd9-8696-fd3f1b2cad69,2024-08-09,B1,2.8757
b1a820c2-7021-4fd9-8696-fd3f1b2cad69,2024-08-10,B1,2.2347
b1a820c2-7021-4fd9-8696-fd3f1b2cad69,2024-08-08,B2,2.1194
b1a820c2-7021-4fd9-8696-fd3f1b2cad69,2024-08-09,B2,1.7296
b1a820c2-7021-4fd9-8696-fd3f1b2cad69,2024-08-10,B2,1.3441
b1a820c2-7021-4fd9-8696-fd3f1b2cad69,2024-08-08,B3,5.7989
b1a820c2-7021-4fd9-8696-fd3f1b2cad69,2024-08-09,B3,4.7324
b1a820c2-7021-4fd9-8696-fd3f1b2cad69,2024-08-10,B3,3.6775
b1f75ac9-0fef-4baa-968b-929b891f4d5d,2024-08-08,B1,2.7276
b1f75ac9-0fef-4baa-968b-929b891f4d5d,2024-08-09,B1,2.226
b1f75ac9-0fef-4baa-968b-929b891f4d5d,2024-08-10,B1,1.7298
b1f75ac9-0fef-4baa-968b-929b891f4d5d,2024-08-08,B2,2.0763
b1f75ac9-0fef-4baa-968b-929b891f4d5d,2024-08-09,B2,1.6944
b1f75ac9-0fef-4baa-968b-929b891f4d5d,2024-08-10,B2,1.3167
b1f75ac9-0fef-4baa-968b-929b891f4d5d,2024-08-08,B3,4.7237
b1f75ac9-0fef-4baa-968b-929b891f4d5d,2024-08-09,B3,3.855
b1f75ac9-0fef-4baa-968b-929b891f4d5d,2024-08-10,B3,2.9956
b2b39e9d-ab51-4909-8eb8-443e63d87b2d,2024-08-08,M1,1.6944
b2b39e9d-ab51-4909-8eb8-443e63d87b2d,2024-08-09,M1,1.5147
b2b39e9d-ab51-4909-8eb8-443e63d87b2d,2024-08-10,M1,1.3818
b2b39e9d-ab51-4909-8eb8-443e63d87b2d,2024-08-08,M2,1.0551
b2b39e9d-ab51-4909-8eb8-443e63d87b2d,2024-08-09,M2,0.9433
b2b39e9d-ab51-4909-8eb8-443e63d87b2d,2024-08-10,M2,0.8605
b2b39e9d-ab51-4909-8eb8-443e63d87b2d,2024-08-08,M3,3.161
b2b39e9d-ab51-4909-8eb8-443e63d87b2d,2024-08-09,M3,2.8259
b2b39e9d-ab51-4909-8eb8-443e63d87b2d,2024-08-10,M3,2.5778
b2b39e9d-ab51-4909-8eb8-443e63d87b2d,2024-08-08,M4,1.8903
b2b39e9d-ab51-4909-8eb8-443e63d87b2d,2024-08-09,M4,1.6899
b2b39e9d-ab51-4909-8eb8-443e63d87b2d,2024-08-10,M4,1.5415
b33f26e1-9213-4b4b-83cf-6781ea55a803,2024-08-08,B1,2.5683
b33f26e1-9213-4b4b-83cf-6781ea55a803,2024-08-09,B1,2.096
b33f26e1-9213-4b4b-83cf-6781ea55a803,2024-08-10,B1,1.6287
b33f26e1-9213-4b4b-83cf-6781ea55a803,2024-08-08,B2,2.3072
b33f26e1-9213-4b4b-83cf-6781ea55a803,2024-08-09,B2,1.8829
b33f26e1-9213-4b4b-83cf-6781ea55a803,2024-08-10,B2,1.4632
b33f26e1-9213-4b4b-83cf-6781ea55a803,2024-08-08,B3,3.9667
b33f26e1-9213-4b4b-83cf-6781ea55a803,2024-08-09,B3,3.2371
b33f26e1-9213-4b4b-83cf-6781ea55a803,2024-08-10,B3,2.5155
b389d370-a953-4a6a-8b46-b3cc1e9d462f,2024-08-08,M1,2.1103
b389d370-a953-4a6a-8b46-b3cc1e9d462f,2024-08-09,M1,1.8866
b389d370-a953-4a6a-8b46-b3cc1e9d462f,2024-08-10,M1,1.7209
b389d370-a953-4a6a-8b46-b3cc1e9d462f,2024-08-08,M2,1.9833
b389d370-a953-4a6a-8b46-b3cc1e9d462f,2024-08-09,M2,1.773
b389d370-a953-4a6a-8b46-b3cc1e9d462f,2024-08-10,M2,1.6174
b389d370-a953-4a6a-8b46-b3cc1e9d462f,2024-08-08,M3,25.3234
b389d370-a953-4a6a-8b46-b3cc1e9d462f,2024-08-09,M3,22.6388
b389d370-a953-4a6a-8b46-b3cc1e9d462f,2024-08-10,M3,20.6514
b389d370-a953-4a6a-8b46-b3cc1e9d462f,2024-08-08,M4,2.1722
b389d370-a953-4a6a-8b46-b3cc1e9d462f,2024-08-09,M4,1.9419
b389d370-a953-4a6a-8b46-b3cc1e9d462f,2024-08-10,M4,1.7715
b389d370-a953-4a6a-8b46-b3cc1e9d462f,2024-08-08,M5,4.7481
b389d370-a953-4a6a-8b46-b3cc1e9d462f,2024-08-09,M5,4.2448
b389d370-a953-4a6a-8b46-b3cc1e9d462f,2024-08-10,M5,3.8721
b3b40437-8657-4fb8-a3dc-ed4ed9125b6e,2024-08-08,B1,6.705
b3b40437-8657-4fb8-a3dc-ed4ed9125b6e,2024-08-09,B1,5.4718
b3b40437-8657-4fb8-a3dc-ed4ed9125b6e,2024-08-10,B1,4.2521
b3b40437-8657-4fb8-a3dc-ed4ed9125b6e,2024-08-08,B2,6.3471
b3b40437-8657-4fb8-a3dc-ed4ed9125b6e,2024-08-09,B2,5.1798
b3b40437-8657-4fb8-a3dc-ed4ed9125b6e,2024-08-10,B2,4.0252
b3b40437-8657-4fb8-a3dc-ed4ed9125b6e,2024-08-08,B3,16.2695
b3b40437-8657-4fb8-a3dc-ed4ed9125b6e,2024-08-09,B3,13.2773
b3b40437-8657-4fb8-a3dc-ed4ed9125b6e,2024-08-10,B3,10.3176
b3d22df7-6445-4cb5-8e4e-943bd429aa07,2024-08-08,M2,4.2206
b3d22df7-6445-4cb5-8e4e-943bd429aa07,2024-08-09,M2,3.7731
b3d22df7-6445-4cb5-8e4e-943bd429aa07,2024-08-10,M2,3.4419
b3d22df7-6445-4cb5-8e4e-943bd429aa07,2024-08-08,M3,2.0473
b3d22df7-6445-4cb5-8e4e-943bd429aa07,2024-08-09,M3,1.8303
b3d22df7-6445-4cb5-8e4e-943bd429aa07,2024-08-10,M3,1.6696
b3da32b6-e062-40df-a36e-e105442c05f2,2024-08-08,B2,2.3072
b3da32b6-e062-40df-a36e-e105442c05f2,2024-08-09,B2,1.8829
b3da32b6-e062-40df-a36e-e105442c05f2,2024-08-10,B2,1.4632
b3da32b6-e062-40df-a36e-e105442c05f2,2024-08-08,B3,2.2899
b3da32b6-e062-40df-a36e-e105442c05f2,2024-08-09,B3,1.8688
b3da32b6-e062-40df-a36e-e105442c05f2,2024-08-10,B3,1.4522
b4c6fd63-0938-4ee4-bbad-943da2f1f483,2024-08-08,B1,2.3072
b4c6fd63-0938-4ee4-bbad-943da2f1f483,2024-08-09,B1,1.8829
b4c6fd63-0938-4ee4-bbad-943da2f1f483,2024-08-10,B1,1.4632
b4c6fd63-0938-4ee4-bbad-943da2f1f483,2024-08-08,B2,1.9117
b4c6fd63-0938-4ee4-bbad-943da2f1f483,2024-08-09,B2,1.5601
b4c6fd63-0938-4ee4-bbad-943da2f1f483,2024-08-10,B2,1.2123
b4c6fd63-0938-4ee4-bbad-943da2f1f483,2024-08-08,B3,4.6454
b4c6fd63-0938-4ee4-bbad-943da2f1f483,2024-08-09,B3,3.791
b4c6fd63-0938-4ee4-bbad-943da2f1f483,2024-08-10,B3,2.946
b4cc153e-85c9-49c0-98d3-a55b2b3fcf7d,2024-08-08,M1,2.5821
b4cc153e-85c9-49c0-98d3-a55b2b3fcf7d,2024-08-09,M1,2.3084
b4cc153e-85c9-49c0-98d3-a55b2b3fcf7d,2024-08-10,M1,2.1057
b4cc153e-85c9-49c0-98d3-a55b2b3fcf7d,2024-08-08,M2,7.348
b4cc153e-85c9-49c0-98d3-a55b2b3fcf7d,2024-08-09,M2,6.569
b4cc153e-85c9-49c0-98d3-a55b2b3fcf7d,2024-08-10,M2,5.9923
b4cc153e-85c9-49c0-98d3-a55b2b3fcf7d,2024-08-08,M3,10.4222
b4cc153e-85c9-49c0-98d3-a55b2b3fcf7d,2024-08-09,M3,9.3173
b4cc153e-85c9-49c0-98d3-a55b2b3fcf7d,2024-08-10,M3,8.4993
b4cc153e-85c9-49c0-98d3-a55b2b3fcf7d,2024-08-08,M4,2.9543
b4cc153e-85c9-49c0-98d3-a55b2b3fcf7d,2024-08-09,M4,2.6411
b4cc153e-85c9-49c0-98d3-a55b2b3fcf7d,2024-08-10,M4,2.4092
b4cc153e-85c9-49c0-98d3-a55b2b3fcf7d,2024-08-08,M5,2.7989
b4cc153e-85c9-49c0-98d3-a55b2b3fcf7d,2024-08-09,M5,2.5021
b4cc153e-85c9-49c0-98d3-a55b2b3fcf7d,2024-08-10,M5,2.2825
b4d93884-f2ba-488b-99c8-ec9bdcbdb774,2024-08-08,B3,2.5529
b4d93884-f2ba-488b-99c8-ec9bdcbdb774,2024-08-09,B3,2.0833
b4d93884-f2ba-488b-99c8-ec9bdcbdb774,2024-08-10,B3,1.6189
b4e7ea78-d0f2-409f-b2f0-31188e407c59,2024-08-08,M1,2.7508
b4e7ea78-d0f2-409f-b2f0-31188e407c59,2024-08-09,M1,2.4592
b4e7ea78-d0f2-409f-b2f0-31188e407c59,2024-08-10,M1,2.2433
b4e7ea78-d0f2-409f-b2f0-31188e407c59,2024-08-08,M2,9.9696
b4e7ea78-d0f2-409f-b2f0-31188e407c59,2024-08-09,M2,8.9127
b4e7ea78-d0f2-409f-b2f0-31188e407c59,2024-08-10,M2,8.1303
b4e7ea78-d0f2-409f-b2f0-31188e407c59,2024-08-08,M3,22.5233
b4e7ea78-d0f2-409f-b2f0-31188e407c59,2024-08-09,M3,20.1355
b4e7ea78-d0f2-409f-b2f0-31188e407c59,2024-08-10,M3,18.3679
b4e7ea78-d0f2-409f-b2f0-31188e407c59,2024-08-08,M4,7.5257
b4e7ea78-d0f2-409f-b2f0-31188e407c59,2024-08-09,M4,6.7278
b4e7ea78-d0f2-409f-b2f0-31188e407c59,2024-08-10,M4,6.1372
b4e7ea78-d0f2-409f-b2f0-31188e407c59,2024-08-08,M5,2.3638
b4e7ea78-d0f2-409f-b2f0-31188e407c59,2024-08-09,M5,2.1132
b4e7ea78-d0f2-409f-b2f0-31188e407c59,2024-08-10,M5,1.9277
b563abf2-180e-46d0-8060-1aa637630ed6,2024-08-08,B1,3.4608
b563abf2-180e-46d0-8060-1aa637630ed6,2024-08-09,B1,2.8243
b563abf2-180e-46d0-8060-1aa637630ed6,2024-08-10,B1,2.1947
b563abf2-180e-46d0-8060-1aa637630ed6,2024-08-08,B2,4.0376
b563abf2-180e-46d0-8060-1aa637630ed6,2024-08-09,B2,3.295
b563abf2-180e-46d0-8060-1aa637630ed6,2024-08-10,B2,2.5605
b563abf2-180e-46d0-8060-1aa637630ed6,2024-08-08,B3,8.4205
b563abf2-180e-46d0-8060-1aa637630ed6,2024-08-09,B3,6.8718
b563abf2-180e-46d0-8060-1aa637630ed6,2024-08-10,B3,5.34
b5984e8d-9e3d-4d19-a133-a77ade15a63e,2024-08-08,B1,2.6776
b5984e8d-9e3d-4d19-a133-a77ade15a63e,2024-08-09,B1,2.1852
b5984e8d-9e3d-4d19-a133-a77ade15a63e,2024-08-10,B1,1.6981
b5984e8d-9e3d-4d19-a133-a77ade15a63e,2024-08-08,B2,3.4608
b5984e8d-9e3d-4d19-a133-a77ade15a63e,2024-08-09,B2,2.8243
b5984e8d-9e3d-4d19-a133-a77ade15a63e,2024-08-10,B2,2.1947
b5984e8d-9e3d-4d19-a133-a77ade15a63e,2024-08-08,B3,7.3126
b5984e8d-9e3d-4d19-a133-a77ade15a63e,2024-08-09,B3,5.9677
b5984e8d-9e3d-4d19-a133-a77ade15a63e,2024-08-10,B3,4.6374
b6842faf-8d25-45dd-87cb-7f69cd251103,2024-08-08,M1,1.6429
b6842faf-8d25-45dd-87cb-7f69cd251103,2024-08-09,M1,1.4687
b6842faf-8d25-45dd-87cb-7f69cd251103,2024-08-10,M1,1.3398
b6842faf-8d25-45dd-87cb-7f69cd251103,2024-08-08,M2,2.4047
b6842faf-8d25-45dd-87cb-7f69cd251103,2024-08-09,M2,2.1497
b6842faf-8d25-45dd-87cb-7f69cd251103,2024-08-10,M2,1.961
b6842faf-8d25-45dd-87cb-7f69cd251103,2024-08-08,M3,4.1976
b6842faf-8d25-45dd-87cb-7f69cd251103,2024-08-09,M3,3.7526
b6842faf-8d25-45dd-87cb-7f69cd251103,2024-08-10,M3,3.4231
b6842faf-8d25-45dd-87cb-7f69cd251103,2024-08-08,M4,3.3355
b6842faf-8d25-45dd-87cb-7f69cd251103,2024-08-09,M4,2.9819
b6842faf-8d25-45dd-87cb-7f69cd251103,2024-08-10,M4,2.7201
b6842faf-8d25-45dd-87cb-7f69cd251103,2024-08-08,M5,4.4021
b6842faf-8d25-45dd-87cb-7f69cd251103,2024-08-09,M5,3.9354
b6842faf-8d25-45dd-87cb-7f69cd251103,2024-08-10,M5,3.5899
b6cb86aa-f954-4020-911c-233df744cf19,2024-08-08,M2,2.1103
b6cb86aa-f954-4020-911c-233df744cf19,2024-08-09,M2,1.8866
b6cb86aa-f954-4020-911c-233df744cf19,2024-08-10,M2,1.7209
b6cb86aa-f954-4020-911c-233df744cf19,2024-08-08,M5,3.1654
b6cb86aa-f954-4020-911c-233df744cf19,2024-08-09,M5,2.8298
b6cb86aa-f954-4020-911c-233df744cf19,2024-08-10,M5,2.5814
b6e305a6-c1c1-499c-bf6f-ab5c84ab8040,2024-08-08,M1,5.8033
b6e305a6-c1c1-499c-bf6f-ab5c84ab8040,2024-08-09,M1,5.1881
b6e305a6-c1c1-499c-bf6f-ab5c84ab8040,2024-08-10,M1,4.7326
b6e305a6-c1c1-499c-bf6f-ab5c84ab8040,2024-08-08,M2,4.5681
b6e305a6-c1c1-499c-bf6f-ab5c84ab8040,2024-08-09,M2,4.0838
b6e305a6-c1c1-499c-bf6f-ab5c84ab8040,2024-08-10,M2,3.7253
b6e305a6-c1c1-499c-bf6f-ab5c84ab8040,2024-08-08,M3,5.5814
b6e305a6-c1c1-499c-bf6f-ab5c84ab8040,2024-08-09,M3,4.9897
b6e305a6-c1c1-499c-bf6f-ab5c84ab8040,2024-08-10,M3,4.5517
b6e305a6-c1c1-499c-bf6f-ab5c84ab8040,2024-08-08,M4,1.9067
b6e305a6-c1c1-499c-bf6f-ab5c84ab8040,2024-08-09,M4,1.7045
b6e305a6-c1c1-499c-bf6f-ab5c84ab8040,2024-08-10,M4,1.5549
b6e305a6-c1c1-499c-bf6f-ab5c84ab8040,2024-08-08,M5,1.5828
b6e305a6-c1c1-499c-bf6f-ab5c84ab8040,2024-08-09,M5,1.415
b6e305a6-c1c1-499c-bf6f-ab5c84ab8040,2024-08-10,M5,1.2908
b73f1343-2b88-4a3f-9ab1-a2cc1ac010ba,2024-08-08,B1,2.9935
b73f1343-2b88-4a3f-9ab1-a2cc1ac010ba,2024-08-09,B1,2.443
b73f1343-2b88-4a3f-9ab1-a2cc1ac010ba,2024-08-10,B1,1.8984
b73f1343-2b88-4a3f-9ab1-a2cc1ac010ba,2024-08-08,B2,3.9106
b73f1343-2b88-4a3f-9ab1-a2cc1ac010ba,2024-08-09,B2,3.1914
b73f1343-2b88-4a3f-9ab1-a2cc1ac010ba,2024-08-10,B2,2.48
b73f1343-2b88-4a3f-9ab1-a2cc1ac010ba,2024-08-08,B3,28.0215
b73f1343-2b88-4a3f-9ab1-a2cc1ac010ba,2024-08-09,B3,22.8679
b73f1343-2b88-4a3f-9ab1-a2cc1ac010ba,2024-08-10,B3,17.7704
b7833741-1d9d-4434-8d65-dea7108ad7e4,2024-08-08,M1,1.6884
b7833741-1d9d-4434-8d65-dea7108ad7e4,2024-08-09,M1,1.5094
b7833741-1d9d-4434-8d65-dea7108ad7e4,2024-08-10,M1,1.3769
b7833741-1d9d-4434-8d65-dea7108ad7e4,2024-08-08,M2,3.2488
b7833741-1d9d-4434-8d65-dea7108ad7e4,2024-08-09,M2,2.9044
b7833741-1d9d-4434-8d65-dea7108ad7e4,2024-08-10,M2,2.6494
b7833741-1d9d-4434-8d65-dea7108ad7e4,2024-08-08,M3,9.7066
b7833741-1d9d-4434-8d65-dea7108ad7e4,2024-08-09,M3,8.6775
b7833741-1d9d-4434-8d65-dea7108ad7e4,2024-08-10,M3,7.9157
b7833741-1d9d-4434-8d65-dea7108ad7e4,2024-08-08,M4,3.6525
b7833741-1d9d-4434-8d65-dea7108ad7e4,2024-08-09,M4,3.2653
b7833741-1d9d-4434-8d65-dea7108ad7e4,2024-08-10,M4,2.9787
b7833741-1d9d-4434-8d65-dea7108ad7e4,2024-08-08,M5,1.6624
b7833741-1d9d-4434-8d65-dea7108ad7e4,2024-08-09,M5,1.4862
b7833741-1d9d-4434-8d65-dea7108ad7e4,2024-08-10,M5,1.3557
b7a31f77-0e71-41e6-b359-783aa1651daa,2024-08-08,B1,2.0694
b7a31f77-0e71-41e6-b359-783aa1651daa,2024-08-09,B1,1.6888
b7a31f77-0e71-41e6-b359-783aa1651daa,2024-08-10,B1,1.3124
b7a31f77-0e71-41e6-b359-783aa1651daa,2024-08-08,B2,2.0711
b7a31f77-0e71-41e6-b359-783aa1651daa,2024-08-09,B2,1.6902
b7a31f77-0e71-41e6-b359-783aa1651daa,2024-08-10,B2,1.3134
b7a31f77-0e71-41e6-b359-783aa1651daa,2024-08-08,B3,6.5432
b7a31f77-0e71-41e6-b359-783aa1651daa,2024-08-09,B3,5.3398
b7a31f77-0e71-41e6-b359-783aa1651daa,2024-08-10,B3,4.1495
b7a56357-a4a2-4bdf-94be-cb82636bd7ec,2024-08-08,B1,6.4719
b7a56357-a4a2-4bdf-94be-cb82636bd7ec,2024-08-09,B1,5.2816
b7a56357-a4a2-4bdf-94be-cb82636bd7ec,2024-08-10,B1,4.1043
b7a56357-a4a2-4bdf-94be-cb82636bd7ec,2024-08-08,B2,5.0638
b7a56357-a4a2-4bdf-94be-cb82636bd7ec,2024-08-09,B2,4.1325
b7a56357-a4a2-4bdf-94be-cb82636bd7ec,2024-08-10,B2,3.2113
b7a56357-a4a2-4bdf-94be-cb82636bd7ec,2024-08-08,B3,41.6394
b7a56357-a4a2-4bdf-94be-cb82636bd7ec,2024-08-09,B3,33.9813
b7a56357-a4a2-4bdf-94be-cb82636bd7ec,2024-08-10,B3,26.4065
b7bd7f15-52fa-48e9-918e-0ec1cc82ce7b,2024-08-08,M1,3.1654
b7bd7f15-52fa-48e9-918e-0ec1cc82ce7b,2024-08-09,M1,2.8298
b7bd7f15-52fa-48e9-918e-0ec1cc82ce7b,2024-08-10,M1,2.5814
b7bd7f15-52fa-48e9-918e-0ec1cc82ce7b,2024-08-08,M2,2.6489
b7bd7f15-52fa-48e9-918e-0ec1cc82ce7b,2024-08-09,M2,2.3681
b7bd7f15-52fa-48e9-918e-0ec1cc82ce7b,2024-08-10,M2,2.1602
b7bd7f15-52fa-48e9-918e-0ec1cc82ce7b,2024-08-08,M3,4.6269
b7bd7f15-52fa-48e9-918e-0ec1cc82ce7b,2024-08-09,M3,4.1364
b7bd7f15-52fa-48e9-918e-0ec1cc82ce7b,2024-08-10,M3,3.7732
b7bd7f15-52fa-48e9-918e-0ec1cc82ce7b,2024-08-08,M4,1.9102
b7bd7f15-52fa-48e9-918e-0ec1cc82ce7b,2024-08-09,M4,1.7077
b7bd7f15-52fa-48e9-918e-0ec1cc82ce7b,2024-08-10,M4,1.5578
b7bd7f15-52fa-48e9-918e-0ec1cc82ce7b,2024-08-08,M5,2.1103
b7bd7f15-52fa-48e9-918e-0ec1cc82ce7b,2024-08-09,M5,1.8866
b7bd7f15-52fa-48e9-918e-0ec1cc82ce7b,2024-08-10,M5,1.7209
b84b2ba6-f909-4d36-96df-3f9dd317b6e0,2024-08-08,M1,1.9198
b84b2ba6-f909-4d36-96df-3f9dd317b6e0,2024-08-09,M1,1.7162
b84b2ba6-f909-4d36-96df-3f9dd317b6e0,2024-08-10,M1,1.5656
b84b2ba6-f909-4d36-96df-3f9dd317b6e0,2024-08-08,M2,3.159
b84b2ba6-f909-4d36-96df-3f9dd317b6e0,2024-08-09,M2,2.8241
b84b2ba6-f909-4d36-96df-3f9dd317b6e0,2024-08-10,M2,2.5762
b84b2ba6-f909-4d36-96df-3f9dd317b6e0,2024-08-08,M3,8.2112
b84b2ba6-f909-4d36-96df-3f9dd317b6e0,2024-08-09,M3,7.3407
b84b2ba6-f909-4d36-96df-3f9dd317b6e0,2024-08-10,M3,6.6963
b84b2ba6-f909-4d36-96df-3f9dd317b6e0,2024-08-08,M4,2.7645
b84b2ba6-f909-4d36-96df-3f9dd317b6e0,2024-08-09,M4,2.4714
b84b2ba6-f909-4d36-96df-3f9dd317b6e0,2024-08-10,M4,2.2544
b84b2ba6-f909-4d36-96df-3f9dd317b6e0,2024-08-08,M5,1.6966
b84b2ba6-f909-4d36-96df-3f9dd317b6e0,2024-08-09,M5,1.5167
b84b2ba6-f909-4d36-96df-3f9dd317b6e0,2024-08-10,M5,1.3836
b87e971b-4c84-4a87-b2f9-993aa919eb73,2024-08-08,M1,7.7133
b87e971b-4c84-4a87-b2f9-993aa919eb73,2024-08-09,M1,6.8956
b87e971b-4c84-4a87-b2f9-993aa919eb73,2024-08-10,M1,6.2902
b87e971b-4c84-4a87-b2f9-993aa919eb73,2024-08-08,M2,33.9359
b87e971b-4c84-4a87-b2f9-993aa919eb73,2024-08-09,M2,30.3382
b87e971b-4c84-4a87-b2f9-993aa919eb73,2024-08-10,M2,27.6749
b87e971b-4c84-4a87-b2f9-993aa919eb73,2024-08-08,M3,91.6448
b87e971b-4c84-4a87-b2f9-993aa919eb73,2024-08-09,M3,81.9291
b87e971b-4c84-4a87-b2f9-993aa919eb73,2024-08-10,M3,74.7367
b87e971b-4c84-4a87-b2f9-993aa919eb73,2024-08-08,M4,22.3249
b87e971b-4c84-4a87-b2f9-993aa919eb73,2024-08-09,M4,19.9582
b87e971b-4c84-4a87-b2f9-993aa919eb73,2024-08-10,M4,18.2061
b87e971b-4c84-4a87-b2f9-993aa919eb73,2024-08-08,M5,7.3989
b87e971b-4c84-4a87-b2f9-993aa919eb73,2024-08-09,M5,6.6145
b87e971b-4c84-4a87-b2f9-993aa919eb73,2024-08-10,M5,6.0339
b894b025-2604-43b9-93be-4709560e2bbd,2024-08-08,M2,1.0551
b894b025-2604-43b9-93be-4709560e2bbd,2024-08-09,M2,0.9433
b894b025-2604-43b9-93be-4709560e2bbd,2024-08-10,M2,0.8605
b894b025-2604-43b9-93be-4709560e2bbd,2024-08-08,M3,1.9541
b894b025-2604-43b9-93be-4709560e2bbd,2024-08-09,M3,1.7469
b894b025-2604-43b9-93be-4709560e2bbd,2024-08-10,M3,1.5935
b894b025-2604-43b9-93be-4709560e2bbd,2024-08-08,M5,1.5827
b894b025-2604-43b9-93be-4709560e2bbd,2024-08-09,M5,1.4149
b894b025-2604-43b9-93be-4709560e2bbd,2024-08-10,M5,1.2907
b89805a2-c151-4402-b2fa-125022099fdb,2024-08-08,B1,2.3072
b89805a2-c151-4402-b2fa-125022099fdb,2024-08-09,B1,1.8829
b89805a2-c151-4402-b2fa-125022099fdb,2024-08-10,B1,1.4632
b89805a2-c151-4402-b2fa-125022099fdb,2024-08-08,B2,2.3072
b89805a2-c151-4402-b2fa-125022099fdb,2024-08-09,B2,1.8829
b89805a2-c151-4402-b2fa-125022099fdb,2024-08-10,B2,1.4632
b89805a2-c151-4402-b2fa-125022099fdb,2024-08-08,B3,2.148
b89805a2-c151-4402-b2fa-125022099fdb,2024-08-09,B3,1.7529
b89805a2-c151-4402-b2fa-125022099fdb,2024-08-10,B3,1.3622
b89d97f9-f60a-4a80-9d45-e647e435fe28,2024-08-08,B1,2.0434
b89d97f9-f60a-4a80-9d45-e647e435fe28,2024-08-09,B1,1.6676
b89d97f9-f60a-4a80-9d45-e647e435fe28,2024-08-10,B1,1.2958
b89d97f9-f60a-4a80-9d45-e647e435fe28,2024-08-08,B2,1.7304
b89d97f9-f60a-4a80-9d45-e647e435fe28,2024-08-09,B2,1.4122
b89d97f9-f60a-4a80-9d45-e647e435fe28,2024-08-10,B2,1.0974
b89d97f9-f60a-4a80-9d45-e647e435fe28,2024-08-08,B3,3.8442
b89d97f9-f60a-4a80-9d45-e647e435fe28,2024-08-09,B3,3.1372
b89d97f9-f60a-4a80-9d45-e647e435fe28,2024-08-10,B3,2.4379
b8bc20be-7ca9-48ab-80a1-480eafbb636e,2024-08-08,B1,1.1536
b8bc20be-7ca9-48ab-80a1-480eafbb636e,2024-08-09,B1,0.9414
b8bc20be-7ca9-48ab-80a1-480eafbb636e,2024-08-10,B1,0.7316
b8bc20be-7ca9-48ab-80a1-480eafbb636e,2024-08-08,B2,2.3072
b8bc20be-7ca9-48ab-80a1-480eafbb636e,2024-08-09,B2,1.8829
b8bc20be-7ca9-48ab-80a1-480eafbb636e,2024-08-10,B2,1.4632
b8bc20be-7ca9-48ab-80a1-480eafbb636e,2024-08-08,B3,2.0588
b8bc20be-7ca9-48ab-80a1-480eafbb636e,2024-08-09,B3,1.6802
b8bc20be-7ca9-48ab-80a1-480eafbb636e,2024-08-10,B3,1.3057
b8ee09cc-0c34-4f9a-9142-0db86e90fca6,2024-08-08,B3,5.768
b8ee09cc-0c34-4f9a-9142-0db86e90fca6,2024-08-09,B3,4.7072
b8ee09cc-0c34-4f9a-9142-0db86e90fca6,2024-08-10,B3,3.6579
b924d0dc-0f9b-4087-959e-6f2d210c243e,2024-08-08,B1,2.1004
b924d0dc-0f9b-4087-959e-6f2d210c243e,2024-08-09,B1,1.7141
b924d0dc-0f9b-4087-959e-6f2d210c243e,2024-08-10,B1,1.332
b924d0dc-0f9b-4087-959e-6f2d210c243e,2024-08-08,B2,2.176
b924d0dc-0f9b-4087-959e-6f2d210c243e,2024-08-09,B2,1.7758
b924d0dc-0f9b-4087-959e-6f2d210c243e,2024-08-10,B2,1.38
b924d0dc-0f9b-4087-959e-6f2d210c243e,2024-08-08,B3,8.741
b924d0dc-0f9b-4087-959e-6f2d210c243e,2024-08-09,B3,7.1334
b924d0dc-0f9b-4087-959e-6f2d210c243e,2024-08-10,B3,5.5433
b9324ab0-84cd-4d4b-b67e-115a309f9659,2024-08-08,M1,2.4705
b9324ab0-84cd-4d4b-b67e-115a309f9659,2024-08-09,M1,2.2086
b9324ab0-84cd-4d4b-b67e-115a309f9659,2024-08-10,M1,2.0147
b9324ab0-84cd-4d4b-b67e-115a309f9659,2024-08-08,M2,3.3371
b9324ab0-84cd-4d4b-b67e-115a309f9659,2024-08-09,M2,2.9833
b9324ab0-84cd-4d4b-b67e-115a309f9659,2024-08-10,M2,2.7214
b9324ab0-84cd-4d4b-b67e-115a309f9659,2024-08-08,M3,8.3634
b9324ab0-84cd-4d4b-b67e-115a309f9659,2024-08-09,M3,7.4768
b9324ab0-84cd-4d4b-b67e-115a309f9659,2024-08-10,M3,6.8204
b9324ab0-84cd-4d4b-b67e-115a309f9659,2024-08-08,M4,3.4042
b9324ab0-84cd-4d4b-b67e-115a309f9659,2024-08-09,M4,3.0433
b9324ab0-84cd-4d4b-b67e-115a309f9659,2024-08-10,M4,2.7761
b9324ab0-84cd-4d4b-b67e-115a309f9659,2024-08-08,M5,1.7089
b9324ab0-84cd-4d4b-b67e-115a309f9659,2024-08-09,M5,1.5277
b9324ab0-84cd-4d4b-b67e-115a309f9659,2024-08-10,M5,1.3936
b9b4be61-3429-4b80-913e-4880be9ba029,2024-08-08,M2,2.1103
b9b4be61-3429-4b80-913e-4880be9ba029,2024-08-09,M2,1.8866
b9b4be61-3429-4b80-913e-4880be9ba029,2024-08-10,M2,1.7209
b9b4be61-3429-4b80-913e-4880be9ba029,2024-08-08,M3,2.6379
b9b4be61-3429-4b80-913e-4880be9ba029,2024-08-09,M3,2.3582
b9b4be61-3429-4b80-913e-4880be9ba029,2024-08-10,M3,2.1512
b9b4be61-3429-4b80-913e-4880be9ba029,2024-08-08,M4,1.0551
b9b4be61-3429-4b80-913e-4880be9ba029,2024-08-09,M4,0.9433
b9b4be61-3429-4b80-913e-4880be9ba029,2024-08-10,M4,0.8605
b9ea591b-f4e0-41d2-80a9-41d3dd23b935,2024-08-08,B1,2.3072
b9ea591b-f4e0-41d2-80a9-41d3dd23b935,2024-08-09,B1,1.8829
b9ea591b-f4e0-41d2-80a9-41d3dd23b935,2024-08-10,B1,1.4632
b9ea591b-f4e0-41d2-80a9-41d3dd23b935,2024-08-08,B2,2.1992
b9ea591b-f4e0-41d2-80a9-41d3dd23b935,2024-08-09,B2,1.7948
b9ea591b-f4e0-41d2-80a9-41d3dd23b935,2024-08-10,B2,1.3947
b9ea591b-f4e0-41d2-80a9-41d3dd23b935,2024-08-08,B3,2.7049
b9ea591b-f4e0-41d2-80a9-41d3dd23b935,2024-08-09,B3,2.2074
b9ea591b-f4e0-41d2-80a9-41d3dd23b935,2024-08-10,B3,1.7154
ba58ff33-46fa-44c7-ada9-74f8667a3db0,2024-08-08,M1,1.5827
ba58ff33-46fa-44c7-ada9-74f8667a3db0,2024-08-09,M1,1.4149
ba58ff33-46fa-44c7-ada9-74f8667a3db0,2024-08-10,M1,1.2907
ba58ff33-46fa-44c7-ada9-74f8667a3db0,2024-08-08,M2,1.8459
ba58ff33-46fa-44c7-ada9-74f8667a3db0,2024-08-09,M2,1.6503
ba58ff33-46fa-44c7-ada9-74f8667a3db0,2024-08-10,M2,1.5054
ba58ff33-46fa-44c7-ada9-74f8667a3db0,2024-08-08,M3,2.0925
ba58ff33-46fa-44c7-ada9-74f8667a3db0,2024-08-09,M3,1.8707
ba58ff33-46fa-44c7-ada9-74f8667a3db0,2024-08-10,M3,1.7065
ba58ff33-46fa-44c7-ada9-74f8667a3db0,2024-08-08,M4,1.9344
ba58ff33-46fa-44c7-ada9-74f8667a3db0,2024-08-09,M4,1.7293
ba58ff33-46fa-44c7-ada9-74f8667a3db0,2024-08-10,M4,1.5775
ba58ff33-46fa-44c7-ada9-74f8667a3db0,2024-08-08,M5,3.1654
ba58ff33-46fa-44c7-ada9-74f8667a3db0,2024-08-09,M5,2.8298
ba58ff33-46fa-44c7-ada9-74f8667a3db0,2024-08-10,M5,2.5814
bad6f927-1f35-4a41-976d-20dda187f6e2,2024-08-08,B1,12.6153
bad6f927-1f35-4a41-976d-20dda187f6e2,2024-08-09,B1,10.2951
bad6f927-1f35-4a41-976d-20dda187f6e2,2024-08-10,B1,8.0002
bad6f927-1f35-4a41-976d-20dda187f6e2,2024-08-08,B2,13.7667
bad6f927-1f35-4a41-976d-20dda187f6e2,2024-08-09,B2,11.2348
bad6f927-1f35-4a41-976d-20dda187f6e2,2024-08-10,B2,8.7304
bad6f927-1f35-4a41-976d-20dda187f6e2,2024-08-08,B3,86.8471
bad6f927-1f35-4a41-976d-20dda187f6e2,2024-08-09,B3,70.8746
bad6f927-1f35-4a41-976d-20dda187f6e2,2024-08-10,B3,55.076
bad73988-4ff0-4fd6-8ecb-d6af1fdeb47a,2024-08-08,B2,1.1536
bad73988-4ff0-4fd6-8ecb-d6af1fdeb47a,2024-08-09,B2,0.9414
bad73988-4ff0-4fd6-8ecb-d6af1fdeb47a,2024-08-10,B2,0.7316
bad73988-4ff0-4fd6-8ecb-d6af1fdeb47a,2024-08-08,B3,2.4417
bad73988-4ff0-4fd6-8ecb-d6af1fdeb47a,2024-08-09,B3,1.9926
bad73988-4ff0-4fd6-8ecb-d6af1fdeb47a,2024-08-10,B3,1.5485
bb247399-a533-4b63-bad7-e191e4333036,2024-08-08,B2,1.1536
bb247399-a533-4b63-bad7-e191e4333036,2024-08-09,B2,0.9414
bb247399-a533-4b63-bad7-e191e4333036,2024-08-10,B2,0.7316
bb247399-a533-4b63-bad7-e191e4333036,2024-08-08,B3,2.3087
bb247399-a533-4b63-bad7-e191e4333036,2024-08-09,B3,1.8841
bb247399-a533-4b63-bad7-e191e4333036,2024-08-10,B3,1.4641
bb6ba5e5-d79f-46ac-853e-8903e5bbf5a7,2024-08-08,M1,1.9497
bb6ba5e5-d79f-46ac-853e-8903e5bbf5a7,2024-08-09,M1,1.743
bb6ba5e5-d79f-46ac-853e-8903e5bbf5a7,2024-08-10,M1,1.59
bb6ba5e5-d79f-46ac-853e-8903e5bbf5a7,2024-08-08,M2,5.2283
bb6ba5e5-d79f-46ac-853e-8903e5bbf5a7,2024-08-09,M2,4.6741
bb6ba5e5-d79f-46ac-853e-8903e5bbf5a7,2024-08-10,M2,4.2637
bb6ba5e5-d79f-46ac-853e-8903e5bbf5a7,2024-08-08,M3,5.5247
bb6ba5e5-d79f-46ac-853e-8903e5bbf5a7,2024-08-09,M3,4.939
bb6ba5e5-d79f-46ac-853e-8903e5bbf5a7,2024-08-10,M3,4.5054
bb6ba5e5-d79f-46ac-853e-8903e5bbf5a7,2024-08-08,M4,4.6349
bb6ba5e5-d79f-46ac-853e-8903e5bbf5a7,2024-08-09,M4,4.1435
bb6ba5e5-d79f-46ac-853e-8903e5bbf5a7,2024-08-10,M4,3.7798
bb6ba5e5-d79f-46ac-853e-8903e5bbf5a7,2024-08-08,M5,2.3965
bb6ba5e5-d79f-46ac-853e-8903e5bbf5a7,2024-08-09,M5,2.1425
bb6ba5e5-d79f-46ac-853e-8903e5bbf5a7,2024-08-10,M5,1.9544
bb8e4cc7-e825-4cb6-8f44-28dfcdf3fe8b,2024-08-08,M2,2.8052
bb8e4cc7-e825-4cb6-8f44-28dfcdf3fe8b,2024-08-09,M2,2.5078
bb8e4cc7-e825-4cb6-8f44-28dfcdf3fe8b,2024-08-10,M2,2.2876
bb8e4cc7-e825-4cb6-8f44-28dfcdf3fe8b,2024-08-08,M3,5.4003
bb8e4cc7-e825-4cb6-8f44-28dfcdf3fe8b,2024-08-09,M3,4.8278
bb8e4cc7-e825-4cb6-8f44-28dfcdf3fe8b,2024-08-10,M3,4.404
bb8e4cc7-e825-4cb6-8f44-28dfcdf3fe8b,2024-08-08,M4,1.8054
bb8e4cc7-e825-4cb6-8f44-28dfcdf3fe8b,2024-08-09,M4,1.614
bb8e4cc7-e825-4cb6-8f44-28dfcdf3fe8b,2024-08-10,M4,1.4723
bb8e4cc7-e825-4cb6-8f44-28dfcdf3fe8b,2024-08-08,M5,2.2148
bb8e4cc7-e825-4cb6-8f44-28dfcdf3fe8b,2024-08-09,M5,1.98
bb8e4cc7-e825-4cb6-8f44-28dfcdf3fe8b,2024-08-10,M5,1.8062
bbe95b2f-45db-46b7-91cd-b97631a74b64,2024-08-08,B2,1.8965
bbe95b2f-45db-46b7-91cd-b97631a74b64,2024-08-09,B2,1.5477
bbe95b2f-45db-46b7-91cd-b97631a74b64,2024-08-10,B2,1.2027
bbe95b2f-45db-46b7-91cd-b97631a74b64,2024-08-08,B3,2.5736
bbe95b2f-45db-46b7-91cd-b97631a74b64,2024-08-09,B3,2.1003
bbe95b2f-45db-46b7-91cd-b97631a74b64,2024-08-10,B3,1.6321
bc22d118-a619-437a-a575-620a9845b2c5,2024-08-08,B1,1.9331
bc22d118-a619-437a-a575-620a9845b2c5,2024-08-09,B1,1.5776
bc22d118-a619-437a-a575-620a9845b2c5,2024-08-10,B1,1.2259
bc22d118-a619-437a-a575-620a9845b2c5,2024-08-08,B2,2.1365
bc22d118-a619-437a-a575-620a9845b2c5,2024-08-09,B2,1.7436
bc22d118-a619-437a-a575-620a9845b2c5,2024-08-10,B2,1.3549
bc22d118-a619-437a-a575-620a9845b2c5,2024-08-08,B3,4.2197
bc22d118-a619-437a-a575-620a9845b2c5,2024-08-09,B3,3.4436
bc22d118-a619-437a-a575-620a9845b2c5,2024-08-10,B3,2.676
bc2bb73c-c580-4058-9704-2f7eb58cc0a9,2024-08-08,B1,1.8085
bc2bb73c-c580-4058-9704-2f7eb58cc0a9,2024-08-09,B1,1.4759
bc2bb73c-c580-4058-9704-2f7eb58cc0a9,2024-08-10,B1,1.1469
bc2bb73c-c580-4058-9704-2f7eb58cc0a9,2024-08-08,B2,3.1278
bc2bb73c-c580-4058-9704-2f7eb58cc0a9,2024-08-09,B2,2.5526
bc2bb73c-c580-4058-9704-2f7eb58cc0a9,2024-08-10,B2,1.9836
bc2bb73c-c580-4058-9704-2f7eb58cc0a9,2024-08-08,B3,5.9595
bc2bb73c-c580-4058-9704-2f7eb58cc0a9,2024-08-09,B3,4.8634
bc2bb73c-c580-4058-9704-2f7eb58cc0a9,2024-08-10,B3,3.7793
bc639397-3b4d-4996-a1a9-cd469bfde299,2024-08-08,B1,1.1536
bc639397-3b4d-4996-a1a9-cd469bfde299,2024-08-09,B1,0.9414
bc639397-3b4d-4996-a1a9-cd469bfde299,2024-08-10,B1,0.7316
bc639397-3b4d-4996-a1a9-cd469bfde299,2024-08-08,B3,2.0817
bc639397-3b4d-4996-a1a9-cd469bfde299,2024-08-09,B3,1.6988
bc639397-3b4d-4996-a1a9-cd469bfde299,2024-08-10,B3,1.3202
bc68759d-b04b-4b8c-be0e-cb68c5afc41f,2024-08-08,M3,1.8901
bc68759d-b04b-4b8c-be0e-cb68c5afc41f,2024-08-09,M3,1.6897
bc68759d-b04b-4b8c-be0e-cb68c5afc41f,2024-08-10,M3,1.5414
bc68759d-b04b-4b8c-be0e-cb68c5afc41f,2024-08-08,M5,2.1103
bc68759d-b04b-4b8c-be0e-cb68c5afc41f,2024-08-09,M5,1.8866
bc68759d-b04b-4b8c-be0e-cb68c5afc41f,2024-08-10,M5,1.7209
bcf97dfd-be14-4190-b0bd-c96a38c6f94b,2024-08-08,B1,2.3519
bcf97dfd-be14-4190-b0bd-c96a38c6f94b,2024-08-09,B1,1.9193
bcf97dfd-be14-4190-b0bd-c96a38c6f94b,2024-08-10,B1,1.4915
bcf97dfd-be14-4190-b0bd-c96a38c6f94b,2024-08-08,B2,1.9846
bcf97dfd-be14-4190-b0bd-c96a38c6f94b,2024-08-09,B2,1.6196
bcf97dfd-be14-4190-b0bd-c96a38c6f94b,2024-08-10,B2,1.2586
bcf97dfd-be14-4190-b0bd-c96a38c6f94b,2024-08-08,B3,3.7549
bcf97dfd-be14-4190-b0bd-c96a38c6f94b,2024-08-09,B3,3.0643
bcf97dfd-be14-4190-b0bd-c96a38c6f94b,2024-08-10,B3,2.3813
bd1dc08b-533a-49f6-a756-d7c957a8bf4f,2024-08-08,B1,3.4608
bd1dc08b-533a-49f6-a756-d7c957a8bf4f,2024-08-09,B1,2.8243
bd1dc08b-533a-49f6-a756-d7c957a8bf4f,2024-08-10,B1,2.1947
bd1dc08b-533a-49f6-a756-d7c957a8bf4f,2024-08-08,B2,2.1004
bd1dc08b-533a-49f6-a756-d7c957a8bf4f,2024-08-09,B2,1.7141
bd1dc08b-533a-49f6-a756-d7c957a8bf4f,2024-08-10,B2,1.332
bd1dc08b-533a-49f6-a756-d7c957a8bf4f,2024-08-08,B3,2.9039
bd1dc08b-533a-49f6-a756-d7c957a8bf4f,2024-08-09,B3,2.3699
bd1dc08b-533a-49f6-a756-d7c957a8bf4f,2024-08-10,B3,1.8416
bd442464-f8d7-4c0c-be49-b135aedd8ec4,2024-08-08,M2,2.1103
bd442464-f8d7-4c0c-be49-b135aedd8ec4,2024-08-09,M2,1.8866
bd442464-f8d7-4c0c-be49-b135aedd8ec4,2024-08-10,M2,1.7209
bd442464-f8d7-4c0c-be49-b135aedd8ec4,2024-08-08,M3,2.0214
bd442464-f8d7-4c0c-be49-b135aedd8ec4,2024-08-09,M3,1.8071
bd442464-f8d7-4c0c-be49-b135aedd8ec4,2024-08-10,M3,1.6485
bdd6a742-e078-4e37-bb40-172d5c7dbca3,2024-08-08,B1,4.6144
bdd6a742-e078-4e37-bb40-172d5c7dbca3,2024-08-09,B1,3.7657
bdd6a742-e078-4e37-bb40-172d5c7dbca3,2024-08-10,B1,2.9263
bdd6a742-e078-4e37-bb40-172d5c7dbca3,2024-08-08,B2,2.3072
bdd6a742-e078-4e37-bb40-172d5c7dbca3,2024-08-09,B2,1.8829
bdd6a742-e078-4e37-bb40-172d5c7dbca3,2024-08-10,B2,1.4632
bdd6a742-e078-4e37-bb40-172d5c7dbca3,2024-08-08,B3,2.5821
bdd6a742-e078-4e37-bb40-172d5c7dbca3,2024-08-09,B3,2.1072
bdd6a742-e078-4e37-bb40-172d5c7dbca3,2024-08-10,B3,1.6375
bded4d22-a25e-4b42-b9d6-41d3b1a5f71b,2024-08-08,M1,4.4524
bded4d22-a25e-4b42-b9d6-41d3b1a5f71b,2024-08-09,M1,3.9804
bded4d22-a25e-4b42-b9d6-41d3b1a5f71b,2024-08-10,M1,3.631
bded4d22-a25e-4b42-b9d6-41d3b1a5f71b,2024-08-08,M2,19.6257
bded4d22-a25e-4b42-b9d6-41d3b1a5f71b,2024-08-09,M2,17.5451
bded4d22-a25e-4b42-b9d6-41d3b1a5f71b,2024-08-10,M2,16.0049
bded4d22-a25e-4b42-b9d6-41d3b1a5f71b,2024-08-08,M3,16.0443
bded4d22-a25e-4b42-b9d6-41d3b1a5f71b,2024-08-09,M3,14.3434
bded4d22-a25e-4b42-b9d6-41d3b1a5f71b,2024-08-10,M3,13.0842
bded4d22-a25e-4b42-b9d6-41d3b1a5f71b,2024-08-08,M4,6.0361
bded4d22-a25e-4b42-b9d6-41d3b1a5f71b,2024-08-09,M4,5.3962
bded4d22-a25e-4b42-b9d6-41d3b1a5f71b,2024-08-10,M4,4.9225
bded4d22-a25e-4b42-b9d6-41d3b1a5f71b,2024-08-08,M5,2.2183
bded4d22-a25e-4b42-b9d6-41d3b1a5f71b,2024-08-09,M5,1.9832
bded4d22-a25e-4b42-b9d6-41d3b1a5f71b,2024-08-10,M5,1.8091
be3f9672-d045-4ad8-b972-4feb1f06dc04,2024-08-08,B1,1.1536
be3f9672-d045-4ad8-b972-4feb1f06dc04,2024-08-09,B1,0.9414
be3f9672-d045-4ad8-b972-4feb1f06dc04,2024-08-10,B1,0.7316
be3f9672-d045-4ad8-b972-4feb1f06dc04,2024-08-08,B2,1.938
be3f9672-d045-4ad8-b972-4feb1f06dc04,2024-08-09,B2,1.5816
be3f9672-d045-4ad8-b972-4feb1f06dc04,2024-08-10,B2,1.2291
be3f9672-d045-4ad8-b972-4feb1f06dc04,2024-08-08,B3,4.5144
be3f9672-d045-4ad8-b972-4feb1f06dc04,2024-08-09,B3,3.6841
be3f9672-d045-4ad8-b972-4feb1f06dc04,2024-08-10,B3,2.8629
be6bb73b-6fc0-43b7-8089-d66dee52429e,2024-08-08,M1,4.2206
be6bb73b-6fc0-43b7-8089-d66dee52429e,2024-08-09,M1,3.7731
be6bb73b-6fc0-43b7-8089-d66dee52429e,2024-08-10,M1,3.4419
be6bb73b-6fc0-43b7-8089-d66dee52429e,2024-08-08,M2,1.9149
be6bb73b-6fc0-43b7-8089-d66dee52429e,2024-08-09,M2,1.7119
be6bb73b-6fc0-43b7-8089-d66dee52429e,2024-08-10,M2,1.5616
be6bb73b-6fc0-43b7-8089-d66dee52429e,2024-08-08,M3,3.0951
be6bb73b-6fc0-43b7-8089-d66dee52429e,2024-08-09,M3,2.767
be6bb73b-6fc0-43b7-8089-d66dee52429e,2024-08-10,M3,2.5241
be6bb73b-6fc0-43b7-8089-d66dee52429e,2024-08-08,M4,2.0985
be6bb73b-6fc0-43b7-8089-d66dee52429e,2024-08-09,M4,1.876
be6bb73b-6fc0-43b7-8089-d66dee52429e,2024-08-10,M4,1.7113
be6bb73b-6fc0-43b7-8089-d66dee52429e,2024-08-08,M5,2.1103
be6bb73b-6fc0-43b7-8089-d66dee52429e,2024-08-09,M5,1.8866
be6bb73b-6fc0-43b7-8089-d66dee52429e,2024-08-10,M5,1.7209
bef39b84-4971-4bed-a6be-5f40700a9a00,2024-08-08,B2,2.3072
bef39b84-4971-4bed-a6be-5f40700a9a00,2024-08-09,B2,1.8829
bef39b84-4971-4bed-a6be-5f40700a9a00,2024-08-10,B2,1.4632
bf3f62ed-d9c0-4d73-b20f-e215ff0b8787,2024-08-08,B3,1.1536
bf3f62ed-d9c0-4d73-b20f-e215ff0b8787,2024-08-09,B3,0.9414
bf3f62ed-d9c0-4d73-b20f-e215ff0b8787,2024-08-10,B3,0.7316
bf441c0d-5579-426c-a18d-a9bf8bc849a7,2024-08-08,B1,3.1425
bf441c0d-5579-426c-a18d-a9bf8bc849a7,2024-08-09,B1,2.5645
bf441c0d-5579-426c-a18d-a9bf8bc849a7,2024-08-10,B1,1.9929
bf441c0d-5579-426c-a18d-a9bf8bc849a7,2024-08-08,B2,3.0383
bf441c0d-5579-426c-a18d-a9bf8bc849a7,2024-08-09,B2,2.4795
bf441c0d-5579-426c-a18d-a9bf8bc849a7,2024-08-10,B2,1.9268
bf441c0d-5579-426c-a18d-a9bf8bc849a7,2024-08-08,B3,4.6843
bf441c0d-5579-426c-a18d-a9bf8bc849a7,2024-08-09,B3,3.8228
bf441c0d-5579-426c-a18d-a9bf8bc849a7,2024-08-10,B3,2.9707
c08b4634-5182-4bd5-a846-e937a2cca204,2024-08-08,B1,2.3072
c08b4634-5182-4bd5-a846-e937a2cca204,2024-08-09,B1,1.8829
c08b4634-5182-4bd5-a846-e937a2cca204,2024-08-10,B1,1.4632
c08b4634-5182-4bd5-a846-e937a2cca204,2024-08-08,B2,2.3072
c08b4634-5182-4bd5-a846-e937a2cca204,2024-08-09,B2,1.8829
c08b4634-5182-4bd5-a846-e937a2cca204,2024-08-10,B2,1.4632
c08b4634-5182-4bd5-a846-e937a2cca204,2024-08-08,B3,1.956
c08b4634-5182-4bd5-a846-e937a2cca204,2024-08-09,B3,1.5963
c08b4634-5182-4bd5-a846-e937a2cca204,2024-08-10,B3,1.2405
c0a83ddd-a357-46ab-8edc-58e57930d1e1,2024-08-08,B1,2.9577
c0a83ddd-a357-46ab-8edc-58e57930d1e1,2024-08-09,B1,2.4137
c0a83ddd-a357-46ab-8edc-58e57930d1e1,2024-08-10,B1,1.8757
c0a83ddd-a357-46ab-8edc-58e57930d1e1,2024-08-08,B2,3.4608
c0a83ddd-a357-46ab-8edc-58e57930d1e1,2024-08-09,B2,2.8243
c0a83ddd-a357-46ab-8edc-58e57930d1e1,2024-08-10,B2,2.1947
c0a83ddd-a357-46ab-8edc-58e57930d1e1,2024-08-08,B3,5.4971
c0a83ddd-a357-46ab-8edc-58e57930d1e1,2024-08-09,B3,4.4861
c0a83ddd-a357-46ab-8edc-58e57930d1e1,2024-08-10,B3,3.4861
c0df4019-4b85-43bf-8886-91958c47fc24,2024-08-08,B3,3.657
c0df4019-4b85-43bf-8886-91958c47fc24,2024-08-09,B3,2.9844
c0df4019-4b85-43bf-8886-91958c47fc24,2024-08-10,B3,2.3192
c0f17fe0-b222-4e8c-9b0d-61f77abf8f55,2024-08-08,B1,1.8728
c0f17fe0-b222-4e8c-9b0d-61f77abf8f55,2024-08-09,B1,1.5284
c0f17fe0-b222-4e8c-9b0d-61f77abf8f55,2024-08-10,B1,1.1877
c0f17fe0-b222-4e8c-9b0d-61f77abf8f55,2024-08-08,B2,2.1089
c0f17fe0-b222-4e8c-9b0d-61f77abf8f55,2024-08-09,B2,1.721
c0f17fe0-b222-4e8c-9b0d-61f77abf8f55,2024-08-10,B2,1.3374
c0f17fe0-b222-4e8c-9b0d-61f77abf8f55,2024-08-08,B3,4.3898
c0f17fe0-b222-4e8c-9b0d-61f77abf8f55,2024-08-09,B3,3.5824
c0f17fe0-b222-4e8c-9b0d-61f77abf8f55,2024-08-10,B3,2.7839
c0f7eb6f-f2a2-460c-b060-0486adf86539,2024-08-08,B1,6.3448
c0f7eb6f-f2a2-460c-b060-0486adf86539,2024-08-09,B1,5.1779
c0f7eb6f-f2a2-460c-b060-0486adf86539,2024-08-10,B1,4.0237
c0f7eb6f-f2a2-460c-b060-0486adf86539,2024-08-08,B2,2.3559
c0f7eb6f-f2a2-460c-b060-0486adf86539,2024-08-09,B2,1.9226
c0f7eb6f-f2a2-460c-b060-0486adf86539,2024-08-10,B2,1.4941
c0f7eb6f-f2a2-460c-b060-0486adf86539,2024-08-08,B3,3.7087
c0f7eb6f-f2a2-460c-b060-0486adf86539,2024-08-09,B3,3.0266
c0f7eb6f-f2a2-460c-b060-0486adf86539,2024-08-10,B3,2.352
c12ebde5-c453-4d70-ba64-42b64b21e9cb,2024-08-08,B1,1.7304
c12ebde5-c453-4d70-ba64-42b64b21e9cb,2024-08-09,B1,1.4122
c12ebde5-c453-4d70-ba64-42b64b21e9cb,2024-08-10,B1,1.0974
c12ebde5-c453-4d70-ba64-42b64b21e9cb,2024-08-08,B2,1.9771
c12ebde5-c453-4d70-ba64-42b64b21e9cb,2024-08-09,B2,1.6135
c12ebde5-c453-4d70-ba64-42b64b21e9cb,2024-08-10,B2,1.2538
c12ebde5-c453-4d70-ba64-42b64b21e9cb,2024-08-08,B3,3.039
c12ebde5-c453-4d70-ba64-42b64b21e9cb,2024-08-09,B3,2.4801
c12ebde5-c453-4d70-ba64-42b64b21e9cb,2024-08-10,B3,1.9272
c197bf9c-f29d-4fe1-80e8-3d214225a693,2024-08-08,B3,1.7304
c197bf9c-f29d-4fe1-80e8-3d214225a693,2024-08-09,B3,1.4122
c197bf9c-f29d-4fe1-80e8-3d214225a693,2024-08-10,B3,1.0974
c2065c2b-ce0a-450d-af66-1c7e265b0f00,2024-08-08,M1,2.1554
c2065c2b-ce0a-450d-af66-1c7e265b0f00,2024-08-09,M1,1.9269
c2065c2b-ce0a-450d-af66-1c7e265b0f00,2024-08-10,M1,1.7577
c2065c2b-ce0a-450d-af66-1c7e265b0f00,2024-08-08,M2,4.8516
c2065c2b-ce0a-450d-af66-1c7e265b0f00,2024-08-09,M2,4.3373
c2065c2b-ce0a-450d-af66-1c7e265b0f00,2024-08-10,M2,3.9565
c2065c2b-ce0a-450d-af66-1c7e265b0f00,2024-08-08,M3,9.5859
c2065c2b-ce0a-450d-af66-1c7e265b0f00,2024-08-09,M3,8.5696
c2065c2b-ce0a-450d-af66-1c7e265b0f00,2024-08-10,M3,7.8173
c2065c2b-ce0a-450d-af66-1c7e265b0f00,2024-08-08,M4,3.7211
c2065c2b-ce0a-450d-af66-1c7e265b0f00,2024-08-09,M4,3.3266
c2065c2b-ce0a-450d-af66-1c7e265b0f00,2024-08-10,M4,3.0346
c2065c2b-ce0a-450d-af66-1c7e265b0f00,2024-08-08,M5,1.9455
c2065c2b-ce0a-450d-af66-1c7e265b0f00,2024-08-09,M5,1.7393
c2065c2b-ce0a-450d-af66-1c7e265b0f00,2024-08-10,M5,1.5866
c211fdee-e614-4891-951b-95b33bb5b8bb,2024-08-08,B1,1.1536
c211fdee-e614-4891-951b-95b33bb5b8bb,2024-08-09,B1,0.9414
c211fdee-e614-4891-951b-95b33bb5b8bb,2024-08-10,B1,0.7316
c211fdee-e614-4891-951b-95b33bb5b8bb,2024-08-08,B3,1.9089
c211fdee-e614-4891-951b-95b33bb5b8bb,2024-08-09,B3,1.5578
c211fdee-e614-4891-951b-95b33bb5b8bb,2024-08-10,B3,1.2106
c2bb3e6b-08fc-4ffa-a230-891955639384,2024-08-08,B2,1.7304
c2bb3e6b-08fc-4ffa-a230-891955639384,2024-08-09,B2,1.4122
c2bb3e6b-08fc-4ffa-a230-891955639384,2024-08-10,B2,1.0974
c2debc3e-dcff-4f4b-977f-54e227911814,2024-08-08,M2,1.9624
c2debc3e-dcff-4f4b-977f-54e227911814,2024-08-09,M2,1.7544
c2debc3e-dcff-4f4b-977f-54e227911814,2024-08-10,M2,1.6004
c2debc3e-dcff-4f4b-977f-54e227911814,2024-08-08,M3,1.838
c2debc3e-dcff-4f4b-977f-54e227911814,2024-08-09,M3,1.6432
c2debc3e-dcff-4f4b-977f-54e227911814,2024-08-10,M3,1.4989
c2debc3e-dcff-4f4b-977f-54e227911814,2024-08-08,M4,2.1442
c2debc3e-dcff-4f4b-977f-54e227911814,2024-08-09,M4,1.9169
c2debc3e-dcff-4f4b-977f-54e227911814,2024-08-10,M4,1.7486
c2debc3e-dcff-4f4b-977f-54e227911814,2024-08-08,M5,1.0551
c2debc3e-dcff-4f4b-977f-54e227911814,2024-08-09,M5,0.9433
c2debc3e-dcff-4f4b-977f-54e227911814,2024-08-10,M5,0.8605
c2ea2711-b50e-45d4-b5a5-48e3adb44880,2024-08-08,B1,1.1536
c2ea2711-b50e-45d4-b5a5-48e3adb44880,2024-08-09,B1,0.9414
c2ea2711-b50e-45d4-b5a5-48e3adb44880,2024-08-10,B1,0.7316
c2ea2711-b50e-45d4-b5a5-48e3adb44880,2024-08-08,B3,1.9135
c2ea2711-b50e-45d4-b5a5-48e3adb44880,2024-08-09,B3,1.5616
c2ea2711-b50e-45d4-b5a5-48e3adb44880,2024-08-10,B3,1.2135
c37c0bf6-8397-4b7d-ae1f-84a65106e0d1,2024-08-08,M1,1.5827
c37c0bf6-8397-4b7d-ae1f-84a65106e0d1,2024-08-09,M1,1.4149
c37c0bf6-8397-4b7d-ae1f-84a65106e0d1,2024-08-10,M1,1.2907
c37c0bf6-8397-4b7d-ae1f-84a65106e0d1,2024-08-08,M3,2.4983
c37c0bf6-8397-4b7d-ae1f-84a65106e0d1,2024-08-09,M3,2.2335
c37c0bf6-8397-4b7d-ae1f-84a65106e0d1,2024-08-10,M3,2.0374
c37c0bf6-8397-4b7d-ae1f-84a65106e0d1,2024-08-08,M5,3.1654
c37c0bf6-8397-4b7d-ae1f-84a65106e0d1,2024-08-09,M5,2.8298
c37c0bf6-8397-4b7d-ae1f-84a65106e0d1,2024-08-10,M5,2.5814
c37c63fa-c946-4c83-b5f6-cafaf7371038,2024-08-08,M1,2.1103
c37c63fa-c946-4c83-b5f6-cafaf7371038,2024-08-09,M1,1.8866
c37c63fa-c946-4c83-b5f6-cafaf7371038,2024-08-10,M1,1.7209
c37c63fa-c946-4c83-b5f6-cafaf7371038,2024-08-08,M2,2.6469
c37c63fa-c946-4c83-b5f6-cafaf7371038,2024-08-09,M2,2.3663
c37c63fa-c946-4c83-b5f6-cafaf7371038,2024-08-10,M2,2.1586
c37c63fa-c946-4c83-b5f6-cafaf7371038,2024-08-08,M3,3.0264
c37c63fa-c946-4c83-b5f6-cafaf7371038,2024-08-09,M3,2.7056
c37c63fa-c946-4c83-b5f6-cafaf7371038,2024-08-10,M3,2.468
c37c63fa-c946-4c83-b5f6-cafaf7371038,2024-08-08,M4,1.8308
c37c63fa-c946-4c83-b5f6-cafaf7371038,2024-08-09,M4,1.6367
c37c63fa-c946-4c83-b5f6-cafaf7371038,2024-08-10,M4,1.493
c37c63fa-c946-4c83-b5f6-cafaf7371038,2024-08-08,M5,2.1103
c37c63fa-c946-4c83-b5f6-cafaf7371038,2024-08-09,M5,1.8866
c37c63fa-c946-4c83-b5f6-cafaf7371038,2024-08-10,M5,1.7209
c3cda545-0c6f-40da-b12a-1ddf339295cb,2024-08-08,B1,2.8197
c3cda545-0c6f-40da-b12a-1ddf339295cb,2024-08-09,B1,2.3011
c3cda545-0c6f-40da-b12a-1ddf339295cb,2024-08-10,B1,1.7882
c3cda545-0c6f-40da-b12a-1ddf339295cb,2024-08-08,B2,3.0674
c3cda545-0c6f-40da-b12a-1ddf339295cb,2024-08-09,B2,2.5033
c3cda545-0c6f-40da-b12a-1ddf339295cb,2024-08-10,B2,1.9453
c3cda545-0c6f-40da-b12a-1ddf339295cb,2024-08-08,B3,22.8668
c3cda545-0c6f-40da-b12a-1ddf339295cb,2024-08-09,B3,18.6612
c3cda545-0c6f-40da-b12a-1ddf339295cb,2024-08-10,B3,14.5015
c41f255f-5491-48bb-9b73-c202d413d8f6,2024-08-08,B2,2.0493
c41f255f-5491-48bb-9b73-c202d413d8f6,2024-08-09,B2,1.6724
c41f255f-5491-48bb-9b73-c202d413d8f6,2024-08-10,B2,1.2996
c41f255f-5491-48bb-9b73-c202d413d8f6,2024-08-08,B3,2.0294
c41f255f-5491-48bb-9b73-c202d413d8f6,2024-08-09,B3,1.6562
c41f255f-5491-48bb-9b73-c202d413d8f6,2024-08-10,B3,1.287
c4441744-287b-4284-9da4-d366f6d256ec,2024-08-08,B1,1.1536
c4441744-287b-4284-9da4-d366f6d256ec,2024-08-09,B1,0.9414
c4441744-287b-4284-9da4-d366f6d256ec,2024-08-10,B1,0.7316
c4441744-287b-4284-9da4-d366f6d256ec,2024-08-08,B3,2.4106
c4441744-287b-4284-9da4-d366f6d256ec,2024-08-09,B3,1.9672
c4441744-287b-4284-9da4-d366f6d256ec,2024-08-10,B3,1.5287
c457f8f9-eb6d-4be9-8922-986beb87f79b,2024-08-08,B1,27.6864
c457f8f9-eb6d-4be9-8922-986beb87f79b,2024-08-09,B1,22.5944
c457f8f9-eb6d-4be9-8922-986beb87f79b,2024-08-10,B1,17.5579
c457f8f9-eb6d-4be9-8922-986beb87f79b,2024-08-08,B2,3.4608
c457f8f9-eb6d-4be9-8922-986beb87f79b,2024-08-09,B2,2.8243
c457f8f9-eb6d-4be9-8922-986beb87f79b,2024-08-10,B2,2.1947
c457f8f9-eb6d-4be9-8922-986beb87f79b,2024-08-08,B3,46.3407
c457f8f9-eb6d-4be9-8922-986beb87f79b,2024-08-09,B3,37.8179
c457f8f9-eb6d-4be9-8922-986beb87f79b,2024-08-10,B3,29.3879
c4e85a86-c3e3-4912-a499-0f2258a62f8e,2024-08-08,B1,1.8763
c4e85a86-c3e3-4912-a499-0f2258a62f8e,2024-08-09,B1,1.5312
c4e85a86-c3e3-4912-a499-0f2258a62f8e,2024-08-10,B1,1.1899
c4e85a86-c3e3-4912-a499-0f2258a62f8e,2024-08-08,B2,2.1414
c4e85a86-c3e3-4912-a499-0f2258a62f8e,2024-08-09,B2,1.7475
c4e85a86-c3e3-4912-a499-0f2258a62f8e,2024-08-10,B2,1.358
c4e85a86-c3e3-4912-a499-0f2258a62f8e,2024-08-08,B3,11.4313
c4e85a86-c3e3-4912-a499-0f2258a62f8e,2024-08-09,B3,9.3289
c4e85a86-c3e3-4912-a499-0f2258a62f8e,2024-08-10,B3,7.2494
c55711c0-deaa-4d27-b9c8-f1b177636fbd,2024-08-08,M1,6.0476
c55711c0-deaa-4d27-b9c8-f1b177636fbd,2024-08-09,M1,5.4064
c55711c0-deaa-4d27-b9c8-f1b177636fbd,2024-08-10,M1,4.9318
c55711c0-deaa-4d27-b9c8-f1b177636fbd,2024-08-08,M2,9.7787
c55711c0-deaa-4d27-b9c8-f1b177636fbd,2024-08-09,M2,8.742
c55711c0-deaa-4d27-b9c8-f1b177636fbd,2024-08-10,M2,7.9746
c55711c0-deaa-4d27-b9c8-f1b177636fbd,2024-08-08,M3,34.2379
c55711c0-deaa-4d27-b9c8-f1b177636fbd,2024-08-09,M3,30.6082
c55711c0-deaa-4d27-b9c8-f1b177636fbd,2024-08-10,M3,27.9212
c55711c0-deaa-4d27-b9c8-f1b177636fbd,2024-08-08,M4,11.2079
c55711c0-deaa-4d27-b9c8-f1b177636fbd,2024-08-09,M4,10.0197
c55711c0-deaa-4d27-b9c8-f1b177636fbd,2024-08-10,M4,9.1401
c55711c0-deaa-4d27-b9c8-f1b177636fbd,2024-08-08,M5,3.9259
c55711c0-deaa-4d27-b9c8-f1b177636fbd,2024-08-09,M5,3.5097
c55711c0-deaa-4d27-b9c8-f1b177636fbd,2024-08-10,M5,3.2016
c5b9d75d-86bc-4e87-87c4-1d751096d21a,2024-08-08,B1,5.0622
c5b9d75d-86bc-4e87-87c4-1d751096d21a,2024-08-09,B1,4.1312
c5b9d75d-86bc-4e87-87c4-1d751096d21a,2024-08-10,B1,3.2103
c5b9d75d-86bc-4e87-87c4-1d751096d21a,2024-08-08,B2,7.2736
c5b9d75d-86bc-4e87-87c4-1d751096d21a,2024-08-09,B2,5.9359
c5b9d75d-86bc-4e87-87c4-1d751096d21a,2024-08-10,B2,4.6127
c5b9d75d-86bc-4e87-87c4-1d751096d21a,2024-08-08,B3,44.8963
c5b9d75d-86bc-4e87-87c4-1d751096d21a,2024-08-09,B3,36.6392
c5b9d75d-86bc-4e87-87c4-1d751096d21a,2024-08-10,B3,28.472
c622952d-a1e5-43b6-929e-f13f1ac81ef0,2024-08-08,B1,3.3304
c622952d-a1e5-43b6-929e-f13f1ac81ef0,2024-08-09,B1,2.7179
c622952d-a1e5-43b6-929e-f13f1ac81ef0,2024-08-10,B1,2.112
c622952d-a1e5-43b6-929e-f13f1ac81ef0,2024-08-08,B2,4.0621
c622952d-a1e5-43b6-929e-f13f1ac81ef0,2024-08-09,B2,3.315
c622952d-a1e5-43b6-929e-f13f1ac81ef0,2024-08-10,B2,2.576
c622952d-a1e5-43b6-929e-f13f1ac81ef0,2024-08-08,B3,11.192
c622952d-a1e5-43b6-929e-f13f1ac81ef0,2024-08-09,B3,9.1336
c622952d-a1e5-43b6-929e-f13f1ac81ef0,2024-08-10,B3,7.0976
c64f39e7-350e-4750-a7d8-dedbd5cab0f2,2024-08-08,M2,1.9026
c64f39e7-350e-4750-a7d8-dedbd5cab0f2,2024-08-09,M2,1.7009
c64f39e7-350e-4750-a7d8-dedbd5cab0f2,2024-08-10,M2,1.5516
c64f39e7-350e-4750-a7d8-dedbd5cab0f2,2024-08-08,M3,1.9633
c64f39e7-350e-4750-a7d8-dedbd5cab0f2,2024-08-09,M3,1.7552
c64f39e7-350e-4750-a7d8-dedbd5cab0f2,2024-08-10,M3,1.6011
c69e2fbe-46d3-4c27-8aa7-cc7ddd2377fc,2024-08-08,M1,2.1103
c69e2fbe-46d3-4c27-8aa7-cc7ddd2377fc,2024-08-09,M1,1.8866
c69e2fbe-46d3-4c27-8aa7-cc7ddd2377fc,2024-08-10,M1,1.7209
c69e2fbe-46d3-4c27-8aa7-cc7ddd2377fc,2024-08-08,M2,2.5893
c69e2fbe-46d3-4c27-8aa7-cc7ddd2377fc,2024-08-09,M2,2.3148
c69e2fbe-46d3-4c27-8aa7-cc7ddd2377fc,2024-08-10,M2,2.1116
c69e2fbe-46d3-4c27-8aa7-cc7ddd2377fc,2024-08-08,M3,3.2747
c69e2fbe-46d3-4c27-8aa7-cc7ddd2377fc,2024-08-09,M3,2.9275
c69e2fbe-46d3-4c27-8aa7-cc7ddd2377fc,2024-08-10,M3,2.6705
c69e2fbe-46d3-4c27-8aa7-cc7ddd2377fc,2024-08-08,M4,1.9113
c69e2fbe-46d3-4c27-8aa7-cc7ddd2377fc,2024-08-09,M4,1.7086
c69e2fbe-46d3-4c27-8aa7-cc7ddd2377fc,2024-08-10,M4,1.5586
c69e2fbe-46d3-4c27-8aa7-cc7ddd2377fc,2024-08-08,M5,1.5481
c69e2fbe-46d3-4c27-8aa7-cc7ddd2377fc,2024-08-09,M5,1.384
c69e2fbe-46d3-4c27-8aa7-cc7ddd2377fc,2024-08-10,M5,1.2625
c6e56dc2-1495-4718-bbf1-563992b5e748,2024-08-08,B3,1.8141
c6e56dc2-1495-4718-bbf1-563992b5e748,2024-08-09,B3,1.4804
c6e56dc2-1495-4718-bbf1-563992b5e748,2024-08-10,B3,1.1504
c6ee358e-2ef6-43ea-8078-e6b084fbcf6a,2024-08-08,M2,1.5827
c6ee358e-2ef6-43ea-8078-e6b084fbcf6a,2024-08-09,M2,1.4149
c6ee358e-2ef6-43ea-8078-e6b084fbcf6a,2024-08-10,M2,1.2907
c6ee358e-2ef6-43ea-8078-e6b084fbcf6a,2024-08-08,M3,2.9109
c6ee358e-2ef6-43ea-8078-e6b084fbcf6a,2024-08-09,M3,2.6023
c6ee358e-2ef6-43ea-8078-e6b084fbcf6a,2024-08-10,M3,2.3738
c6ee358e-2ef6-43ea-8078-e6b084fbcf6a,2024-08-08,M4,3.693
c6ee358e-2ef6-43ea-8078-e6b084fbcf6a,2024-08-09,M4,3.3015
c6ee358e-2ef6-43ea-8078-e6b084fbcf6a,2024-08-10,M4,3.0117
c71566e7-5026-4f3e-a974-67e3dc9825ca,2024-08-08,M1,1.0551
c71566e7-5026-4f3e-a974-67e3dc9825ca,2024-08-09,M1,0.9433
c71566e7-5026-4f3e-a974-67e3dc9825ca,2024-08-10,M1,0.8605
c71566e7-5026-4f3e-a974-67e3dc9825ca,2024-08-08,M2,1.8653
c71566e7-5026-4f3e-a974-67e3dc9825ca,2024-08-09,M2,1.6675
c71566e7-5026-4f3e-a974-67e3dc9825ca,2024-08-10,M2,1.5211
c71566e7-5026-4f3e-a974-67e3dc9825ca,2024-08-08,M3,2.7909
c71566e7-5026-4f3e-a974-67e3dc9825ca,2024-08-09,M3,2.4951
c71566e7-5026-4f3e-a974-67e3dc9825ca,2024-08-10,M3,2.276
c71566e7-5026-4f3e-a974-67e3dc9825ca,2024-08-08,M4,1.7657
c71566e7-5026-4f3e-a974-67e3dc9825ca,2024-08-09,M4,1.5785
c71566e7-5026-4f3e-a974-67e3dc9825ca,2024-08-10,M4,1.44
c7322d33-08cb-4ab0-b294-8f04a8e802d5,2024-08-08,B2,2.3072
c7322d33-08cb-4ab0-b294-8f04a8e802d5,2024-08-09,B2,1.8829
c7322d33-08cb-4ab0-b294-8f04a8e802d5,2024-08-10,B2,1.4632
c7322d33-08cb-4ab0-b294-8f04a8e802d5,2024-08-08,B3,1.9952
c7322d33-08cb-4ab0-b294-8f04a8e802d5,2024-08-09,B3,1.6282
c7322d33-08cb-4ab0-b294-8f04a8e802d5,2024-08-10,B3,1.2653
c742227a-b04f-487f-b8c5-ca5a16d4955f,2024-08-08,B1,2.7948
c742227a-b04f-487f-b8c5-ca5a16d4955f,2024-08-09,B1,2.2808
c742227a-b04f-487f-b8c5-ca5a16d4955f,2024-08-10,B1,1.7724
c742227a-b04f-487f-b8c5-ca5a16d4955f,2024-08-08,B2,1.7304
c742227a-b04f-487f-b8c5-ca5a16d4955f,2024-08-09,B2,1.4122
c742227a-b04f-487f-b8c5-ca5a16d4955f,2024-08-10,B2,1.0974
c742227a-b04f-487f-b8c5-ca5a16d4955f,2024-08-08,B3,6.5504
c742227a-b04f-487f-b8c5-ca5a16d4955f,2024-08-09,B3,5.3457
c742227a-b04f-487f-b8c5-ca5a16d4955f,2024-08-10,B3,4.1541
c7aceb34-6aad-41e0-b9f3-e398805dbdc7,2024-08-08,B1,1.1536
c7aceb34-6aad-41e0-b9f3-e398805dbdc7,2024-08-09,B1,0.9414
c7aceb34-6aad-41e0-b9f3-e398805dbdc7,2024-08-10,B1,0.7316
c7aceb34-6aad-41e0-b9f3-e398805dbdc7,2024-08-08,B2,2.1089
c7aceb34-6aad-41e0-b9f3-e398805dbdc7,2024-08-09,B2,1.721
c7aceb34-6aad-41e0-b9f3-e398805dbdc7,2024-08-10,B2,1.3374
c7aceb34-6aad-41e0-b9f3-e398805dbdc7,2024-08-08,B3,2.361
c7aceb34-6aad-41e0-b9f3-e398805dbdc7,2024-08-09,B3,1.9268
c7aceb34-6aad-41e0-b9f3-e398805dbdc7,2024-08-10,B3,1.4973
c7e3203d-6d02-427f-9a99-1e64432336ee,2024-08-08,M1,3.1654
c7e3203d-6d02-427f-9a99-1e64432336ee,2024-08-09,M1,2.8298
c7e3203d-6d02-427f-9a99-1e64432336ee,2024-08-10,M1,2.5814
c7e3203d-6d02-427f-9a99-1e64432336ee,2024-08-08,M3,1.9602
c7e3203d-6d02-427f-9a99-1e64432336ee,2024-08-09,M3,1.7524
c7e3203d-6d02-427f-9a99-1e64432336ee,2024-08-10,M3,1.5985
c7e3203d-6d02-427f-9a99-1e64432336ee,2024-08-08,M4,2.1121
c7e3203d-6d02-427f-9a99-1e64432336ee,2024-08-09,M4,1.8882
c7e3203d-6d02-427f-9a99-1e64432336ee,2024-08-10,M4,1.7225
c7e3203d-6d02-427f-9a99-1e64432336ee,2024-08-08,M5,1.0551
c7e3203d-6d02-427f-9a99-1e64432336ee,2024-08-09,M5,0.9433
c7e3203d-6d02-427f-9a99-1e64432336ee,2024-08-10,M5,0.8605
c8230c8a-20ab-4f27-bcb8-38bb489dea7e,2024-08-08,B1,1.877
c8230c8a-20ab-4f27-bcb8-38bb489dea7e,2024-08-09,B1,1.5318
c8230c8a-20ab-4f27-bcb8-38bb489dea7e,2024-08-10,B1,1.1903
c8230c8a-20ab-4f27-bcb8-38bb489dea7e,2024-08-08,B2,1.1536
c8230c8a-20ab-4f27-bcb8-38bb489dea7e,2024-08-09,B2,0.9414
c8230c8a-20ab-4f27-bcb8-38bb489dea7e,2024-08-10,B2,0.7316
c8230c8a-20ab-4f27-bcb8-38bb489dea7e,2024-08-08,B3,4.0455
c8230c8a-20ab-4f27-bcb8-38bb489dea7e,2024-08-09,B3,3.3014
c8230c8a-20ab-4f27-bcb8-38bb489dea7e,2024-08-10,B3,2.5655
c8371be8-021e-4275-8f14-10e658ce3002,2024-08-08,B3,15.0109
c8371be8-021e-4275-8f14-10e658ce3002,2024-08-09,B3,12.2502
c8371be8-021e-4275-8f14-10e658ce3002,2024-08-10,B3,9.5195
c873beb8-bba8-4d18-bdcc-f6c6a608e60c,2024-08-08,B1,3.823
c873beb8-bba8-4d18-bdcc-f6c6a608e60c,2024-08-09,B1,3.1199
c873beb8-bba8-4d18-bdcc-f6c6a608e60c,2024-08-10,B1,2.4244
c873beb8-bba8-4d18-bdcc-f6c6a608e60c,2024-08-08,B2,8.8574
c873beb8-bba8-4d18-bdcc-f6c6a608e60c,2024-08-09,B2,7.2284
c873beb8-bba8-4d18-bdcc-f6c6a608e60c,2024-08-10,B2,5.6171
c873beb8-bba8-4d18-bdcc-f6c6a608e60c,2024-08-08,B3,16.8469
c873beb8-bba8-4d18-bdcc-f6c6a608e60c,2024-08-09,B3,13.7485
c873beb8-bba8-4d18-bdcc-f6c6a608e60c,2024-08-10,B3,10.6838
c885af1a-137c-4418-be28-1d97dc3cfb03,2024-08-08,B1,3.8116
c885af1a-137c-4418-be28-1d97dc3cfb03,2024-08-09,B1,3.1106
c885af1a-137c-4418-be28-1d97dc3cfb03,2024-08-10,B1,2.4172
c885af1a-137c-4418-be28-1d97dc3cfb03,2024-08-08,B2,3.4608
c885af1a-137c-4418-be28-1d97dc3cfb03,2024-08-09,B2,2.8243
c885af1a-137c-4418-be28-1d97dc3cfb03,2024-08-10,B2,2.1947
c885af1a-137c-4418-be28-1d97dc3cfb03,2024-08-08,B3,9.7152
c885af1a-137c-4418-be28-1d97dc3cfb03,2024-08-09,B3,7.9284
c885af1a-137c-4418-be28-1d97dc3cfb03,2024-08-10,B3,6.1611
c8ca6c0b-140e-424c-a3d8-956f9dde6bb7,2024-08-08,M1,2.1103
c8ca6c0b-140e-424c-a3d8-956f9dde6bb7,2024-08-09,M1,1.8866
c8ca6c0b-140e-424c-a3d8-956f9dde6bb7,2024-08-10,M1,1.7209
c8ca6c0b-140e-424c-a3d8-956f9dde6bb7,2024-08-08,M2,1.9436
c8ca6c0b-140e-424c-a3d8-956f9dde6bb7,2024-08-09,M2,1.7376
c8ca6c0b-140e-424c-a3d8-956f9dde6bb7,2024-08-10,M2,1.585
c8ca6c0b-140e-424c-a3d8-956f9dde6bb7,2024-08-08,M3,2.9348
c8ca6c0b-140e-424c-a3d8-956f9dde6bb7,2024-08-09,M3,2.6237
c8ca6c0b-140e-424c-a3d8-956f9dde6bb7,2024-08-10,M3,2.3933
c8ca6c0b-140e-424c-a3d8-956f9dde6bb7,2024-08-08,M4,2.0726
c8ca6c0b-140e-424c-a3d8-956f9dde6bb7,2024-08-09,M4,1.8528
c8ca6c0b-140e-424c-a3d8-956f9dde6bb7,2024-08-10,M4,1.6902
c8ca6c0b-140e-424c-a3d8-956f9dde6bb7,2024-08-08,M5,3.1654
c8ca6c0b-140e-424c-a3d8-956f9dde6bb7,2024-08-09,M5,2.8298
c8ca6c0b-140e-424c-a3d8-956f9dde6bb7,2024-08-10,M5,2.5814
c8e90472-e11a-4927-96f5-af2a69fcb250,2024-08-08,M3,2.1103
c8e90472-e11a-4927-96f5-af2a69fcb250,2024-08-09,M3,1.8866
c8e90472-e11a-4927-96f5-af2a69fcb250,2024-08-10,M3,1.7209
c8fd6a1a-8261-406f-a526-647632d09d1e,2024-08-08,M1,2.1341
c8fd6a1a-8261-406f-a526-647632d09d1e,2024-08-09,M1,1.9079
c8fd6a1a-8261-406f-a526-647632d09d1e,2024-08-10,M1,1.7404
c8fd6a1a-8261-406f-a526-647632d09d1e,2024-08-08,M2,3.7113
c8fd6a1a-8261-406f-a526-647632d09d1e,2024-08-09,M2,3.3178
c8fd6a1a-8261-406f-a526-647632d09d1e,2024-08-10,M2,3.0266
c8fd6a1a-8261-406f-a526-647632d09d1e,2024-08-08,M3,13.2492
c8fd6a1a-8261-406f-a526-647632d09d1e,2024-08-09,M3,11.8446
c8fd6a1a-8261-406f-a526-647632d09d1e,2024-08-10,M3,10.8048
c8fd6a1a-8261-406f-a526-647632d09d1e,2024-08-08,M4,2.8336
c8fd6a1a-8261-406f-a526-647632d09d1e,2024-08-09,M4,2.5332
c8fd6a1a-8261-406f-a526-647632d09d1e,2024-08-10,M4,2.3108
c8fd6a1a-8261-406f-a526-647632d09d1e,2024-08-08,M5,3.401
c8fd6a1a-8261-406f-a526-647632d09d1e,2024-08-09,M5,3.0404
c8fd6a1a-8261-406f-a526-647632d09d1e,2024-08-10,M5,2.7735
c91340f7-598f-4478-b873-66ae196a3d72,2024-08-08,B1,1.7304
c91340f7-598f-4478-b873-66ae196a3d72,2024-08-09,B1,1.4122
c91340f7-598f-4478-b873-66ae196a3d72,2024-08-10,B1,1.0974
c91340f7-598f-4478-b873-66ae196a3d72,2024-08-08,B2,2.4617
c91340f7-598f-4478-b873-66ae196a3d72,2024-08-09,B2,2.009
c91340f7-598f-4478-b873-66ae196a3d72,2024-08-10,B2,1.5612
c91340f7-598f-4478-b873-66ae196a3d72,2024-08-08,B3,3.6029
c91340f7-598f-4478-b873-66ae196a3d72,2024-08-09,B3,2.9403
c91340f7-598f-4478-b873-66ae196a3d72,2024-08-10,B3,2.2849
c931b254-042f-4d16-a092-5ac50c844db3,2024-08-08,M1,1.9037
c931b254-042f-4d16-a092-5ac50c844db3,2024-08-09,M1,1.7019
c931b254-042f-4d16-a092-5ac50c844db3,2024-08-10,M1,1.5525
c931b254-042f-4d16-a092-5ac50c844db3,2024-08-08,M2,3.5132
c931b254-042f-4d16-a092-5ac50c844db3,2024-08-09,M2,3.1407
c931b254-042f-4d16-a092-5ac50c844db3,2024-08-10,M2,2.865
c931b254-042f-4d16-a092-5ac50c844db3,2024-08-08,M3,4.7148
c931b254-042f-4d16-a092-5ac50c844db3,2024-08-09,M3,4.215
c931b254-042f-4d16-a092-5ac50c844db3,2024-08-10,M3,3.845
c931b254-042f-4d16-a092-5ac50c844db3,2024-08-08,M4,3.191
c931b254-042f-4d16-a092-5ac50c844db3,2024-08-09,M4,2.8527
c931b254-042f-4d16-a092-5ac50c844db3,2024-08-10,M4,2.6023
c931b254-042f-4d16-a092-5ac50c844db3,2024-08-08,M5,1.6816
c931b254-042f-4d16-a092-5ac50c844db3,2024-08-09,M5,1.5033
c931b254-042f-4d16-a092-5ac50c844db3,2024-08-10,M5,1.3714
c9360cce-eeee-42e7-9263-6f1706fcc0c0,2024-08-08,B1,3.631
c9360cce-eeee-42e7-9263-6f1706fcc0c0,2024-08-09,B1,2.9632
c9360cce-eeee-42e7-9263-6f1706fcc0c0,2024-08-10,B1,2.3026
c9360cce-eeee-42e7-9263-6f1706fcc0c0,2024-08-08,B2,3.755
c9360cce-eeee-42e7-9263-6f1706fcc0c0,2024-08-09,B2,3.0644
c9360cce-eeee-42e7-9263-6f1706fcc0c0,2024-08-10,B2,2.3813
c9360cce-eeee-42e7-9263-6f1706fcc0c0,2024-08-08,B3,11.4404
c9360cce-eeee-42e7-9263-6f1706fcc0c0,2024-08-09,B3,9.3364
c9360cce-eeee-42e7-9263-6f1706fcc0c0,2024-08-10,B3,7.2552
c947930f-7c5e-4537-ab0f-936e56b7a577,2024-08-08,B1,1.967
c947930f-7c5e-4537-ab0f-936e56b7a577,2024-08-09,B1,1.6052
c947930f-7c5e-4537-ab0f-936e56b7a577,2024-08-10,B1,1.2474
c947930f-7c5e-4537-ab0f-936e56b7a577,2024-08-08,B2,5.3266
c947930f-7c5e-4537-ab0f-936e56b7a577,2024-08-09,B2,4.347
c947930f-7c5e-4537-ab0f-936e56b7a577,2024-08-10,B2,3.378
c947930f-7c5e-4537-ab0f-936e56b7a577,2024-08-08,B3,12.7803
c947930f-7c5e-4537-ab0f-936e56b7a577,2024-08-09,B3,10.4298
c947930f-7c5e-4537-ab0f-936e56b7a577,2024-08-10,B3,8.1049
c9ab4ce3-c4bb-49f3-837a-88dab0b4b00f,2024-08-08,B1,3.2582
c9ab4ce3-c4bb-49f3-837a-88dab0b4b00f,2024-08-09,B1,2.6589
c9ab4ce3-c4bb-49f3-837a-88dab0b4b00f,2024-08-10,B1,2.0662
c9ab4ce3-c4bb-49f3-837a-88dab0b4b00f,2024-08-08,B2,5.8802
c9ab4ce3-c4bb-49f3-837a-88dab0b4b00f,2024-08-09,B2,4.7987
c9ab4ce3-c4bb-49f3-837a-88dab0b4b00f,2024-08-10,B2,3.729
c9ab4ce3-c4bb-49f3-837a-88dab0b4b00f,2024-08-08,B3,7.802
c9ab4ce3-c4bb-49f3-837a-88dab0b4b00f,2024-08-09,B3,6.3671
c9ab4ce3-c4bb-49f3-837a-88dab0b4b00f,2024-08-10,B3,4.9478
c9b90314-7625-4417-b4ba-fe91b4606c30,2024-08-08,B1,2.0517
c9b90314-7625-4417-b4ba-fe91b4606c30,2024-08-09,B1,1.6743
c9b90314-7625-4417-b4ba-fe91b4606c30,2024-08-10,B1,1.3011
c9b90314-7625-4417-b4ba-fe91b4606c30,2024-08-08,B2,2.1434
c9b90314-7625-4417-b4ba-fe91b4606c30,2024-08-09,B2,1.7492
c9b90314-7625-4417-b4ba-fe91b4606c30,2024-08-10,B2,1.3593
c9b90314-7625-4417-b4ba-fe91b4606c30,2024-08-08,B3,23.072
c9b90314-7625-4417-b4ba-fe91b4606c30,2024-08-09,B3,18.8287
c9b90314-7625-4417-b4ba-fe91b4606c30,2024-08-10,B3,14.6316
c9f3b81d-979d-4812-9a8a-0d122f33184d,2024-08-08,M1,1.0551
c9f3b81d-979d-4812-9a8a-0d122f33184d,2024-08-09,M1,0.9433
c9f3b81d-979d-4812-9a8a-0d122f33184d,2024-08-10,M1,0.8605
c9f3b81d-979d-4812-9a8a-0d122f33184d,2024-08-08,M2,1.7331
c9f3b81d-979d-4812-9a8a-0d122f33184d,2024-08-09,M2,1.5494
c9f3b81d-979d-4812-9a8a-0d122f33184d,2024-08-10,M2,1.4134
c9f3b81d-979d-4812-9a8a-0d122f33184d,2024-08-08,M3,1.9089
c9f3b81d-979d-4812-9a8a-0d122f33184d,2024-08-09,M3,1.7065
c9f3b81d-979d-4812-9a8a-0d122f33184d,2024-08-10,M3,1.5567
c9f3b81d-979d-4812-9a8a-0d122f33184d,2024-08-08,M4,2.0529
c9f3b81d-979d-4812-9a8a-0d122f33184d,2024-08-09,M4,1.8353
c9f3b81d-979d-4812-9a8a-0d122f33184d,2024-08-10,M4,1.6742
c9f3b81d-979d-4812-9a8a-0d122f33184d,2024-08-08,M5,1.0551
c9f3b81d-979d-4812-9a8a-0d122f33184d,2024-08-09,M5,0.9433
c9f3b81d-979d-4812-9a8a-0d122f33184d,2024-08-10,M5,0.8605
ca7baf2a-794f-47cc-8aab-f914cfdb670e,2024-08-08,M2,1.901
ca7baf2a-794f-47cc-8aab-f914cfdb670e,2024-08-09,M2,1.6995
ca7baf2a-794f-47cc-8aab-f914cfdb670e,2024-08-10,M2,1.5503
ca7baf2a-794f-47cc-8aab-f914cfdb670e,2024-08-08,M3,1.9676
ca7baf2a-794f-47cc-8aab-f914cfdb670e,2024-08-09,M3,1.759
ca7baf2a-794f-47cc-8aab-f914cfdb670e,2024-08-10,M3,1.6046
ca7baf2a-794f-47cc-8aab-f914cfdb670e,2024-08-08,M4,1.0551
ca7baf2a-794f-47cc-8aab-f914cfdb670e,2024-08-09,M4,0.9433
ca7baf2a-794f-47cc-8aab-f914cfdb670e,2024-08-10,M4,0.8605
caa27498-847a-4cc6-a9f0-0c26e55ab867,2024-08-08,B1,3.3948
caa27498-847a-4cc6-a9f0-0c26e55ab867,2024-08-09,B1,2.7704
caa27498-847a-4cc6-a9f0-0c26e55ab867,2024-08-10,B1,2.1529
caa27498-847a-4cc6-a9f0-0c26e55ab867,2024-08-08,B2,6.9465
caa27498-847a-4cc6-a9f0-0c26e55ab867,2024-08-09,B2,5.6689
caa27498-847a-4cc6-a9f0-0c26e55ab867,2024-08-10,B2,4.4053
caa27498-847a-4cc6-a9f0-0c26e55ab867,2024-08-08,B3,5.3617
caa27498-847a-4cc6-a9f0-0c26e55ab867,2024-08-09,B3,4.3756
caa27498-847a-4cc6-a9f0-0c26e55ab867,2024-08-10,B3,3.4002
caa75f7a-6f16-4836-baed-6f6cdb755d9b,2024-08-08,B1,5.9517
caa75f7a-6f16-4836-baed-6f6cdb755d9b,2024-08-09,B1,4.8571
caa75f7a-6f16-4836-baed-6f6cdb755d9b,2024-08-10,B1,3.7744
caa75f7a-6f16-4836-baed-6f6cdb755d9b,2024-08-08,B2,2.9235
caa75f7a-6f16-4836-baed-6f6cdb755d9b,2024-08-09,B2,2.3858
caa75f7a-6f16-4836-baed-6f6cdb755d9b,2024-08-10,B2,1.854
caa75f7a-6f16-4836-baed-6f6cdb755d9b,2024-08-08,B3,25.951
caa75f7a-6f16-4836-baed-6f6cdb755d9b,2024-08-09,B3,21.1782
caa75f7a-6f16-4836-baed-6f6cdb755d9b,2024-08-10,B3,16.4574
cad4e0ea-da47-4a7a-bf2c-30d1d6338f38,2024-08-08,B3,35.118
cad4e0ea-da47-4a7a-bf2c-30d1d6338f38,2024-08-09,B3,28.6592
cad4e0ea-da47-4a7a-bf2c-30d1d6338f38,2024-08-10,B3,22.2708
cb35680c-75f9-4d4d-a2da-7fc8b631e679,2024-08-08,B1,2.3072
cb35680c-75f9-4d4d-a2da-7fc8b631e679,2024-08-09,B1,1.8829
cb35680c-75f9-4d4d-a2da-7fc8b631e679,2024-08-10,B1,1.4632
cb35680c-75f9-4d4d-a2da-7fc8b631e679,2024-08-08,B2,7.4984
cb35680c-75f9-4d4d-a2da-7fc8b631e679,2024-08-09,B2,6.1193
cb35680c-75f9-4d4d-a2da-7fc8b631e679,2024-08-10,B2,4.7553
cb35680c-75f9-4d4d-a2da-7fc8b631e679,2024-08-08,B3,3.5185
cb35680c-75f9-4d4d-a2da-7fc8b631e679,2024-08-09,B3,2.8714
cb35680c-75f9-4d4d-a2da-7fc8b631e679,2024-08-10,B3,2.2313
cb3611e2-af6d-4b00-b077-0ddeb3a23652,2024-08-08,M1,1.9499
cb3611e2-af6d-4b00-b077-0ddeb3a23652,2024-08-09,M1,1.7432
cb3611e2-af6d-4b00-b077-0ddeb3a23652,2024-08-10,M1,1.5902
cb3611e2-af6d-4b00-b077-0ddeb3a23652,2024-08-08,M2,1.7547
cb3611e2-af6d-4b00-b077-0ddeb3a23652,2024-08-09,M2,1.5687
cb3611e2-af6d-4b00-b077-0ddeb3a23652,2024-08-10,M2,1.431
cb3611e2-af6d-4b00-b077-0ddeb3a23652,2024-08-08,M3,4.6729
cb3611e2-af6d-4b00-b077-0ddeb3a23652,2024-08-09,M3,4.1775
cb3611e2-af6d-4b00-b077-0ddeb3a23652,2024-08-10,M3,3.8108
cb3611e2-af6d-4b00-b077-0ddeb3a23652,2024-08-08,M4,1.8268
cb3611e2-af6d-4b00-b077-0ddeb3a23652,2024-08-09,M4,1.6331
cb3611e2-af6d-4b00-b077-0ddeb3a23652,2024-08-10,M4,1.4897
cb3611e2-af6d-4b00-b077-0ddeb3a23652,2024-08-08,M5,1.0551
cb3611e2-af6d-4b00-b077-0ddeb3a23652,2024-08-09,M5,0.9433
cb3611e2-af6d-4b00-b077-0ddeb3a23652,2024-08-10,M5,0.8605
cb3f3009-0b66-4d61-bf53-3e6d8743b260,2024-08-08,B1,1.1536
cb3f3009-0b66-4d61-bf53-3e6d8743b260,2024-08-09,B1,0.9414
cb3f3009-0b66-4d61-bf53-3e6d8743b260,2024-08-10,B1,0.7316
cb3f3009-0b66-4d61-bf53-3e6d8743b260,2024-08-08,B2,1.1536
cb3f3009-0b66-4d61-bf53-3e6d8743b260,2024-08-09,B2,0.9414
cb3f3009-0b66-4d61-bf53-3e6d8743b260,2024-08-10,B2,0.7316
cb3f3009-0b66-4d61-bf53-3e6d8743b260,2024-08-08,B3,2.1263
cb3f3009-0b66-4d61-bf53-3e6d8743b260,2024-08-09,B3,1.7352
cb3f3009-0b66-4d61-bf53-3e6d8743b260,2024-08-10,B3,1.3484
cbf013d1-2254-4c0f-bc97-002eafe3c1fc,2024-08-08,B3,2.048
cbf013d1-2254-4c0f-bc97-002eafe3c1fc,2024-08-09,B3,1.6713
cbf013d1-2254-4c0f-bc97-002eafe3c1fc,2024-08-10,B3,1.2988
cc4ac775-b626-4a2d-98e0-48dd2f943378,2024-08-08,B1,2.078
cc4ac775-b626-4a2d-98e0-48dd2f943378,2024-08-09,B1,1.6958
cc4ac775-b626-4a2d-98e0-48dd2f943378,2024-08-10,B1,1.3178
cc4ac775-b626-4a2d-98e0-48dd2f943378,2024-08-08,B3,2.989
cc4ac775-b626-4a2d-98e0-48dd2f943378,2024-08-09,B3,2.4393
cc4ac775-b626-4a2d-98e0-48dd2f943378,2024-08-10,B3,1.8955
cc5f6261-0ea3-45a0-b298-510b4421d470,2024-08-08,B2,2.3072
cc5f6261-0ea3-45a0-b298-510b4421d470,2024-08-09,B2,1.8829
cc5f6261-0ea3-45a0-b298-510b4421d470,2024-08-10,B2,1.4632
cc5f6261-0ea3-45a0-b298-510b4421d470,2024-08-08,B3,3.4608
cc5f6261-0ea3-45a0-b298-510b4421d470,2024-08-09,B3,2.8243
cc5f6261-0ea3-45a0-b298-510b4421d470,2024-08-10,B3,2.1947
cd05bd04-87bb-4ad3-a651-ca5faab45fa8,2024-08-08,M1,2.6325
cd05bd04-87bb-4ad3-a651-ca5faab45fa8,2024-08-09,M1,2.3535
cd05bd04-87bb-4ad3-a651-ca5faab45fa8,2024-08-10,M1,2.1469
cd05bd04-87bb-4ad3-a651-ca5faab45fa8,2024-08-08,M2,5.8097
cd05bd04-87bb-4ad3-a651-ca5faab45fa8,2024-08-09,M2,5.1938
cd05bd04-87bb-4ad3-a651-ca5faab45fa8,2024-08-10,M2,4.7379
cd05bd04-87bb-4ad3-a651-ca5faab45fa8,2024-08-08,M3,15.572
cd05bd04-87bb-4ad3-a651-ca5faab45fa8,2024-08-09,M3,13.9211
cd05bd04-87bb-4ad3-a651-ca5faab45fa8,2024-08-10,M3,12.699
cd05bd04-87bb-4ad3-a651-ca5faab45fa8,2024-08-08,M4,2.8465
cd05bd04-87bb-4ad3-a651-ca5faab45fa8,2024-08-09,M4,2.5448
cd05bd04-87bb-4ad3-a651-ca5faab45fa8,2024-08-10,M4,2.3214
cd05bd04-87bb-4ad3-a651-ca5faab45fa8,2024-08-08,M5,1.7853
cd05bd04-87bb-4ad3-a651-ca5faab45fa8,2024-08-09,M5,1.5961
cd05bd04-87bb-4ad3-a651-ca5faab45fa8,2024-08-10,M5,1.4559
cd06ede5-57ff-45d9-b529-f5949f6a7d39,2024-08-08,B1,3.0629
cd06ede5-57ff-45d9-b529-f5949f6a7d39,2024-08-09,B1,2.4996
cd06ede5-57ff-45d9-b529-f5949f6a7d39,2024-08-10,B1,1.9424
cd06ede5-57ff-45d9-b529-f5949f6a7d39,2024-08-08,B2,4.6882
cd06ede5-57ff-45d9-b529-f5949f6a7d39,2024-08-09,B2,3.826
cd06ede5-57ff-45d9-b529-f5949f6a7d39,2024-08-10,B2,2.9731
cd06ede5-57ff-45d9-b529-f5949f6a7d39,2024-08-08,B3,17.2298
cd06ede5-57ff-45d9-b529-f5949f6a7d39,2024-08-09,B3,14.061
cd06ede5-57ff-45d9-b529-f5949f6a7d39,2024-08-10,B3,10.9267
ce96aa5c-490e-43e4-9a3b-28e4aeaf7642,2024-08-08,B1,3.3257
ce96aa5c-490e-43e4-9a3b-28e4aeaf7642,2024-08-09,B1,2.7141
ce96aa5c-490e-43e4-9a3b-28e4aeaf7642,2024-08-10,B1,2.1091
ce96aa5c-490e-43e4-9a3b-28e4aeaf7642,2024-08-08,B2,3.6983
ce96aa5c-490e-43e4-9a3b-28e4aeaf7642,2024-08-09,B2,3.0182
ce96aa5c-490e-43e4-9a3b-28e4aeaf7642,2024-08-10,B2,2.3454
ce96aa5c-490e-43e4-9a3b-28e4aeaf7642,2024-08-08,B3,11.0038
ce96aa5c-490e-43e4-9a3b-28e4aeaf7642,2024-08-09,B3,8.98
ce96aa5c-490e-43e4-9a3b-28e4aeaf7642,2024-08-10,B3,6.9783
ceb6c24c-9dbd-41e8-bd7e-b5a07fcad6bc,2024-08-08,M1,6.3309
ceb6c24c-9dbd-41e8-bd7e-b5a07fcad6bc,2024-08-09,M1,5.6597
ceb6c24c-9dbd-41e8-bd7e-b5a07fcad6bc,2024-08-10,M1,5.1628
ceb6c24c-9dbd-41e8-bd7e-b5a07fcad6bc,2024-08-08,M2,4.5834
ceb6c24c-9dbd-41e8-bd7e-b5a07fcad6bc,2024-08-09,M2,4.0975
ceb6c24c-9dbd-41e8-bd7e-b5a07fcad6bc,2024-08-10,M2,3.7378
ceb6c24c-9dbd-41e8-bd7e-b5a07fcad6bc,2024-08-08,M3,4.8973
ceb6c24c-9dbd-41e8-bd7e-b5a07fcad6bc,2024-08-09,M3,4.3781
ceb6c24c-9dbd-41e8-bd7e-b5a07fcad6bc,2024-08-10,M3,3.9937
ceb6c24c-9dbd-41e8-bd7e-b5a07fcad6bc,2024-08-08,M4,2.9718
ceb6c24c-9dbd-41e8-bd7e-b5a07fcad6bc,2024-08-09,M4,2.6568
ceb6c24c-9dbd-41e8-bd7e-b5a07fcad6bc,2024-08-10,M4,2.4236
ceb6c24c-9dbd-41e8-bd7e-b5a07fcad6bc,2024-08-08,M5,1.7675
ceb6c24c-9dbd-41e8-bd7e-b5a07fcad6bc,2024-08-09,M5,1.5801
ceb6c24c-9dbd-41e8-bd7e-b5a07fcad6bc,2024-08-10,M5,1.4414
cf442706-4100-458c-ac37-0052eae44362,2024-08-08,B1,2.1089
cf442706-4100-458c-ac37-0052eae44362,2024-08-09,B1,1.721
cf442706-4100-458c-ac37-0052eae44362,2024-08-10,B1,1.3374
cf442706-4100-458c-ac37-0052eae44362,2024-08-08,B2,1.7304
cf442706-4100-458c-ac37-0052eae44362,2024-08-09,B2,1.4122
cf442706-4100-458c-ac37-0052eae44362,2024-08-10,B2,1.0974
cf442706-4100-458c-ac37-0052eae44362,2024-08-08,B3,2.4986
cf442706-4100-458c-ac37-0052eae44362,2024-08-09,B3,2.0391
cf442706-4100-458c-ac37-0052eae44362,2024-08-10,B3,1.5845
cf597a92-342e-4bba-a621-cc2f2873d472,2024-08-08,M1,1.9286
cf597a92-342e-4bba-a621-cc2f2873d472,2024-08-09,M1,1.7242
cf597a92-342e-4bba-a621-cc2f2873d472,2024-08-10,M1,1.5728
cf597a92-342e-4bba-a621-cc2f2873d472,2024-08-08,M2,2.28
cf597a92-342e-4bba-a621-cc2f2873d472,2024-08-09,M2,2.0383
cf597a92-342e-4bba-a621-cc2f2873d472,2024-08-10,M2,1.8594
cf597a92-342e-4bba-a621-cc2f2873d472,2024-08-08,M3,5.6606
cf597a92-342e-4bba-a621-cc2f2873d472,2024-08-09,M3,5.0605
cf597a92-342e-4bba-a621-cc2f2873d472,2024-08-10,M3,4.6163
cf597a92-342e-4bba-a621-cc2f2873d472,2024-08-08,M4,4.657
cf597a92-342e-4bba-a621-cc2f2873d472,2024-08-09,M4,4.1633
cf597a92-342e-4bba-a621-cc2f2873d472,2024-08-10,M4,3.7978
cf597a92-342e-4bba-a621-cc2f2873d472,2024-08-08,M5,2.1103
cf597a92-342e-4bba-a621-cc2f2873d472,2024-08-09,M5,1.8866
cf597a92-342e-4bba-a621-cc2f2873d472,2024-08-10,M5,1.7209
d0188190-7f2c-43cf-8e66-405210d2d736,2024-08-08,M1,1.0551
d0188190-7f2c-43cf-8e66-405210d2d736,2024-08-09,M1,0.9433
d0188190-7f2c-43cf-8e66-405210d2d736,2024-08-10,M1,0.8605
d0188190-7f2c-43cf-8e66-405210d2d736,2024-08-08,M2,2.2586
d0188190-7f2c-43cf-8e66-405210d2d736,2024-08-09,M2,2.0191
d0188190-7f2c-43cf-8e66-405210d2d736,2024-08-10,M2,1.8419
d0188190-7f2c-43cf-8e66-405210d2d736,2024-08-08,M3,3.0206
d0188190-7f2c-43cf-8e66-405210d2d736,2024-08-09,M3,2.7004
d0188190-7f2c-43cf-8e66-405210d2d736,2024-08-10,M3,2.4633
d0188190-7f2c-43cf-8e66-405210d2d736,2024-08-08,M4,2.494
d0188190-7f2c-43cf-8e66-405210d2d736,2024-08-09,M4,2.2296
d0188190-7f2c-43cf-8e66-405210d2d736,2024-08-10,M4,2.0338
d0188190-7f2c-43cf-8e66-405210d2d736,2024-08-08,M5,2.1103
d0188190-7f2c-43cf-8e66-405210d2d736,2024-08-09,M5,1.8866
d0188190-7f2c-43cf-8e66-405210d2d736,2024-08-10,M5,1.7209
d04f8d2e-5dfc-47b8-b0aa-4afe25e326b0,2024-08-08,M1,1.8361
d04f8d2e-5dfc-47b8-b0aa-4afe25e326b0,2024-08-09,M1,1.6414
d04f8d2e-5dfc-47b8-b0aa-4afe25e326b0,2024-08-10,M1,1.4973
d04f8d2e-5dfc-47b8-b0aa-4afe25e326b0,2024-08-08,M2,3.953
d04f8d2e-5dfc-47b8-b0aa-4afe25e326b0,2024-08-09,M2,3.5339
d04f8d2e-5dfc-47b8-b0aa-4afe25e326b0,2024-08-10,M2,3.2237
d04f8d2e-5dfc-47b8-b0aa-4afe25e326b0,2024-08-08,M3,6.7509
d04f8d2e-5dfc-47b8-b0aa-4afe25e326b0,2024-08-09,M3,6.0352
d04f8d2e-5dfc-47b8-b0aa-4afe25e326b0,2024-08-10,M3,5.5054
d04f8d2e-5dfc-47b8-b0aa-4afe25e326b0,2024-08-08,M4,4.4779
d04f8d2e-5dfc-47b8-b0aa-4afe25e326b0,2024-08-09,M4,4.0032
d04f8d2e-5dfc-47b8-b0aa-4afe25e326b0,2024-08-10,M4,3.6518
d04f8d2e-5dfc-47b8-b0aa-4afe25e326b0,2024-08-08,M5,2.1374
d04f8d2e-5dfc-47b8-b0aa-4afe25e326b0,2024-08-09,M5,1.9108
d04f8d2e-5dfc-47b8-b0aa-4afe25e326b0,2024-08-10,M5,1.7431
d0a8688d-0091-4801-ae38-68f485673792,2024-08-08,M2,4.9268
d0a8688d-0091-4801-ae38-68f485673792,2024-08-09,M2,4.4045
d0a8688d-0091-4801-ae38-68f485673792,2024-08-10,M2,4.0178
d0a8688d-0091-4801-ae38-68f485673792,2024-08-08,M3,3.569
d0a8688d-0091-4801-ae38-68f485673792,2024-08-09,M3,3.1906
d0a8688d-0091-4801-ae38-68f485673792,2024-08-10,M3,2.9105
d0a8688d-0091-4801-ae38-68f485673792,2024-08-08,M4,3.1607
d0a8688d-0091-4801-ae38-68f485673792,2024-08-09,M4,2.8256
d0a8688d-0091-4801-ae38-68f485673792,2024-08-10,M4,2.5776
d0a8688d-0091-4801-ae38-68f485673792,2024-08-08,M5,2.0928
d0a8688d-0091-4801-ae38-68f485673792,2024-08-09,M5,1.871
d0a8688d-0091-4801-ae38-68f485673792,2024-08-10,M5,1.7067
d0f4226c-b223-4fb5-8e68-f2c0f88b08a0,2024-08-08,M1,2.0967
d0f4226c-b223-4fb5-8e68-f2c0f88b08a0,2024-08-09,M1,1.8745
d0f4226c-b223-4fb5-8e68-f2c0f88b08a0,2024-08-10,M1,1.7099
d0f4226c-b223-4fb5-8e68-f2c0f88b08a0,2024-08-08,M2,1.8258
d0f4226c-b223-4fb5-8e68-f2c0f88b08a0,2024-08-09,M2,1.6323
d0f4226c-b223-4fb5-8e68-f2c0f88b08a0,2024-08-10,M2,1.489
d0f4226c-b223-4fb5-8e68-f2c0f88b08a0,2024-08-08,M3,3.8607
d0f4226c-b223-4fb5-8e68-f2c0f88b08a0,2024-08-09,M3,3.4514
d0f4226c-b223-4fb5-8e68-f2c0f88b08a0,2024-08-10,M3,3.1484
d0f4226c-b223-4fb5-8e68-f2c0f88b08a0,2024-08-08,M4,1.9042
d0f4226c-b223-4fb5-8e68-f2c0f88b08a0,2024-08-09,M4,1.7023
d0f4226c-b223-4fb5-8e68-f2c0f88b08a0,2024-08-10,M4,1.5529
d0f4226c-b223-4fb5-8e68-f2c0f88b08a0,2024-08-08,M5,1.5827
d0f4226c-b223-4fb5-8e68-f2c0f88b08a0,2024-08-09,M5,1.4149
d0f4226c-b223-4fb5-8e68-f2c0f88b08a0,2024-08-10,M5,1.2907
d0fab0f3-51eb-40d0-a101-fe0645a44502,2024-08-08,B1,1.1536
d0fab0f3-51eb-40d0-a101-fe0645a44502,2024-08-09,B1,0.9414
d0fab0f3-51eb-40d0-a101-fe0645a44502,2024-08-10,B1,0.7316
d0fab0f3-51eb-40d0-a101-fe0645a44502,2024-08-08,B2,2.3072
d0fab0f3-51eb-40d0-a101-fe0645a44502,2024-08-09,B2,1.8829
d0fab0f3-51eb-40d0-a101-fe0645a44502,2024-08-10,B2,1.4632
d0fab0f3-51eb-40d0-a101-fe0645a44502,2024-08-08,B3,3.5777
d0fab0f3-51eb-40d0-a101-fe0645a44502,2024-08-09,B3,2.9197
d0fab0f3-51eb-40d0-a101-fe0645a44502,2024-08-10,B3,2.2689
d16c9847-dfdc-4bba-9068-17406eff7f3e,2024-08-08,B2,1.1536
d16c9847-dfdc-4bba-9068-17406eff7f3e,2024-08-09,B2,0.9414
d16c9847-dfdc-4bba-9068-17406eff7f3e,2024-08-10,B2,0.7316
d16c9847-dfdc-4bba-9068-17406eff7f3e,2024-08-08,B3,2.982
d16c9847-dfdc-4bba-9068-17406eff7f3e,2024-08-09,B3,2.4336
d16c9847-dfdc-4bba-9068-17406eff7f3e,2024-08-10,B3,1.8911
d1c783fb-03e9-4402-a285-592c57e75609,2024-08-08,B1,3.4608
d1c783fb-03e9-4402-a285-592c57e75609,2024-08-09,B1,2.8243
d1c783fb-03e9-4402-a285-592c57e75609,2024-08-10,B1,2.1947
d1c783fb-03e9-4402-a285-592c57e75609,2024-08-08,B3,1.1536
d1c783fb-03e9-4402-a285-592c57e75609,2024-08-09,B3,0.9414
d1c783fb-03e9-4402-a285-592c57e75609,2024-08-10,B3,0.7316
d1d0561a-957e-47a5-8925-908b01c34c52,2024-08-08,B1,2.9275
d1d0561a-957e-47a5-8925-908b01c34c52,2024-08-09,B1,2.3891
d1d0561a-957e-47a5-8925-908b01c34c52,2024-08-10,B1,1.8565
d1d0561a-957e-47a5-8925-908b01c34c52,2024-08-08,B2,4.0891
d1d0561a-957e-47a5-8925-908b01c34c52,2024-08-09,B2,3.337
d1d0561a-957e-47a5-8925-908b01c34c52,2024-08-10,B2,2.5932
d1d0561a-957e-47a5-8925-908b01c34c52,2024-08-08,B3,10.5895
d1d0561a-957e-47a5-8925-908b01c34c52,2024-08-09,B3,8.642
d1d0561a-957e-47a5-8925-908b01c34c52,2024-08-10,B3,6.7156
d20d5dfd-2116-421a-bcb0-09c3c5663ef5,2024-08-08,B1,4.0942
d20d5dfd-2116-421a-bcb0-09c3c5663ef5,2024-08-09,B1,3.3412
d20d5dfd-2116-421a-bcb0-09c3c5663ef5,2024-08-10,B1,2.5964
d20d5dfd-2116-421a-bcb0-09c3c5663ef5,2024-08-08,B2,2.6626
d20d5dfd-2116-421a-bcb0-09c3c5663ef5,2024-08-09,B2,2.1729
d20d5dfd-2116-421a-bcb0-09c3c5663ef5,2024-08-10,B2,1.6885
d20d5dfd-2116-421a-bcb0-09c3c5663ef5,2024-08-08,B3,19.5075
d20d5dfd-2116-421a-bcb0-09c3c5663ef5,2024-08-09,B3,15.9198
d20d5dfd-2116-421a-bcb0-09c3c5663ef5,2024-08-10,B3,12.3711
d217b58c-b7dc-4f1d-b48b-5b41ab1cb7c2,2024-08-08,B1,1.7304
d217b58c-b7dc-4f1d-b48b-5b41ab1cb7c2,2024-08-09,B1,1.4122
d217b58c-b7dc-4f1d-b48b-5b41ab1cb7c2,2024-08-10,B1,1.0974
d217b58c-b7dc-4f1d-b48b-5b41ab1cb7c2,2024-08-08,B3,1.9975
d217b58c-b7dc-4f1d-b48b-5b41ab1cb7c2,2024-08-09,B3,1.6301
d217b58c-b7dc-4f1d-b48b-5b41ab1cb7c2,2024-08-10,B3,1.2668
d2376c7f-85b9-41b8-a59a-cba6fd939e19,2024-08-08,M2,2.1862
d2376c7f-85b9-41b8-a59a-cba6fd939e19,2024-08-09,M2,1.9544
d2376c7f-85b9-41b8-a59a-cba6fd939e19,2024-08-10,M2,1.7829
d2376c7f-85b9-41b8-a59a-cba6fd939e19,2024-08-08,M3,6.3402
d2376c7f-85b9-41b8-a59a-cba6fd939e19,2024-08-09,M3,5.6681
d2376c7f-85b9-41b8-a59a-cba6fd939e19,2024-08-10,M3,5.1705
d2376c7f-85b9-41b8-a59a-cba6fd939e19,2024-08-08,M4,2.059
d2376c7f-85b9-41b8-a59a-cba6fd939e19,2024-08-09,M4,1.8408
d2376c7f-85b9-41b8-a59a-cba6fd939e19,2024-08-10,M4,1.6792
d2376c7f-85b9-41b8-a59a-cba6fd939e19,2024-08-08,M5,4.2206
d2376c7f-85b9-41b8-a59a-cba6fd939e19,2024-08-09,M5,3.7731
d2376c7f-85b9-41b8-a59a-cba6fd939e19,2024-08-10,M5,3.4419
d2639151-a2a3-48d3-9383-4b8d61fd4009,2024-08-08,M1,2.1103
d2639151-a2a3-48d3-9383-4b8d61fd4009,2024-08-09,M1,1.8866
d2639151-a2a3-48d3-9383-4b8d61fd4009,2024-08-10,M1,1.7209
d2639151-a2a3-48d3-9383-4b8d61fd4009,2024-08-08,M2,4.2206
d2639151-a2a3-48d3-9383-4b8d61fd4009,2024-08-09,M2,3.7731
d2639151-a2a3-48d3-9383-4b8d61fd4009,2024-08-10,M2,3.4419
d2639151-a2a3-48d3-9383-4b8d61fd4009,2024-08-08,M3,3.1654
d2639151-a2a3-48d3-9383-4b8d61fd4009,2024-08-09,M3,2.8298
d2639151-a2a3-48d3-9383-4b8d61fd4009,2024-08-10,M3,2.5814
d2639151-a2a3-48d3-9383-4b8d61fd4009,2024-08-08,M4,3.693
d2639151-a2a3-48d3-9383-4b8d61fd4009,2024-08-09,M4,3.3015
d2639151-a2a3-48d3-9383-4b8d61fd4009,2024-08-10,M4,3.0117
d2639151-a2a3-48d3-9383-4b8d61fd4009,2024-08-08,M5,2.1103
d2639151-a2a3-48d3-9383-4b8d61fd4009,2024-08-09,M5,1.8866
d2639151-a2a3-48d3-9383-4b8d61fd4009,2024-08-10,M5,1.7209
d2691bf8-65f3-48b2-9337-b57c48577a2a,2024-08-08,M1,2.1103
d2691bf8-65f3-48b2-9337-b57c48577a2a,2024-08-09,M1,1.8866
d2691bf8-65f3-48b2-9337-b57c48577a2a,2024-08-10,M1,1.7209
d2691bf8-65f3-48b2-9337-b57c48577a2a,2024-08-08,M2,2.6379
d2691bf8-65f3-48b2-9337-b57c48577a2a,2024-08-09,M2,2.3582
d2691bf8-65f3-48b2-9337-b57c48577a2a,2024-08-10,M2,2.1512
d2691bf8-65f3-48b2-9337-b57c48577a2a,2024-08-08,M3,2.7446
d2691bf8-65f3-48b2-9337-b57c48577a2a,2024-08-09,M3,2.4536
d2691bf8-65f3-48b2-9337-b57c48577a2a,2024-08-10,M3,2.2382
d2691bf8-65f3-48b2-9337-b57c48577a2a,2024-08-08,M4,1.6781
d2691bf8-65f3-48b2-9337-b57c48577a2a,2024-08-09,M4,1.5002
d2691bf8-65f3-48b2-9337-b57c48577a2a,2024-08-10,M4,1.3685
d2691bf8-65f3-48b2-9337-b57c48577a2a,2024-08-08,M5,2.1103
d2691bf8-65f3-48b2-9337-b57c48577a2a,2024-08-09,M5,1.8866
d2691bf8-65f3-48b2-9337-b57c48577a2a,2024-08-10,M5,1.7209
d2ade748-d430-4b15-955e-c2a52c3a11ec,2024-08-08,B1,8.7623
d2ade748-d430-4b15-955e-c2a52c3a11ec,2024-08-09,B1,7.1508
d2ade748-d430-4b15-955e-c2a52c3a11ec,2024-08-10,B1,5.5568
d2ade748-d430-4b15-955e-c2a52c3a11ec,2024-08-08,B2,7.8786
d2ade748-d430-4b15-955e-c2a52c3a11ec,2024-08-09,B2,6.4296
d2ade748-d430-4b15-955e-c2a52c3a11ec,2024-08-10,B2,4.9964
d2ade748-d430-4b15-955e-c2a52c3a11ec,2024-08-08,B3,34.0894
d2ade748-d430-4b15-955e-c2a52c3a11ec,2024-08-09,B3,27.8198
d2ade748-d430-4b15-955e-c2a52c3a11ec,2024-08-10,B3,21.6185
d31ba4cb-5d93-4fe9-a702-c8f5d1495263,2024-08-08,M1,1.0551
d31ba4cb-5d93-4fe9-a702-c8f5d1495263,2024-08-09,M1,0.9433
d31ba4cb-5d93-4fe9-a702-c8f5d1495263,2024-08-10,M1,0.8605
d31ba4cb-5d93-4fe9-a702-c8f5d1495263,2024-08-08,M2,1.8346
d31ba4cb-5d93-4fe9-a702-c8f5d1495263,2024-08-09,M2,1.6401
d31ba4cb-5d93-4fe9-a702-c8f5d1495263,2024-08-10,M2,1.4961
d31ba4cb-5d93-4fe9-a702-c8f5d1495263,2024-08-08,M3,2.7764
d31ba4cb-5d93-4fe9-a702-c8f5d1495263,2024-08-09,M3,2.4821
d31ba4cb-5d93-4fe9-a702-c8f5d1495263,2024-08-10,M3,2.2642
d31ba4cb-5d93-4fe9-a702-c8f5d1495263,2024-08-08,M4,2.0878
d31ba4cb-5d93-4fe9-a702-c8f5d1495263,2024-08-09,M4,1.8665
d31ba4cb-5d93-4fe9-a702-c8f5d1495263,2024-08-10,M4,1.7026
d31ba4cb-5d93-4fe9-a702-c8f5d1495263,2024-08-08,M5,1.5827
d31ba4cb-5d93-4fe9-a702-c8f5d1495263,2024-08-09,M5,1.4149
d31ba4cb-5d93-4fe9-a702-c8f5d1495263,2024-08-10,M5,1.2907
d32adec6-3cf6-42ff-98c7-2483b28b9f15,2024-08-08,B1,2.3977
d32adec6-3cf6-42ff-98c7-2483b28b9f15,2024-08-09,B1,1.9568
d32adec6-3cf6-42ff-98c7-2483b28b9f15,2024-08-10,B1,1.5206
d32adec6-3cf6-42ff-98c7-2483b28b9f15,2024-08-08,B2,4.0412
d32adec6-3cf6-42ff-98c7-2483b28b9f15,2024-08-09,B2,3.2979
d32adec6-3cf6-42ff-98c7-2483b28b9f15,2024-08-10,B2,2.5628
d32adec6-3cf6-42ff-98c7-2483b28b9f15,2024-08-08,B3,15.6214
d32adec6-3cf6-42ff-98c7-2483b28b9f15,2024-08-09,B3,12.7484
d32adec6-3cf6-42ff-98c7-2483b28b9f15,2024-08-10,B3,9.9067
d33a6195-dfc4-45a5-80bd-2273a41fccde,2024-08-08,M1,2.1103
d33a6195-dfc4-45a5-80bd-2273a41fccde,2024-08-09,M1,1.8866
d33a6195-dfc4-45a5-80bd-2273a41fccde,2024-08-10,M1,1.7209
d33a6195-dfc4-45a5-80bd-2273a41fccde,2024-08-08,M2,3.1654
d33a6195-dfc4-45a5-80bd-2273a41fccde,2024-08-09,M2,2.8298
d33a6195-dfc4-45a5-80bd-2273a41fccde,2024-08-10,M2,2.5814
d33a6195-dfc4-45a5-80bd-2273a41fccde,2024-08-08,M3,2.6379
d33a6195-dfc4-45a5-80bd-2273a41fccde,2024-08-09,M3,2.3582
d33a6195-dfc4-45a5-80bd-2273a41fccde,2024-08-10,M3,2.1512
d33a6195-dfc4-45a5-80bd-2273a41fccde,2024-08-08,M4,3.1654
d33a6195-dfc4-45a5-80bd-2273a41fccde,2024-08-09,M4,2.8298
d33a6195-dfc4-45a5-80bd-2273a41fccde,2024-08-10,M4,2.5814
d33a6195-dfc4-45a5-80bd-2273a41fccde,2024-08-08,M5,1.0551
d33a6195-dfc4-45a5-80bd-2273a41fccde,2024-08-09,M5,0.9433
d33a6195-dfc4-45a5-80bd-2273a41fccde,2024-08-10,M5,0.8605
d4a6f9c5-938e-4239-b9b7-69f8b60db089,2024-08-08,B1,10.4308
d4a6f9c5-938e-4239-b9b7-69f8b60db089,2024-08-09,B1,8.5124
d4a6f9c5-938e-4239-b9b7-69f8b60db089,2024-08-10,B1,6.6149
d4a6f9c5-938e-4239-b9b7-69f8b60db089,2024-08-08,B2,9.5128
d4a6f9c5-938e-4239-b9b7-69f8b60db089,2024-08-09,B2,7.7632
d4a6f9c5-938e-4239-b9b7-69f8b60db089,2024-08-10,B2,6.0327
d4a6f9c5-938e-4239-b9b7-69f8b60db089,2024-08-08,B3,46.4923
d4a6f9c5-938e-4239-b9b7-69f8b60db089,2024-08-09,B3,37.9416
d4a6f9c5-938e-4239-b9b7-69f8b60db089,2024-08-10,B3,29.4841
d4c08a18-51ed-48b7-9b06-87593cf1f5b8,2024-08-08,B1,2.5062
d4c08a18-51ed-48b7-9b06-87593cf1f5b8,2024-08-09,B1,2.0453
d4c08a18-51ed-48b7-9b06-87593cf1f5b8,2024-08-10,B1,1.5894
d4c08a18-51ed-48b7-9b06-87593cf1f5b8,2024-08-08,B2,6.3448
d4c08a18-51ed-48b7-9b06-87593cf1f5b8,2024-08-09,B2,5.1779
d4c08a18-51ed-48b7-9b06-87593cf1f5b8,2024-08-10,B2,4.0237
d4c08a18-51ed-48b7-9b06-87593cf1f5b8,2024-08-08,B3,8.684
d4c08a18-51ed-48b7-9b06-87593cf1f5b8,2024-08-09,B3,7.0869
d4c08a18-51ed-48b7-9b06-87593cf1f5b8,2024-08-10,B3,5.5072
d4dda5fd-2375-465d-8d86-432443a59a09,2024-08-08,B1,4.6493
d4dda5fd-2375-465d-8d86-432443a59a09,2024-08-09,B1,3.7942
d4dda5fd-2375-465d-8d86-432443a59a09,2024-08-10,B1,2.9484
d4dda5fd-2375-465d-8d86-432443a59a09,2024-08-08,B2,1.8962
d4dda5fd-2375-465d-8d86-432443a59a09,2024-08-09,B2,1.5474
d4dda5fd-2375-465d-8d86-432443a59a09,2024-08-10,B2,1.2025
d4dda5fd-2375-465d-8d86-432443a59a09,2024-08-08,B3,7.2787
d4dda5fd-2375-465d-8d86-432443a59a09,2024-08-09,B3,5.94
d4dda5fd-2375-465d-8d86-432443a59a09,2024-08-10,B3,4.6159
d5d73b79-48aa-4a36-8eed-86c311ec3bc9,2024-08-08,M1,3.2584
d5d73b79-48aa-4a36-8eed-86c311ec3bc9,2024-08-09,M1,2.913
d5d73b79-48aa-4a36-8eed-86c311ec3bc9,2024-08-10,M1,2.6573
d5d73b79-48aa-4a36-8eed-86c311ec3bc9,2024-08-08,M2,8.8803
d5d73b79-48aa-4a36-8eed-86c311ec3bc9,2024-08-09,M2,7.9389
d5d73b79-48aa-4a36-8eed-86c311ec3bc9,2024-08-10,M2,7.242
d5d73b79-48aa-4a36-8eed-86c311ec3bc9,2024-08-08,M3,21.4285
d5d73b79-48aa-4a36-8eed-86c311ec3bc9,2024-08-09,M3,19.1568
d5d73b79-48aa-4a36-8eed-86c311ec3bc9,2024-08-10,M3,17.475
d5d73b79-48aa-4a36-8eed-86c311ec3bc9,2024-08-08,M4,9.6055
d5d73b79-48aa-4a36-8eed-86c311ec3bc9,2024-08-09,M4,8.5872
d5d73b79-48aa-4a36-8eed-86c311ec3bc9,2024-08-10,M4,7.8334
d5d73b79-48aa-4a36-8eed-86c311ec3bc9,2024-08-08,M5,6.1266
d5d73b79-48aa-4a36-8eed-86c311ec3bc9,2024-08-09,M5,5.4771
d5d73b79-48aa-4a36-8eed-86c311ec3bc9,2024-08-10,M5,4.9963
d6191fac-22be-41b5-89f1-b9711971cc32,2024-08-08,M1,1.6588
d6191fac-22be-41b5-89f1-b9711971cc32,2024-08-09,M1,1.4829
d6191fac-22be-41b5-89f1-b9711971cc32,2024-08-10,M1,1.3527
d6191fac-22be-41b5-89f1-b9711971cc32,2024-08-08,M2,3.5704
d6191fac-22be-41b5-89f1-b9711971cc32,2024-08-09,M2,3.1918
d6191fac-22be-41b5-89f1-b9711971cc32,2024-08-10,M2,2.9116
d6191fac-22be-41b5-89f1-b9711971cc32,2024-08-08,M3,14.3811
d6191fac-22be-41b5-89f1-b9711971cc32,2024-08-09,M3,12.8565
d6191fac-22be-41b5-89f1-b9711971cc32,2024-08-10,M3,11.7279
d6191fac-22be-41b5-89f1-b9711971cc32,2024-08-08,M4,2.3134
d6191fac-22be-41b5-89f1-b9711971cc32,2024-08-09,M4,2.0681
d6191fac-22be-41b5-89f1-b9711971cc32,2024-08-10,M4,1.8865
d6191fac-22be-41b5-89f1-b9711971cc32,2024-08-08,M5,1.0551
d6191fac-22be-41b5-89f1-b9711971cc32,2024-08-09,M5,0.9433
d6191fac-22be-41b5-89f1-b9711971cc32,2024-08-10,M5,0.8605
d65f22d7-501a-43d3-94a8-3e2088d086d2,2024-08-08,B1,2.1573
d65f22d7-501a-43d3-94a8-3e2088d086d2,2024-08-09,B1,1.7605
d65f22d7-501a-43d3-94a8-3e2088d086d2,2024-08-10,B1,1.3681
d65f22d7-501a-43d3-94a8-3e2088d086d2,2024-08-08,B2,2.1666
d65f22d7-501a-43d3-94a8-3e2088d086d2,2024-08-09,B2,1.7681
d65f22d7-501a-43d3-94a8-3e2088d086d2,2024-08-10,B2,1.374
d65f22d7-501a-43d3-94a8-3e2088d086d2,2024-08-08,B3,12.1528
d65f22d7-501a-43d3-94a8-3e2088d086d2,2024-08-09,B3,9.9177
d65f22d7-501a-43d3-94a8-3e2088d086d2,2024-08-10,B3,7.707
d69eb836-92dd-4cb5-8be6-5baea4478403,2024-08-08,B1,1.7304
d69eb836-92dd-4cb5-8be6-5baea4478403,2024-08-09,B1,1.4122
d69eb836-92dd-4cb5-8be6-5baea4478403,2024-08-10,B1,1.0974
d69eb836-92dd-4cb5-8be6-5baea4478403,2024-08-08,B2,1.7304
d69eb836-92dd-4cb5-8be6-5baea4478403,2024-08-09,B2,1.4122
d69eb836-92dd-4cb5-8be6-5baea4478403,2024-08-10,B2,1.0974
d69eb836-92dd-4cb5-8be6-5baea4478403,2024-08-08,B3,3.0579
d69eb836-92dd-4cb5-8be6-5baea4478403,2024-08-09,B3,2.4955
d69eb836-92dd-4cb5-8be6-5baea4478403,2024-08-10,B3,1.9392
d6c5d7a6-b697-405e-8cca-62e6fb64f19e,2024-08-08,B1,4.3992
d6c5d7a6-b697-405e-8cca-62e6fb64f19e,2024-08-09,B1,3.5902
d6c5d7a6-b697-405e-8cca-62e6fb64f19e,2024-08-10,B1,2.7899
d6c5d7a6-b697-405e-8cca-62e6fb64f19e,2024-08-08,B2,14.218
d6c5d7a6-b697-405e-8cca-62e6fb64f19e,2024-08-09,B2,11.6031
d6c5d7a6-b697-405e-8cca-62e6fb64f19e,2024-08-10,B2,9.0166
d6c5d7a6-b697-405e-8cca-62e6fb64f19e,2024-08-08,B3,33.9709
d6c5d7a6-b697-405e-8cca-62e6fb64f19e,2024-08-09,B3,27.7231
d6c5d7a6-b697-405e-8cca-62e6fb64f19e,2024-08-10,B3,21.5434
d6e1f031-c7c3-4eb5-9f48-67fcd9f559d5,2024-08-08,B2,2.3072
d6e1f031-c7c3-4eb5-9f48-67fcd9f559d5,2024-08-09,B2,1.8829
d6e1f031-c7c3-4eb5-9f48-67fcd9f559d5,2024-08-10,B2,1.4632
d6e1f031-c7c3-4eb5-9f48-67fcd9f559d5,2024-08-08,B3,5.1912
d6e1f031-c7c3-4eb5-9f48-67fcd9f559d5,2024-08-09,B3,4.2365
d6e1f031-c7c3-4eb5-9f48-67fcd9f559d5,2024-08-10,B3,3.2921
d7084000-7534-42ec-b87b-36efabd2d6c4,2024-08-08,B3,70.7347
d7084000-7534-42ec-b87b-36efabd2d6c4,2024-08-09,B3,57.7255
d7084000-7534-42ec-b87b-36efabd2d6c4,2024-08-10,B3,44.8579
d7170df0-d7ad-47e2-85a5-838f799c7e62,2024-08-08,B1,2.0836
d7170df0-d7ad-47e2-85a5-838f799c7e62,2024-08-09,B1,1.7004
d7170df0-d7ad-47e2-85a5-838f799c7e62,2024-08-10,B1,1.3214
d7170df0-d7ad-47e2-85a5-838f799c7e62,2024-08-08,B2,1.7304
d7170df0-d7ad-47e2-85a5-838f799c7e62,2024-08-09,B2,1.4122
d7170df0-d7ad-47e2-85a5-838f799c7e62,2024-08-10,B2,1.0974
d7170df0-d7ad-47e2-85a5-838f799c7e62,2024-08-08,B3,2.6983
d7170df0-d7ad-47e2-85a5-838f799c7e62,2024-08-09,B3,2.2021
d7170df0-d7ad-47e2-85a5-838f799c7e62,2024-08-10,B3,1.7112
d7aec25f-2b50-4a0c-96f7-2505f3496f19,2024-08-08,M1,1.0551
d7aec25f-2b50-4a0c-96f7-2505f3496f19,2024-08-09,M1,0.9433
d7aec25f-2b50-4a0c-96f7-2505f3496f19,2024-08-10,M1,0.8605
d7aec25f-2b50-4a0c-96f7-2505f3496f19,2024-08-08,M2,1.5827
d7aec25f-2b50-4a0c-96f7-2505f3496f19,2024-08-09,M2,1.4149
d7aec25f-2b50-4a0c-96f7-2505f3496f19,2024-08-10,M2,1.2907
d7aec25f-2b50-4a0c-96f7-2505f3496f19,2024-08-08,M3,1.8327
d7aec25f-2b50-4a0c-96f7-2505f3496f19,2024-08-09,M3,1.6385
d7aec25f-2b50-4a0c-96f7-2505f3496f19,2024-08-10,M3,1.4946
d7aec25f-2b50-4a0c-96f7-2505f3496f19,2024-08-08,M5,1.0551
d7aec25f-2b50-4a0c-96f7-2505f3496f19,2024-08-09,M5,0.9433
d7aec25f-2b50-4a0c-96f7-2505f3496f19,2024-08-10,M5,0.8605
d7b03012-80bd-4480-8a55-c3b1cbcec7bd,2024-08-08,M1,1.5827
d7b03012-80bd-4480-8a55-c3b1cbcec7bd,2024-08-09,M1,1.4149
d7b03012-80bd-4480-8a55-c3b1cbcec7bd,2024-08-10,M1,1.2907
d7b03012-80bd-4480-8a55-c3b1cbcec7bd,2024-08-08,M2,2.1414
d7b03012-80bd-4480-8a55-c3b1cbcec7bd,2024-08-09,M2,1.9144
d7b03012-80bd-4480-8a55-c3b1cbcec7bd,2024-08-10,M2,1.7463
d7b03012-80bd-4480-8a55-c3b1cbcec7bd,2024-08-08,M3,3.0886
d7b03012-80bd-4480-8a55-c3b1cbcec7bd,2024-08-09,M3,2.7612
d7b03012-80bd-4480-8a55-c3b1cbcec7bd,2024-08-10,M3,2.5188
d7b03012-80bd-4480-8a55-c3b1cbcec7bd,2024-08-08,M4,4.2206
d7b03012-80bd-4480-8a55-c3b1cbcec7bd,2024-08-09,M4,3.7731
d7b03012-80bd-4480-8a55-c3b1cbcec7bd,2024-08-10,M4,3.4419
d7b03012-80bd-4480-8a55-c3b1cbcec7bd,2024-08-08,M5,1.5827
d7b03012-80bd-4480-8a55-c3b1cbcec7bd,2024-08-09,M5,1.4149
d7b03012-80bd-4480-8a55-c3b1cbcec7bd,2024-08-10,M5,1.2907
d7d5b46b-81e3-43ef-b374-2cdd3dd4783e,2024-08-08,B1,9.1785
d7d5b46b-81e3-43ef-b374-2cdd3dd4783e,2024-08-09,B1,7.4904
d7d5b46b-81e3-43ef-b374-2cdd3dd4783e,2024-08-10,B1,5.8207
d7d5b46b-81e3-43ef-b374-2cdd3dd4783e,2024-08-08,B2,3.1178
d7d5b46b-81e3-43ef-b374-2cdd3dd4783e,2024-08-09,B2,2.5444
d7d5b46b-81e3-43ef-b374-2cdd3dd4783e,2024-08-10,B2,1.9772
d7d5b46b-81e3-43ef-b374-2cdd3dd4783e,2024-08-08,B3,13.968
d7d5b46b-81e3-43ef-b374-2cdd3dd4783e,2024-08-09,B3,11.3991
d7d5b46b-81e3-43ef-b374-2cdd3dd4783e,2024-08-10,B3,8.8581
d7df1bc6-cb62-4594-8f08-e2bbca8aeac7,2024-08-08,B1,2.8988
d7df1bc6-cb62-4594-8f08-e2bbca8aeac7,2024-08-09,B1,2.3657
d7df1bc6-cb62-4594-8f08-e2bbca8aeac7,2024-08-10,B1,1.8383
d7df1bc6-cb62-4594-8f08-e2bbca8aeac7,2024-08-08,B2,3.2003
d7df1bc6-cb62-4594-8f08-e2bbca8aeac7,2024-08-09,B2,2.6117
d7df1bc6-cb62-4594-8f08-e2bbca8aeac7,2024-08-10,B2,2.0295
d7df1bc6-cb62-4594-8f08-e2bbca8aeac7,2024-08-08,B3,7.3565
d7df1bc6-cb62-4594-8f08-e2bbca8aeac7,2024-08-09,B3,6.0035
d7df1bc6-cb62-4594-8f08-e2bbca8aeac7,2024-08-10,B3,4.6653
d8308d51-f595-492d-a85b-d80b724e87d1,2024-08-08,M1,2.8135
d8308d51-f595-492d-a85b-d80b724e87d1,2024-08-09,M1,2.5153
d8308d51-f595-492d-a85b-d80b724e87d1,2024-08-10,M1,2.2945
d8308d51-f595-492d-a85b-d80b724e87d1,2024-08-08,M2,7.0357
d8308d51-f595-492d-a85b-d80b724e87d1,2024-08-09,M2,6.2898
d8308d51-f595-492d-a85b-d80b724e87d1,2024-08-10,M2,5.7376
d8308d51-f595-492d-a85b-d80b724e87d1,2024-08-08,M3,14.9205
d8308d51-f595-492d-a85b-d80b724e87d1,2024-08-09,M3,13.3387
d8308d51-f595-492d-a85b-d80b724e87d1,2024-08-10,M3,12.1677
d8308d51-f595-492d-a85b-d80b724e87d1,2024-08-08,M4,5.4449
d8308d51-f595-492d-a85b-d80b724e87d1,2024-08-09,M4,4.8677
d8308d51-f595-492d-a85b-d80b724e87d1,2024-08-10,M4,4.4404
d8308d51-f595-492d-a85b-d80b724e87d1,2024-08-08,M5,2.4679
d8308d51-f595-492d-a85b-d80b724e87d1,2024-08-09,M5,2.2063
d8308d51-f595-492d-a85b-d80b724e87d1,2024-08-10,M5,2.0126
d83eb829-6348-40f1-8a20-d2ae7eb26d4c,2024-08-08,B2,2.3072
d83eb829-6348-40f1-8a20-d2ae7eb26d4c,2024-08-09,B2,1.8829
d83eb829-6348-40f1-8a20-d2ae7eb26d4c,2024-08-10,B2,1.4632
d83eb829-6348-40f1-8a20-d2ae7eb26d4c,2024-08-08,B3,4.6144
d83eb829-6348-40f1-8a20-d2ae7eb26d4c,2024-08-09,B3,3.7657
d83eb829-6348-40f1-8a20-d2ae7eb26d4c,2024-08-10,B3,2.9263
d86b4480-902f-44aa-b574-725d04ee4e9c,2024-08-08,M1,8.4411
d86b4480-902f-44aa-b574-725d04ee4e9c,2024-08-09,M1,7.5463
d86b4480-902f-44aa-b574-725d04ee4e9c,2024-08-10,M1,6.8838
d86b4480-902f-44aa-b574-725d04ee4e9c,2024-08-08,M2,5.2813
d86b4480-902f-44aa-b574-725d04ee4e9c,2024-08-09,M2,4.7214
d86b4480-902f-44aa-b574-725d04ee4e9c,2024-08-10,M2,4.3069
d86b4480-902f-44aa-b574-725d04ee4e9c,2024-08-08,M3,6.0689
d86b4480-902f-44aa-b574-725d04ee4e9c,2024-08-09,M3,5.4255
d86b4480-902f-44aa-b574-725d04ee4e9c,2024-08-10,M3,4.9493
d86b4480-902f-44aa-b574-725d04ee4e9c,2024-08-08,M4,3.4118
d86b4480-902f-44aa-b574-725d04ee4e9c,2024-08-09,M4,3.0501
d86b4480-902f-44aa-b574-725d04ee4e9c,2024-08-10,M4,2.7824
d86b4480-902f-44aa-b574-725d04ee4e9c,2024-08-08,M5,1.6834
d86b4480-902f-44aa-b574-725d04ee4e9c,2024-08-09,M5,1.5049
d86b4480-902f-44aa-b574-725d04ee4e9c,2024-08-10,M5,1.3728
d86e52c7-0482-424d-a13c-9e8c2b1a55a5,2024-08-08,B1,4.0893
d86e52c7-0482-424d-a13c-9e8c2b1a55a5,2024-08-09,B1,3.3372
d86e52c7-0482-424d-a13c-9e8c2b1a55a5,2024-08-10,B1,2.5933
d86e52c7-0482-424d-a13c-9e8c2b1a55a5,2024-08-08,B2,2.2956
d86e52c7-0482-424d-a13c-9e8c2b1a55a5,2024-08-09,B2,1.8734
d86e52c7-0482-424d-a13c-9e8c2b1a55a5,2024-08-10,B2,1.4558
d86e52c7-0482-424d-a13c-9e8c2b1a55a5,2024-08-08,B3,10.8973
d86e52c7-0482-424d-a13c-9e8c2b1a55a5,2024-08-09,B3,8.8931
d86e52c7-0482-424d-a13c-9e8c2b1a55a5,2024-08-10,B3,6.9108
d922e013-87d3-4428-8545-843517feb71f,2024-08-08,B1,4.0376
d922e013-87d3-4428-8545-843517feb71f,2024-08-09,B1,3.295
d922e013-87d3-4428-8545-843517feb71f,2024-08-10,B1,2.5605
d922e013-87d3-4428-8545-843517feb71f,2024-08-08,B2,1.1536
d922e013-87d3-4428-8545-843517feb71f,2024-08-09,B2,0.9414
d922e013-87d3-4428-8545-843517feb71f,2024-08-10,B2,0.7316
d922e013-87d3-4428-8545-843517feb71f,2024-08-08,B3,5.0094
d922e013-87d3-4428-8545-843517feb71f,2024-08-09,B3,4.0881
d922e013-87d3-4428-8545-843517feb71f,2024-08-10,B3,3.1768
d934fd6d-b03a-4dae-89a7-26f9aa9d0c60,2024-08-08,B1,7.5195
d934fd6d-b03a-4dae-89a7-26f9aa9d0c60,2024-08-09,B1,6.1365
d934fd6d-b03a-4dae-89a7-26f9aa9d0c60,2024-08-10,B1,4.7686
d934fd6d-b03a-4dae-89a7-26f9aa9d0c60,2024-08-08,B2,3.5878
d934fd6d-b03a-4dae-89a7-26f9aa9d0c60,2024-08-09,B2,2.928
d934fd6d-b03a-4dae-89a7-26f9aa9d0c60,2024-08-10,B2,2.2753
d934fd6d-b03a-4dae-89a7-26f9aa9d0c60,2024-08-08,B3,15.5973
d934fd6d-b03a-4dae-89a7-26f9aa9d0c60,2024-08-09,B3,12.7287
d934fd6d-b03a-4dae-89a7-26f9aa9d0c60,2024-08-10,B3,9.8914
d9517e93-53e0-4712-8682-36e080a626bb,2024-08-08,B1,2.1089
d9517e93-53e0-4712-8682-36e080a626bb,2024-08-09,B1,1.721
d9517e93-53e0-4712-8682-36e080a626bb,2024-08-10,B1,1.3374
d9517e93-53e0-4712-8682-36e080a626bb,2024-08-08,B2,1.833
d9517e93-53e0-4712-8682-36e080a626bb,2024-08-09,B2,1.4959
d9517e93-53e0-4712-8682-36e080a626bb,2024-08-10,B2,1.1625
d9517e93-53e0-4712-8682-36e080a626bb,2024-08-08,B3,4.9162
d9517e93-53e0-4712-8682-36e080a626bb,2024-08-09,B3,4.012
d9517e93-53e0-4712-8682-36e080a626bb,2024-08-10,B3,3.1177
d9532d1f-f2cb-4fdb-a95c-29ad6d1860f3,2024-08-08,B3,2.303
d9532d1f-f2cb-4fdb-a95c-29ad6d1860f3,2024-08-09,B3,1.8795
d9532d1f-f2cb-4fdb-a95c-29ad6d1860f3,2024-08-10,B3,1.4605
d9bc982c-4fd0-430a-8f10-3997f1df454c,2024-08-08,M1,2.8306
d9bc982c-4fd0-430a-8f10-3997f1df454c,2024-08-09,M1,2.5305
d9bc982c-4fd0-430a-8f10-3997f1df454c,2024-08-10,M1,2.3083
d9bc982c-4fd0-430a-8f10-3997f1df454c,2024-08-08,M2,11.2514
d9bc982c-4fd0-430a-8f10-3997f1df454c,2024-08-09,M2,10.0586
d9bc982c-4fd0-430a-8f10-3997f1df454c,2024-08-10,M2,9.1756
d9bc982c-4fd0-430a-8f10-3997f1df454c,2024-08-08,M3,22.1026
d9bc982c-4fd0-430a-8f10-3997f1df454c,2024-08-09,M3,19.7594
d9bc982c-4fd0-430a-8f10-3997f1df454c,2024-08-10,M3,18.0247
d9bc982c-4fd0-430a-8f10-3997f1df454c,2024-08-08,M4,9.3033
d9bc982c-4fd0-430a-8f10-3997f1df454c,2024-08-09,M4,8.317
d9bc982c-4fd0-430a-8f10-3997f1df454c,2024-08-10,M4,7.5869
d9bc982c-4fd0-430a-8f10-3997f1df454c,2024-08-08,M5,2.4044
d9bc982c-4fd0-430a-8f10-3997f1df454c,2024-08-09,M5,2.1495
d9bc982c-4fd0-430a-8f10-3997f1df454c,2024-08-10,M5,1.9608
d9e78632-670d-4530-bec3-917f2cba38cd,2024-08-08,B1,2.1659
d9e78632-670d-4530-bec3-917f2cba38cd,2024-08-09,B1,1.7676
d9e78632-670d-4530-bec3-917f2cba38cd,2024-08-10,B1,1.3736
d9e78632-670d-4530-bec3-917f2cba38cd,2024-08-08,B2,1.1536
d9e78632-670d-4530-bec3-917f2cba38cd,2024-08-09,B2,0.9414
d9e78632-670d-4530-bec3-917f2cba38cd,2024-08-10,B2,0.7316
d9e78632-670d-4530-bec3-917f2cba38cd,2024-08-08,B3,4.2663
d9e78632-670d-4530-bec3-917f2cba38cd,2024-08-09,B3,3.4817
d9e78632-670d-4530-bec3-917f2cba38cd,2024-08-10,B3,2.7056
da0c6b55-a455-49ad-9d70-12fa9109b9ec,2024-08-08,M1,1.7901
da0c6b55-a455-49ad-9d70-12fa9109b9ec,2024-08-09,M1,1.6003
da0c6b55-a455-49ad-9d70-12fa9109b9ec,2024-08-10,M1,1.4598
da0c6b55-a455-49ad-9d70-12fa9109b9ec,2024-08-08,M2,4.0683
da0c6b55-a455-49ad-9d70-12fa9109b9ec,2024-08-09,M2,3.637
da0c6b55-a455-49ad-9d70-12fa9109b9ec,2024-08-10,M2,3.3177
da0c6b55-a455-49ad-9d70-12fa9109b9ec,2024-08-08,M3,7.5637
da0c6b55-a455-49ad-9d70-12fa9109b9ec,2024-08-09,M3,6.7618
da0c6b55-a455-49ad-9d70-12fa9109b9ec,2024-08-10,M3,6.1682
da0c6b55-a455-49ad-9d70-12fa9109b9ec,2024-08-08,M4,3.3269
da0c6b55-a455-49ad-9d70-12fa9109b9ec,2024-08-09,M4,2.9742
da0c6b55-a455-49ad-9d70-12fa9109b9ec,2024-08-10,M4,2.7131
da0c6b55-a455-49ad-9d70-12fa9109b9ec,2024-08-08,M5,2.1103
da0c6b55-a455-49ad-9d70-12fa9109b9ec,2024-08-09,M5,1.8866
da0c6b55-a455-49ad-9d70-12fa9109b9ec,2024-08-10,M5,1.7209
da20add0-9f1b-4800-a31b-2085d849c6fd,2024-08-08,M1,2.6163
da20add0-9f1b-4800-a31b-2085d849c6fd,2024-08-09,M1,2.3389
da20add0-9f1b-4800-a31b-2085d849c6fd,2024-08-10,M1,2.1336
da20add0-9f1b-4800-a31b-2085d849c6fd,2024-08-08,M2,3.5705
da20add0-9f1b-4800-a31b-2085d849c6fd,2024-08-09,M2,3.192
da20add0-9f1b-4800-a31b-2085d849c6fd,2024-08-10,M2,2.9118
da20add0-9f1b-4800-a31b-2085d849c6fd,2024-08-08,M3,12.0264
da20add0-9f1b-4800-a31b-2085d849c6fd,2024-08-09,M3,10.7515
da20add0-9f1b-4800-a31b-2085d849c6fd,2024-08-10,M3,9.8076
da20add0-9f1b-4800-a31b-2085d849c6fd,2024-08-08,M4,3.7513
da20add0-9f1b-4800-a31b-2085d849c6fd,2024-08-09,M4,3.3536
da20add0-9f1b-4800-a31b-2085d849c6fd,2024-08-10,M4,3.0592
da20add0-9f1b-4800-a31b-2085d849c6fd,2024-08-08,M5,2.7338
da20add0-9f1b-4800-a31b-2085d849c6fd,2024-08-09,M5,2.444
da20add0-9f1b-4800-a31b-2085d849c6fd,2024-08-10,M5,2.2294
da3c5f47-9afa-4eb5-9006-242e5727dbe9,2024-08-08,B3,2.3072
da3c5f47-9afa-4eb5-9006-242e5727dbe9,2024-08-09,B3,1.8829
da3c5f47-9afa-4eb5-9006-242e5727dbe9,2024-08-10,B3,1.4632
da5d9523-a7b6-49a9-8017-dc24624b0d79,2024-08-08,B1,5.4215
da5d9523-a7b6-49a9-8017-dc24624b0d79,2024-08-09,B1,4.4244
da5d9523-a7b6-49a9-8017-dc24624b0d79,2024-08-10,B1,3.4382
da5d9523-a7b6-49a9-8017-dc24624b0d79,2024-08-08,B2,4.1139
da5d9523-a7b6-49a9-8017-dc24624b0d79,2024-08-09,B2,3.3573
da5d9523-a7b6-49a9-8017-dc24624b0d79,2024-08-10,B2,2.6089
da5d9523-a7b6-49a9-8017-dc24624b0d79,2024-08-08,B3,18.5754
da5d9523-a7b6-49a9-8017-dc24624b0d79,2024-08-09,B3,15.1591
da5d9523-a7b6-49a9-8017-dc24624b0d79,2024-08-10,B3,11.78
da7b031a-1f36-47c1-bc0d-14c7c187dd69,2024-08-08,B1,2.4992
da7b031a-1f36-47c1-bc0d-14c7c187dd69,2024-08-09,B1,2.0396
da7b031a-1f36-47c1-bc0d-14c7c187dd69,2024-08-10,B1,1.5849
da7b031a-1f36-47c1-bc0d-14c7c187dd69,2024-08-08,B2,2.5879
da7b031a-1f36-47c1-bc0d-14c7c187dd69,2024-08-09,B2,2.1119
da7b031a-1f36-47c1-bc0d-14c7c187dd69,2024-08-10,B2,1.6412
da7b031a-1f36-47c1-bc0d-14c7c187dd69,2024-08-08,B3,9.9491
da7b031a-1f36-47c1-bc0d-14c7c187dd69,2024-08-09,B3,8.1193
da7b031a-1f36-47c1-bc0d-14c7c187dd69,2024-08-10,B3,6.3094
da93d9ed-90c0-4fe6-8abf-5be733e33cb7,2024-08-08,M1,3.1654
da93d9ed-90c0-4fe6-8abf-5be733e33cb7,2024-08-09,M1,2.8298
da93d9ed-90c0-4fe6-8abf-5be733e33cb7,2024-08-10,M1,2.5814
da93d9ed-90c0-4fe6-8abf-5be733e33cb7,2024-08-08,M2,1.5729
da93d9ed-90c0-4fe6-8abf-5be733e33cb7,2024-08-09,M2,1.4062
da93d9ed-90c0-4fe6-8abf-5be733e33cb7,2024-08-10,M2,1.2827
da93d9ed-90c0-4fe6-8abf-5be733e33cb7,2024-08-08,M3,2.1406
da93d9ed-90c0-4fe6-8abf-5be733e33cb7,2024-08-09,M3,1.9137
da93d9ed-90c0-4fe6-8abf-5be733e33cb7,2024-08-10,M3,1.7457
da93d9ed-90c0-4fe6-8abf-5be733e33cb7,2024-08-08,M4,1.8753
da93d9ed-90c0-4fe6-8abf-5be733e33cb7,2024-08-09,M4,1.6765
da93d9ed-90c0-4fe6-8abf-5be733e33cb7,2024-08-10,M4,1.5294
dacbe187-6c06-44c8-b3c2-07c004d42700,2024-08-08,M2,2.1103
dacbe187-6c06-44c8-b3c2-07c004d42700,2024-08-09,M2,1.8866
dacbe187-6c06-44c8-b3c2-07c004d42700,2024-08-10,M2,1.7209
dace4756-99f3-417d-abd5-cfe7ef26b63f,2024-08-08,B1,1.9513
dace4756-99f3-417d-abd5-cfe7ef26b63f,2024-08-09,B1,1.5924
dace4756-99f3-417d-abd5-cfe7ef26b63f,2024-08-10,B1,1.2375
dace4756-99f3-417d-abd5-cfe7ef26b63f,2024-08-08,B2,3.4608
dace4756-99f3-417d-abd5-cfe7ef26b63f,2024-08-09,B2,2.8243
dace4756-99f3-417d-abd5-cfe7ef26b63f,2024-08-10,B2,2.1947
dace4756-99f3-417d-abd5-cfe7ef26b63f,2024-08-08,B3,4.5418
dace4756-99f3-417d-abd5-cfe7ef26b63f,2024-08-09,B3,3.7065
dace4756-99f3-417d-abd5-cfe7ef26b63f,2024-08-10,B3,2.8803
db229f67-7366-494e-96be-1c3844380a38,2024-08-08,M1,1.0551
db229f67-7366-494e-96be-1c3844380a38,2024-08-09,M1,0.9433
db229f67-7366-494e-96be-1c3844380a38,2024-08-10,M1,0.8605
db229f67-7366-494e-96be-1c3844380a38,2024-08-08,M2,1.7527
db229f67-7366-494e-96be-1c3844380a38,2024-08-09,M2,1.5669
db229f67-7366-494e-96be-1c3844380a38,2024-08-10,M2,1.4293
db229f67-7366-494e-96be-1c3844380a38,2024-08-08,M3,3.5104
db229f67-7366-494e-96be-1c3844380a38,2024-08-09,M3,3.1382
db229f67-7366-494e-96be-1c3844380a38,2024-08-10,M3,2.8627
db229f67-7366-494e-96be-1c3844380a38,2024-08-08,M4,2.1103
db229f67-7366-494e-96be-1c3844380a38,2024-08-09,M4,1.8866
db229f67-7366-494e-96be-1c3844380a38,2024-08-10,M4,1.7209
db229f67-7366-494e-96be-1c3844380a38,2024-08-08,M5,1.5827
db229f67-7366-494e-96be-1c3844380a38,2024-08-09,M5,1.4149
db229f67-7366-494e-96be-1c3844380a38,2024-08-10,M5,1.2907
db556270-c003-41dd-85f9-c5fde9b49134,2024-08-08,B1,2.3072
db556270-c003-41dd-85f9-c5fde9b49134,2024-08-09,B1,1.8829
db556270-c003-41dd-85f9-c5fde9b49134,2024-08-10,B1,1.4632
db556270-c003-41dd-85f9-c5fde9b49134,2024-08-08,B2,2.1089
db556270-c003-41dd-85f9-c5fde9b49134,2024-08-09,B2,1.721
db556270-c003-41dd-85f9-c5fde9b49134,2024-08-10,B2,1.3374
db556270-c003-41dd-85f9-c5fde9b49134,2024-08-08,B3,2.666
db556270-c003-41dd-85f9-c5fde9b49134,2024-08-09,B3,2.1757
db556270-c003-41dd-85f9-c5fde9b49134,2024-08-10,B3,1.6907
dc065565-b29e-4264-96e6-2be168935a4a,2024-08-08,B1,2.1659
dc065565-b29e-4264-96e6-2be168935a4a,2024-08-09,B1,1.7676
dc065565-b29e-4264-96e6-2be168935a4a,2024-08-10,B1,1.3736
dc065565-b29e-4264-96e6-2be168935a4a,2024-08-08,B2,2.3072
dc065565-b29e-4264-96e6-2be168935a4a,2024-08-09,B2,1.8829
dc065565-b29e-4264-96e6-2be168935a4a,2024-08-10,B2,1.4632
dc065565-b29e-4264-96e6-2be168935a4a,2024-08-08,B3,2.1411
dc065565-b29e-4264-96e6-2be168935a4a,2024-08-09,B3,1.7473
dc065565-b29e-4264-96e6-2be168935a4a,2024-08-10,B3,1.3578
dc41ca2d-d51c-4670-91b4-cfeacd35fd64,2024-08-08,M1,1.8234
dc41ca2d-d51c-4670-91b4-cfeacd35fd64,2024-08-09,M1,1.6301
dc41ca2d-d51c-4670-91b4-cfeacd35fd64,2024-08-10,M1,1.487
dc41ca2d-d51c-4670-91b4-cfeacd35fd64,2024-08-08,M2,5.4499
dc41ca2d-d51c-4670-91b4-cfeacd35fd64,2024-08-09,M2,4.8721
dc41ca2d-d51c-4670-91b4-cfeacd35fd64,2024-08-10,M2,4.4444
dc41ca2d-d51c-4670-91b4-cfeacd35fd64,2024-08-08,M3,12.0509
dc41ca2d-d51c-4670-91b4-cfeacd35fd64,2024-08-09,M3,10.7733
dc41ca2d-d51c-4670-91b4-cfeacd35fd64,2024-08-10,M3,9.8276
dc41ca2d-d51c-4670-91b4-cfeacd35fd64,2024-08-08,M4,3.5457
dc41ca2d-d51c-4670-91b4-cfeacd35fd64,2024-08-09,M4,3.1698
dc41ca2d-d51c-4670-91b4-cfeacd35fd64,2024-08-10,M4,2.8915
dc41ca2d-d51c-4670-91b4-cfeacd35fd64,2024-08-08,M5,3.6509
dc41ca2d-d51c-4670-91b4-cfeacd35fd64,2024-08-09,M5,3.2639
dc41ca2d-d51c-4670-91b4-cfeacd35fd64,2024-08-10,M5,2.9774
dc5744d2-fdcc-4de4-9e39-96776492058a,2024-08-08,B3,2.241
dc5744d2-fdcc-4de4-9e39-96776492058a,2024-08-09,B3,1.8289
dc5744d2-fdcc-4de4-9e39-96776492058a,2024-08-10,B3,1.4212
dc6c7b7a-8621-49b7-a320-703ec7330008,2024-08-08,M1,4.2206
dc6c7b7a-8621-49b7-a320-703ec7330008,2024-08-09,M1,3.7731
dc6c7b7a-8621-49b7-a320-703ec7330008,2024-08-10,M1,3.4419
dc6c7b7a-8621-49b7-a320-703ec7330008,2024-08-08,M2,2.5591
dc6c7b7a-8621-49b7-a320-703ec7330008,2024-08-09,M2,2.2878
dc6c7b7a-8621-49b7-a320-703ec7330008,2024-08-10,M2,2.0869
dc6c7b7a-8621-49b7-a320-703ec7330008,2024-08-08,M3,7.4184
dc6c7b7a-8621-49b7-a320-703ec7330008,2024-08-09,M3,6.632
dc6c7b7a-8621-49b7-a320-703ec7330008,2024-08-10,M3,6.0498
dc6c7b7a-8621-49b7-a320-703ec7330008,2024-08-08,M4,1.0551
dc6c7b7a-8621-49b7-a320-703ec7330008,2024-08-09,M4,0.9433
dc6c7b7a-8621-49b7-a320-703ec7330008,2024-08-10,M4,0.8605
dc6c7b7a-8621-49b7-a320-703ec7330008,2024-08-08,M5,1.9111
dc6c7b7a-8621-49b7-a320-703ec7330008,2024-08-09,M5,1.7085
dc6c7b7a-8621-49b7-a320-703ec7330008,2024-08-10,M5,1.5585
dcbe30e3-528f-4df5-b5b2-8834798cb177,2024-08-08,M2,2.1103
dcbe30e3-528f-4df5-b5b2-8834798cb177,2024-08-09,M2,1.8866
dcbe30e3-528f-4df5-b5b2-8834798cb177,2024-08-10,M2,1.7209
dcbe30e3-528f-4df5-b5b2-8834798cb177,2024-08-08,M3,2.6379
dcbe30e3-528f-4df5-b5b2-8834798cb177,2024-08-09,M3,2.3582
dcbe30e3-528f-4df5-b5b2-8834798cb177,2024-08-10,M3,2.1512
ddc77a8d-1af1-4bd4-b6a0-be767b45b05c,2024-08-08,M1,1.0551
ddc77a8d-1af1-4bd4-b6a0-be767b45b05c,2024-08-09,M1,0.9433
ddc77a8d-1af1-4bd4-b6a0-be767b45b05c,2024-08-10,M1,0.8605
ddc77a8d-1af1-4bd4-b6a0-be767b45b05c,2024-08-08,M2,1.9821
ddc77a8d-1af1-4bd4-b6a0-be767b45b05c,2024-08-09,M2,1.772
ddc77a8d-1af1-4bd4-b6a0-be767b45b05c,2024-08-10,M2,1.6164
ddc77a8d-1af1-4bd4-b6a0-be767b45b05c,2024-08-08,M3,4.3018
ddc77a8d-1af1-4bd4-b6a0-be767b45b05c,2024-08-09,M3,3.8458
ddc77a8d-1af1-4bd4-b6a0-be767b45b05c,2024-08-10,M3,3.5082
ddc77a8d-1af1-4bd4-b6a0-be767b45b05c,2024-08-08,M4,1.8023
ddc77a8d-1af1-4bd4-b6a0-be767b45b05c,2024-08-09,M4,1.6112
ddc77a8d-1af1-4bd4-b6a0-be767b45b05c,2024-08-10,M4,1.4698
ddc77a8d-1af1-4bd4-b6a0-be767b45b05c,2024-08-08,M5,3.1654
ddc77a8d-1af1-4bd4-b6a0-be767b45b05c,2024-08-09,M5,2.8298
ddc77a8d-1af1-4bd4-b6a0-be767b45b05c,2024-08-10,M5,2.5814
de0bc076-87be-4dcb-95b6-0182f01ba1f6,2024-08-08,B2,3.4608
de0bc076-87be-4dcb-95b6-0182f01ba1f6,2024-08-09,B2,2.8243
de0bc076-87be-4dcb-95b6-0182f01ba1f6,2024-08-10,B2,2.1947
de0bc076-87be-4dcb-95b6-0182f01ba1f6,2024-08-08,B3,3.6116
de0bc076-87be-4dcb-95b6-0182f01ba1f6,2024-08-09,B3,2.9473
de0bc076-87be-4dcb-95b6-0182f01ba1f6,2024-08-10,B3,2.2903
de5d0c0a-8a61-4de9-ab77-3f76a91fa609,2024-08-08,B1,1.1536
de5d0c0a-8a61-4de9-ab77-3f76a91fa609,2024-08-09,B1,0.9414
de5d0c0a-8a61-4de9-ab77-3f76a91fa609,2024-08-10,B1,0.7316
de5d0c0a-8a61-4de9-ab77-3f76a91fa609,2024-08-08,B3,5.938
de5d0c0a-8a61-4de9-ab77-3f76a91fa609,2024-08-09,B3,4.8459
de5d0c0a-8a61-4de9-ab77-3f76a91fa609,2024-08-10,B3,3.7657
de915771-fd40-4cb7-a7d9-551e9b09df64,2024-08-08,B1,2.0635
de915771-fd40-4cb7-a7d9-551e9b09df64,2024-08-09,B1,1.684
de915771-fd40-4cb7-a7d9-551e9b09df64,2024-08-10,B1,1.3086
de915771-fd40-4cb7-a7d9-551e9b09df64,2024-08-08,B2,3.4608
de915771-fd40-4cb7-a7d9-551e9b09df64,2024-08-09,B2,2.8243
de915771-fd40-4cb7-a7d9-551e9b09df64,2024-08-10,B2,2.1947
de915771-fd40-4cb7-a7d9-551e9b09df64,2024-08-08,B3,6.3822
de915771-fd40-4cb7-a7d9-551e9b09df64,2024-08-09,B3,5.2084
de915771-fd40-4cb7-a7d9-551e9b09df64,2024-08-10,B3,4.0474
defe34df-be8f-4b7a-811b-d6c3fd2d7be7,2024-08-08,M2,4.2206
defe34df-be8f-4b7a-811b-d6c3fd2d7be7,2024-08-09,M2,3.7731
defe34df-be8f-4b7a-811b-d6c3fd2d7be7,2024-08-10,M2,3.4419
defe34df-be8f-4b7a-811b-d6c3fd2d7be7,2024-08-08,M3,1.5827
defe34df-be8f-4b7a-811b-d6c3fd2d7be7,2024-08-09,M3,1.4149
defe34df-be8f-4b7a-811b-d6c3fd2d7be7,2024-08-10,M3,1.2907
defecb65-93a5-43fb-845c-d42201cedcec,2024-08-08,B1,4.2714
defecb65-93a5-43fb-845c-d42201cedcec,2024-08-09,B1,3.4858
defecb65-93a5-43fb-845c-d42201cedcec,2024-08-10,B1,2.7088
defecb65-93a5-43fb-845c-d42201cedcec,2024-08-08,B2,2.5295
defecb65-93a5-43fb-845c-d42201cedcec,2024-08-09,B2,2.0642
defecb65-93a5-43fb-845c-d42201cedcec,2024-08-10,B2,1.6041
defecb65-93a5-43fb-845c-d42201cedcec,2024-08-08,B3,10.2455
defecb65-93a5-43fb-845c-d42201cedcec,2024-08-09,B3,8.3612
defecb65-93a5-43fb-845c-d42201cedcec,2024-08-10,B3,6.4974
dfa68263-7b7f-41e9-b267-09f046956a6c,2024-08-08,B1,1.1536
dfa68263-7b7f-41e9-b267-09f046956a6c,2024-08-09,B1,0.9414
dfa68263-7b7f-41e9-b267-09f046956a6c,2024-08-10,B1,0.7316
dfa68263-7b7f-41e9-b267-09f046956a6c,2024-08-08,B2,1.9676
dfa68263-7b7f-41e9-b267-09f046956a6c,2024-08-09,B2,1.6057
dfa68263-7b7f-41e9-b267-09f046956a6c,2024-08-10,B2,1.2478
dfa68263-7b7f-41e9-b267-09f046956a6c,2024-08-08,B3,3.3813
dfa68263-7b7f-41e9-b267-09f046956a6c,2024-08-09,B3,2.7594
dfa68263-7b7f-41e9-b267-09f046956a6c,2024-08-10,B3,2.1443
dfc3f693-c9a3-433f-9192-5c34964d4947,2024-08-08,M1,1.5827
dfc3f693-c9a3-433f-9192-5c34964d4947,2024-08-09,M1,1.4149
dfc3f693-c9a3-433f-9192-5c34964d4947,2024-08-10,M1,1.2907
dfc3f693-c9a3-433f-9192-5c34964d4947,2024-08-08,M2,2.1103
dfc3f693-c9a3-433f-9192-5c34964d4947,2024-08-09,M2,1.8866
dfc3f693-c9a3-433f-9192-5c34964d4947,2024-08-10,M2,1.7209
dfc3f693-c9a3-433f-9192-5c34964d4947,2024-08-08,M3,2.2122
dfc3f693-c9a3-433f-9192-5c34964d4947,2024-08-09,M3,1.9777
dfc3f693-c9a3-433f-9192-5c34964d4947,2024-08-10,M3,1.8041
dfc3f693-c9a3-433f-9192-5c34964d4947,2024-08-08,M4,1.5827
dfc3f693-c9a3-433f-9192-5c34964d4947,2024-08-09,M4,1.4149
dfc3f693-c9a3-433f-9192-5c34964d4947,2024-08-10,M4,1.2907
dfd6f29d-0648-4794-a72f-398a32b1866f,2024-08-08,B3,1.9727
dfd6f29d-0648-4794-a72f-398a32b1866f,2024-08-09,B3,1.6099
dfd6f29d-0648-4794-a72f-398a32b1866f,2024-08-10,B3,1.251
e047a016-b82f-478c-8689-98ee909bbf7e,2024-08-08,B1,2.884
e047a016-b82f-478c-8689-98ee909bbf7e,2024-08-09,B1,2.3536
e047a016-b82f-478c-8689-98ee909bbf7e,2024-08-10,B1,1.8289
e047a016-b82f-478c-8689-98ee909bbf7e,2024-08-08,B3,5.768
e047a016-b82f-478c-8689-98ee909bbf7e,2024-08-09,B3,4.7072
e047a016-b82f-478c-8689-98ee909bbf7e,2024-08-10,B3,3.6579
e04f8841-3014-4a93-a0ab-367f7c83e2fc,2024-08-08,M1,1.9577
e04f8841-3014-4a93-a0ab-367f7c83e2fc,2024-08-09,M1,1.7501
e04f8841-3014-4a93-a0ab-367f7c83e2fc,2024-08-10,M1,1.5965
e04f8841-3014-4a93-a0ab-367f7c83e2fc,2024-08-08,M2,1.8048
e04f8841-3014-4a93-a0ab-367f7c83e2fc,2024-08-09,M2,1.6135
e04f8841-3014-4a93-a0ab-367f7c83e2fc,2024-08-10,M2,1.4718
e04f8841-3014-4a93-a0ab-367f7c83e2fc,2024-08-08,M3,2.473
e04f8841-3014-4a93-a0ab-367f7c83e2fc,2024-08-09,M3,2.2109
e04f8841-3014-4a93-a0ab-367f7c83e2fc,2024-08-10,M3,2.0168
e04f8841-3014-4a93-a0ab-367f7c83e2fc,2024-08-08,M4,1.9065
e04f8841-3014-4a93-a0ab-367f7c83e2fc,2024-08-09,M4,1.7044
e04f8841-3014-4a93-a0ab-367f7c83e2fc,2024-08-10,M4,1.5548
e09eb12c-38f9-444f-82cb-579d5bc603ac,2024-08-08,B3,8.0752
e09eb12c-38f9-444f-82cb-579d5bc603ac,2024-08-09,B3,6.59
e09eb12c-38f9-444f-82cb-579d5bc603ac,2024-08-10,B3,5.1211
e0d1d6b4-c9d8-4956-8ac0-db09b1dae681,2024-08-08,B1,3.5152
e0d1d6b4-c9d8-4956-8ac0-db09b1dae681,2024-08-09,B1,2.8687
e0d1d6b4-c9d8-4956-8ac0-db09b1dae681,2024-08-10,B1,2.2292
e0d1d6b4-c9d8-4956-8ac0-db09b1dae681,2024-08-08,B2,3.7315
e0d1d6b4-c9d8-4956-8ac0-db09b1dae681,2024-08-09,B2,3.0452
e0d1d6b4-c9d8-4956-8ac0-db09b1dae681,2024-08-10,B2,2.3664
e0d1d6b4-c9d8-4956-8ac0-db09b1dae681,2024-08-08,B3,17.0313
e0d1d6b4-c9d8-4956-8ac0-db09b1dae681,2024-08-09,B3,13.899
e0d1d6b4-c9d8-4956-8ac0-db09b1dae681,2024-08-10,B3,10.8007
e1028ad9-c440-4ffe-9dfe-7640356ee51c,2024-08-08,B1,4.9809
e1028ad9-c440-4ffe-9dfe-7640356ee51c,2024-08-09,B1,4.0648
e1028ad9-c440-4ffe-9dfe-7640356ee51c,2024-08-10,B1,3.1587
e1028ad9-c440-4ffe-9dfe-7640356ee51c,2024-08-08,B2,2.8862
e1028ad9-c440-4ffe-9dfe-7640356ee51c,2024-08-09,B2,2.3554
e1028ad9-c440-4ffe-9dfe-7640356ee51c,2024-08-10,B2,1.8303
e1028ad9-c440-4ffe-9dfe-7640356ee51c,2024-08-08,B3,5.6838
e1028ad9-c440-4ffe-9dfe-7640356ee51c,2024-08-09,B3,4.6384
e1028ad9-c440-4ffe-9dfe-7640356ee51c,2024-08-10,B3,3.6045
e13a9051-ee71-4e4c-80be-093b9a943585,2024-08-08,B3,2.6305
e13a9051-ee71-4e4c-80be-093b9a943585,2024-08-09,B3,2.1467
e13a9051-ee71-4e4c-80be-093b9a943585,2024-08-10,B3,1.6682
e16202f4-df1e-41db-84db-45da81e96232,2024-08-08,B1,2.4703
e16202f4-df1e-41db-84db-45da81e96232,2024-08-09,B1,2.016
e16202f4-df1e-41db-84db-45da81e96232,2024-08-10,B1,1.5666
e16202f4-df1e-41db-84db-45da81e96232,2024-08-08,B2,2.52
e16202f4-df1e-41db-84db-45da81e96232,2024-08-09,B2,2.0565
e16202f4-df1e-41db-84db-45da81e96232,2024-08-10,B2,1.5981
e16202f4-df1e-41db-84db-45da81e96232,2024-08-08,B3,11.744
e16202f4-df1e-41db-84db-45da81e96232,2024-08-09,B3,9.5841
e16202f4-df1e-41db-84db-45da81e96232,2024-08-10,B3,7.4477
e1937fd7-7980-4d06-bf3d-6681fedf8057,2024-08-08,M1,3.1654
e1937fd7-7980-4d06-bf3d-6681fedf8057,2024-08-09,M1,2.8298
e1937fd7-7980-4d06-bf3d-6681fedf8057,2024-08-10,M1,2.5814
e1937fd7-7980-4d06-bf3d-6681fedf8057,2024-08-08,M2,1.5827
e1937fd7-7980-4d06-bf3d-6681fedf8057,2024-08-09,M2,1.4149
e1937fd7-7980-4d06-bf3d-6681fedf8057,2024-08-10,M2,1.2907
e1937fd7-7980-4d06-bf3d-6681fedf8057,2024-08-08,M3,1.9852
e1937fd7-7980-4d06-bf3d-6681fedf8057,2024-08-09,M3,1.7747
e1937fd7-7980-4d06-bf3d-6681fedf8057,2024-08-10,M3,1.6189
e1937fd7-7980-4d06-bf3d-6681fedf8057,2024-08-08,M4,1.8611
e1937fd7-7980-4d06-bf3d-6681fedf8057,2024-08-09,M4,1.6638
e1937fd7-7980-4d06-bf3d-6681fedf8057,2024-08-10,M4,1.5178
e24d3b56-82be-4412-a5d5-06ed522ea69b,2024-08-08,B1,4.6144
e24d3b56-82be-4412-a5d5-06ed522ea69b,2024-08-09,B1,3.7657
e24d3b56-82be-4412-a5d5-06ed522ea69b,2024-08-10,B1,2.9263
e24d3b56-82be-4412-a5d5-06ed522ea69b,2024-08-08,B2,2.3072
e24d3b56-82be-4412-a5d5-06ed522ea69b,2024-08-09,B2,1.8829
e24d3b56-82be-4412-a5d5-06ed522ea69b,2024-08-10,B2,1.4632
e24d3b56-82be-4412-a5d5-06ed522ea69b,2024-08-08,B3,2.1319
e24d3b56-82be-4412-a5d5-06ed522ea69b,2024-08-09,B3,1.7398
e24d3b56-82be-4412-a5d5-06ed522ea69b,2024-08-10,B3,1.352
e255d266-cacb-4c7c-abbe-fef665980eb7,2024-08-08,M1,1.0551
e255d266-cacb-4c7c-abbe-fef665980eb7,2024-08-09,M1,0.9433
e255d266-cacb-4c7c-abbe-fef665980eb7,2024-08-10,M1,0.8605
e255d266-cacb-4c7c-abbe-fef665980eb7,2024-08-08,M2,1.903
e255d266-cacb-4c7c-abbe-fef665980eb7,2024-08-09,M2,1.7013
e255d266-cacb-4c7c-abbe-fef665980eb7,2024-08-10,M2,1.5519
e255d266-cacb-4c7c-abbe-fef665980eb7,2024-08-08,M3,2.394
e255d266-cacb-4c7c-abbe-fef665980eb7,2024-08-09,M3,2.1402
e255d266-cacb-4c7c-abbe-fef665980eb7,2024-08-10,M3,1.9523
e2be1740-ce5a-48fb-bf40-e969685ae8ca,2024-08-08,M1,2.1103
e2be1740-ce5a-48fb-bf40-e969685ae8ca,2024-08-09,M1,1.8866
e2be1740-ce5a-48fb-bf40-e969685ae8ca,2024-08-10,M1,1.7209
e2be1740-ce5a-48fb-bf40-e969685ae8ca,2024-08-08,M2,1.6255
e2be1740-ce5a-48fb-bf40-e969685ae8ca,2024-08-09,M2,1.4532
e2be1740-ce5a-48fb-bf40-e969685ae8ca,2024-08-10,M2,1.3256
e2be1740-ce5a-48fb-bf40-e969685ae8ca,2024-08-08,M3,1.773
e2be1740-ce5a-48fb-bf40-e969685ae8ca,2024-08-09,M3,1.585
e2be1740-ce5a-48fb-bf40-e969685ae8ca,2024-08-10,M3,1.4459
e2be1740-ce5a-48fb-bf40-e969685ae8ca,2024-08-08,M4,1.702
e2be1740-ce5a-48fb-bf40-e969685ae8ca,2024-08-09,M4,1.5216
e2be1740-ce5a-48fb-bf40-e969685ae8ca,2024-08-10,M4,1.388
e2be1740-ce5a-48fb-bf40-e969685ae8ca,2024-08-08,M5,1.0551
e2be1740-ce5a-48fb-bf40-e969685ae8ca,2024-08-09,M5,0.9433
e2be1740-ce5a-48fb-bf40-e969685ae8ca,2024-08-10,M5,0.8605
e2e9aa46-f25c-406d-b995-81be81ae766b,2024-08-08,B1,2.3072
e2e9aa46-f25c-406d-b995-81be81ae766b,2024-08-09,B1,1.8829
e2e9aa46-f25c-406d-b995-81be81ae766b,2024-08-10,B1,1.4632
e2e9aa46-f25c-406d-b995-81be81ae766b,2024-08-08,B2,1.7304
e2e9aa46-f25c-406d-b995-81be81ae766b,2024-08-09,B2,1.4122
e2e9aa46-f25c-406d-b995-81be81ae766b,2024-08-10,B2,1.0974
e2e9aa46-f25c-406d-b995-81be81ae766b,2024-08-08,B3,3.3236
e2e9aa46-f25c-406d-b995-81be81ae766b,2024-08-09,B3,2.7124
e2e9aa46-f25c-406d-b995-81be81ae766b,2024-08-10,B3,2.1078
e36c3475-bbdc-4770-886a-9449869ac0c4,2024-08-08,M2,1.6648
e36c3475-bbdc-4770-886a-9449869ac0c4,2024-08-09,M2,1.4883
e36c3475-bbdc-4770-886a-9449869ac0c4,2024-08-10,M2,1.3576
e36c3475-bbdc-4770-886a-9449869ac0c4,2024-08-08,M3,1.9603
e36c3475-bbdc-4770-886a-9449869ac0c4,2024-08-09,M3,1.7525
e36c3475-bbdc-4770-886a-9449869ac0c4,2024-08-10,M3,1.5986
e37b6edb-3dd9-4182-90d6-0f1c4003c473,2024-08-08,M2,1.0551
e37b6edb-3dd9-4182-90d6-0f1c4003c473,2024-08-09,M2,0.9433
e37b6edb-3dd9-4182-90d6-0f1c4003c473,2024-08-10,M2,0.8605
e37b6edb-3dd9-4182-90d6-0f1c4003c473,2024-08-08,M3,2.1103
e37b6edb-3dd9-4182-90d6-0f1c4003c473,2024-08-09,M3,1.8866
e37b6edb-3dd9-4182-90d6-0f1c4003c473,2024-08-10,M3,1.7209
e37b6edb-3dd9-4182-90d6-0f1c4003c473,2024-08-08,M5,3.1654
e37b6edb-3dd9-4182-90d6-0f1c4003c473,2024-08-09,M5,2.8298
e37b6edb-3dd9-4182-90d6-0f1c4003c473,2024-08-10,M5,2.5814
e3a3727f-0515-4fa2-b67d-d04d16dcc9ac,2024-08-08,B1,1.7779
e3a3727f-0515-4fa2-b67d-d04d16dcc9ac,2024-08-09,B1,1.4509
e3a3727f-0515-4fa2-b67d-d04d16dcc9ac,2024-08-10,B1,1.1275
e3a3727f-0515-4fa2-b67d-d04d16dcc9ac,2024-08-08,B2,1.7304
e3a3727f-0515-4fa2-b67d-d04d16dcc9ac,2024-08-09,B2,1.4122
e3a3727f-0515-4fa2-b67d-d04d16dcc9ac,2024-08-10,B2,1.0974
e3a3727f-0515-4fa2-b67d-d04d16dcc9ac,2024-08-08,B3,4.0283
e3a3727f-0515-4fa2-b67d-d04d16dcc9ac,2024-08-09,B3,3.2875
e3a3727f-0515-4fa2-b67d-d04d16dcc9ac,2024-08-10,B3,2.5547
e422d2c6-e0be-4a6b-b191-95984e88c299,2024-08-08,B1,1.9543
e422d2c6-e0be-4a6b-b191-95984e88c299,2024-08-09,B1,1.5949
e422d2c6-e0be-4a6b-b191-95984e88c299,2024-08-10,B1,1.2394
e422d2c6-e0be-4a6b-b191-95984e88c299,2024-08-08,B2,2.2293
e422d2c6-e0be-4a6b-b191-95984e88c299,2024-08-09,B2,1.8193
e422d2c6-e0be-4a6b-b191-95984e88c299,2024-08-10,B2,1.4138
e422d2c6-e0be-4a6b-b191-95984e88c299,2024-08-08,B3,4.0673
e422d2c6-e0be-4a6b-b191-95984e88c299,2024-08-09,B3,3.3193
e422d2c6-e0be-4a6b-b191-95984e88c299,2024-08-10,B3,2.5794
e451e50e-0120-4a69-918e-25f8edc05a9e,2024-08-08,M1,3.7159
e451e50e-0120-4a69-918e-25f8edc05a9e,2024-08-09,M1,3.322
e451e50e-0120-4a69-918e-25f8edc05a9e,2024-08-10,M1,3.0304
e451e50e-0120-4a69-918e-25f8edc05a9e,2024-08-08,M2,4.271
e451e50e-0120-4a69-918e-25f8edc05a9e,2024-08-09,M2,3.8183
e451e50e-0120-4a69-918e-25f8edc05a9e,2024-08-10,M2,3.4831
e451e50e-0120-4a69-918e-25f8edc05a9e,2024-08-08,M3,15.8648
e451e50e-0120-4a69-918e-25f8edc05a9e,2024-08-09,M3,14.1829
e451e50e-0120-4a69-918e-25f8edc05a9e,2024-08-10,M3,12.9378
e451e50e-0120-4a69-918e-25f8edc05a9e,2024-08-08,M4,3.2308
e451e50e-0120-4a69-918e-25f8edc05a9e,2024-08-09,M4,2.8883
e451e50e-0120-4a69-918e-25f8edc05a9e,2024-08-10,M4,2.6348
e451e50e-0120-4a69-918e-25f8edc05a9e,2024-08-08,M5,2.4516
e451e50e-0120-4a69-918e-25f8edc05a9e,2024-08-09,M5,2.1917
e451e50e-0120-4a69-918e-25f8edc05a9e,2024-08-10,M5,1.9993
e46e6d0d-f9f1-4d72-b071-0a1bc299918d,2024-08-08,B1,1.1536
e46e6d0d-f9f1-4d72-b071-0a1bc299918d,2024-08-09,B1,0.9414
e46e6d0d-f9f1-4d72-b071-0a1bc299918d,2024-08-10,B1,0.7316
e46e6d0d-f9f1-4d72-b071-0a1bc299918d,2024-08-08,B2,1.1536
e46e6d0d-f9f1-4d72-b071-0a1bc299918d,2024-08-09,B2,0.9414
e46e6d0d-f9f1-4d72-b071-0a1bc299918d,2024-08-10,B2,0.7316
e46e6d0d-f9f1-4d72-b071-0a1bc299918d,2024-08-08,B3,55.3727
e46e6d0d-f9f1-4d72-b071-0a1bc299918d,2024-08-09,B3,45.1888
e46e6d0d-f9f1-4d72-b071-0a1bc299918d,2024-08-10,B3,35.1158
e512698a-7c9c-40d8-a209-e5e4c4a01324,2024-08-08,B1,1.1536
e512698a-7c9c-40d8-a209-e5e4c4a01324,2024-08-09,B1,0.9414
e512698a-7c9c-40d8-a209-e5e4c4a01324,2024-08-10,B1,0.7316
e512698a-7c9c-40d8-a209-e5e4c4a01324,2024-08-08,B2,1.1536
e512698a-7c9c-40d8-a209-e5e4c4a01324,2024-08-09,B2,0.9414
e512698a-7c9c-40d8-a209-e5e4c4a01324,2024-08-10,B2,0.7316
e512698a-7c9c-40d8-a209-e5e4c4a01324,2024-08-08,B3,3.3546
e512698a-7c9c-40d8-a209-e5e4c4a01324,2024-08-09,B3,2.7376
e512698a-7c9c-40d8-a209-e5e4c4a01324,2024-08-10,B3,2.1274
e54f9377-2d36-4537-b64d-ab3c6eb663ce,2024-08-08,B1,1.7304
e54f9377-2d36-4537-b64d-ab3c6eb663ce,2024-08-09,B1,1.4122
e54f9377-2d36-4537-b64d-ab3c6eb663ce,2024-08-10,B1,1.0974
e54f9377-2d36-4537-b64d-ab3c6eb663ce,2024-08-08,B2,1.7304
e54f9377-2d36-4537-b64d-ab3c6eb663ce,2024-08-09,B2,1.4122
e54f9377-2d36-4537-b64d-ab3c6eb663ce,2024-08-10,B2,1.0974
e54f9377-2d36-4537-b64d-ab3c6eb663ce,2024-08-08,B3,3.6294
e54f9377-2d36-4537-b64d-ab3c6eb663ce,2024-08-09,B3,2.9619
e54f9377-2d36-4537-b64d-ab3c6eb663ce,2024-08-10,B3,2.3017
e55bd1ec-0fde-4e16-a053-7dc3f53c5100,2024-08-08,B1,3.1533
e55bd1ec-0fde-4e16-a053-7dc3f53c5100,2024-08-09,B1,2.5734
e55bd1ec-0fde-4e16-a053-7dc3f53c5100,2024-08-10,B1,1.9997
e55bd1ec-0fde-4e16-a053-7dc3f53c5100,2024-08-08,B2,3.2334
e55bd1ec-0fde-4e16-a053-7dc3f53c5100,2024-08-09,B2,2.6387
e55bd1ec-0fde-4e16-a053-7dc3f53c5100,2024-08-10,B2,2.0505
e55bd1ec-0fde-4e16-a053-7dc3f53c5100,2024-08-08,B3,8.2923
e55bd1ec-0fde-4e16-a053-7dc3f53c5100,2024-08-09,B3,6.7672
e55bd1ec-0fde-4e16-a053-7dc3f53c5100,2024-08-10,B3,5.2588
e5911466-1a7c-42e9-90ee-16231ba56749,2024-08-08,B3,19.5971
e5911466-1a7c-42e9-90ee-16231ba56749,2024-08-09,B3,15.9929
e5911466-1a7c-42e9-90ee-16231ba56749,2024-08-10,B3,12.4279
e653cf58-064b-4350-8c7e-38c4e87bb981,2024-08-08,B1,9.1464
e653cf58-064b-4350-8c7e-38c4e87bb981,2024-08-09,B1,7.4643
e653cf58-064b-4350-8c7e-38c4e87bb981,2024-08-10,B1,5.8004
e653cf58-064b-4350-8c7e-38c4e87bb981,2024-08-08,B2,9.5359
e653cf58-064b-4350-8c7e-38c4e87bb981,2024-08-09,B2,7.7821
e653cf58-064b-4350-8c7e-38c4e87bb981,2024-08-10,B2,6.0474
e653cf58-064b-4350-8c7e-38c4e87bb981,2024-08-08,B3,45.1668
e653cf58-064b-4350-8c7e-38c4e87bb981,2024-08-09,B3,36.86
e653cf58-064b-4350-8c7e-38c4e87bb981,2024-08-10,B3,28.6435
e6891d0c-0ae1-4033-8a05-8cdff5e3667f,2024-08-08,B1,1.9846
e6891d0c-0ae1-4033-8a05-8cdff5e3667f,2024-08-09,B1,1.6196
e6891d0c-0ae1-4033-8a05-8cdff5e3667f,2024-08-10,B1,1.2586
e6891d0c-0ae1-4033-8a05-8cdff5e3667f,2024-08-08,B2,1.862
e6891d0c-0ae1-4033-8a05-8cdff5e3667f,2024-08-09,B2,1.5195
e6891d0c-0ae1-4033-8a05-8cdff5e3667f,2024-08-10,B2,1.1808
e6891d0c-0ae1-4033-8a05-8cdff5e3667f,2024-08-08,B3,16.3898
e6891d0c-0ae1-4033-8a05-8cdff5e3667f,2024-08-09,B3,13.3755
e6891d0c-0ae1-4033-8a05-8cdff5e3667f,2024-08-10,B3,10.394
e6dbc7e1-5d6c-41e7-b571-a6bf20528aa1,2024-08-08,B1,9.8056
e6dbc7e1-5d6c-41e7-b571-a6bf20528aa1,2024-08-09,B1,8.0022
e6dbc7e1-5d6c-41e7-b571-a6bf20528aa1,2024-08-10,B1,6.2184
e6dbc7e1-5d6c-41e7-b571-a6bf20528aa1,2024-08-08,B2,4.6144
e6dbc7e1-5d6c-41e7-b571-a6bf20528aa1,2024-08-09,B2,3.7657
e6dbc7e1-5d6c-41e7-b571-a6bf20528aa1,2024-08-10,B2,2.9263
e6dbc7e1-5d6c-41e7-b571-a6bf20528aa1,2024-08-08,B3,2.5123
e6dbc7e1-5d6c-41e7-b571-a6bf20528aa1,2024-08-09,B3,2.0502
e6dbc7e1-5d6c-41e7-b571-a6bf20528aa1,2024-08-10,B3,1.5932
e6e16196-8893-48e5-8e5b-ffb017e3d092,2024-08-08,B1,4.6144
e6e16196-8893-48e5-8e5b-ffb017e3d092,2024-08-09,B1,3.7657
e6e16196-8893-48e5-8e5b-ffb017e3d092,2024-08-10,B1,2.9263
e6e16196-8893-48e5-8e5b-ffb017e3d092,2024-08-08,B2,2.2629
e6e16196-8893-48e5-8e5b-ffb017e3d092,2024-08-09,B2,1.8467
e6e16196-8893-48e5-8e5b-ffb017e3d092,2024-08-10,B2,1.435
e6e16196-8893-48e5-8e5b-ffb017e3d092,2024-08-08,B3,3.3593
e6e16196-8893-48e5-8e5b-ffb017e3d092,2024-08-09,B3,2.7415
e6e16196-8893-48e5-8e5b-ffb017e3d092,2024-08-10,B3,2.1304
e7bd3d9b-3244-47a2-95c1-23cfca91cfd5,2024-08-08,B2,4.0376
e7bd3d9b-3244-47a2-95c1-23cfca91cfd5,2024-08-09,B2,3.295
e7bd3d9b-3244-47a2-95c1-23cfca91cfd5,2024-08-10,B2,2.5605
e7bd3d9b-3244-47a2-95c1-23cfca91cfd5,2024-08-08,B3,1.9714
e7bd3d9b-3244-47a2-95c1-23cfca91cfd5,2024-08-09,B3,1.6088
e7bd3d9b-3244-47a2-95c1-23cfca91cfd5,2024-08-10,B3,1.2502
e85285ab-0588-4ca4-934b-73a17ce39df0,2024-08-08,B2,1.8244
e85285ab-0588-4ca4-934b-73a17ce39df0,2024-08-09,B2,1.4889
e85285ab-0588-4ca4-934b-73a17ce39df0,2024-08-10,B2,1.157
e85285ab-0588-4ca4-934b-73a17ce39df0,2024-08-08,B3,6.3878
e85285ab-0588-4ca4-934b-73a17ce39df0,2024-08-09,B3,5.213
e85285ab-0588-4ca4-934b-73a17ce39df0,2024-08-10,B3,4.051
e8803e79-8224-45a7-9737-d75344477306,2024-08-08,B1,1.9001
e8803e79-8224-45a7-9737-d75344477306,2024-08-09,B1,1.5506
e8803e79-8224-45a7-9737-d75344477306,2024-08-10,B1,1.205
e8803e79-8224-45a7-9737-d75344477306,2024-08-08,B2,2.2493
e8803e79-8224-45a7-9737-d75344477306,2024-08-09,B2,1.8356
e8803e79-8224-45a7-9737-d75344477306,2024-08-10,B2,1.4264
e8803e79-8224-45a7-9737-d75344477306,2024-08-08,B3,9.2306
e8803e79-8224-45a7-9737-d75344477306,2024-08-09,B3,7.5329
e8803e79-8224-45a7-9737-d75344477306,2024-08-10,B3,5.8538
e8cf0f82-1eb8-491a-aa21-0e7ec6e008ef,2024-08-08,B1,1.1536
e8cf0f82-1eb8-491a-aa21-0e7ec6e008ef,2024-08-09,B1,0.9414
e8cf0f82-1eb8-491a-aa21-0e7ec6e008ef,2024-08-10,B1,0.7316
e8cf0f82-1eb8-491a-aa21-0e7ec6e008ef,2024-08-08,B2,1.9571
e8cf0f82-1eb8-491a-aa21-0e7ec6e008ef,2024-08-09,B2,1.5971
e8cf0f82-1eb8-491a-aa21-0e7ec6e008ef,2024-08-10,B2,1.2411
e8cf0f82-1eb8-491a-aa21-0e7ec6e008ef,2024-08-08,B3,4.2314
e8cf0f82-1eb8-491a-aa21-0e7ec6e008ef,2024-08-09,B3,3.4532
e8cf0f82-1eb8-491a-aa21-0e7ec6e008ef,2024-08-10,B3,2.6835
e90a40df-4d7a-41a7-a833-b792ff4f9623,2024-08-08,M2,1.8585
e90a40df-4d7a-41a7-a833-b792ff4f9623,2024-08-09,M2,1.6615
e90a40df-4d7a-41a7-a833-b792ff4f9623,2024-08-10,M2,1.5156
e90a40df-4d7a-41a7-a833-b792ff4f9623,2024-08-08,M3,3.4406
e90a40df-4d7a-41a7-a833-b792ff4f9623,2024-08-09,M3,3.0759
e90a40df-4d7a-41a7-a833-b792ff4f9623,2024-08-10,M3,2.8059
e90a40df-4d7a-41a7-a833-b792ff4f9623,2024-08-08,M4,2.2624
e90a40df-4d7a-41a7-a833-b792ff4f9623,2024-08-09,M4,2.0226
e90a40df-4d7a-41a7-a833-b792ff4f9623,2024-08-10,M4,1.845
e99eb233-e9a1-493e-a3a8-d2e68087f487,2024-08-08,B1,2.884
e99eb233-e9a1-493e-a3a8-d2e68087f487,2024-08-09,B1,2.3536
e99eb233-e9a1-493e-a3a8-d2e68087f487,2024-08-10,B1,1.8289
e99eb233-e9a1-493e-a3a8-d2e68087f487,2024-08-08,B2,1.1536
e99eb233-e9a1-493e-a3a8-d2e68087f487,2024-08-09,B2,0.9414
e99eb233-e9a1-493e-a3a8-d2e68087f487,2024-08-10,B2,0.7316
e99eb233-e9a1-493e-a3a8-d2e68087f487,2024-08-08,B3,2.3443
e99eb233-e9a1-493e-a3a8-d2e68087f487,2024-08-09,B3,1.9131
e99eb233-e9a1-493e-a3a8-d2e68087f487,2024-08-10,B3,1.4867
e9d20b31-0801-41b3-877b-2749b5c600ec,2024-08-08,B1,1.1536
e9d20b31-0801-41b3-877b-2749b5c600ec,2024-08-09,B1,0.9414
e9d20b31-0801-41b3-877b-2749b5c600ec,2024-08-10,B1,0.7316
e9d20b31-0801-41b3-877b-2749b5c600ec,2024-08-08,B2,2.3072
e9d20b31-0801-41b3-877b-2749b5c600ec,2024-08-09,B2,1.8829
e9d20b31-0801-41b3-877b-2749b5c600ec,2024-08-10,B2,1.4632
e9d20b31-0801-41b3-877b-2749b5c600ec,2024-08-08,B3,5.2496
e9d20b31-0801-41b3-877b-2749b5c600ec,2024-08-09,B3,4.2841
e9d20b31-0801-41b3-877b-2749b5c600ec,2024-08-10,B3,3.3291
e9f2885e-d1c3-40ce-b10d-fa924aa43fe8,2024-08-08,M2,2.1089
e9f2885e-d1c3-40ce-b10d-fa924aa43fe8,2024-08-09,M2,1.8853
e9f2885e-d1c3-40ce-b10d-fa924aa43fe8,2024-08-10,M2,1.7198
e9f2885e-d1c3-40ce-b10d-fa924aa43fe8,2024-08-08,M3,2.4373
e9f2885e-d1c3-40ce-b10d-fa924aa43fe8,2024-08-09,M3,2.1789
e9f2885e-d1c3-40ce-b10d-fa924aa43fe8,2024-08-10,M3,1.9876
e9f2885e-d1c3-40ce-b10d-fa924aa43fe8,2024-08-08,M4,1.9081
e9f2885e-d1c3-40ce-b10d-fa924aa43fe8,2024-08-09,M4,1.7058
e9f2885e-d1c3-40ce-b10d-fa924aa43fe8,2024-08-10,M4,1.556
ea253593-6bb7-4df8-b924-7b2dc26fe912,2024-08-08,B1,1.1536
ea253593-6bb7-4df8-b924-7b2dc26fe912,2024-08-09,B1,0.9414
ea253593-6bb7-4df8-b924-7b2dc26fe912,2024-08-10,B1,0.7316
ea253593-6bb7-4df8-b924-7b2dc26fe912,2024-08-08,B2,2.3072
ea253593-6bb7-4df8-b924-7b2dc26fe912,2024-08-09,B2,1.8829
ea253593-6bb7-4df8-b924-7b2dc26fe912,2024-08-10,B2,1.4632
ea253593-6bb7-4df8-b924-7b2dc26fe912,2024-08-08,B3,2.9133
ea253593-6bb7-4df8-b924-7b2dc26fe912,2024-08-09,B3,2.3775
ea253593-6bb7-4df8-b924-7b2dc26fe912,2024-08-10,B3,1.8475
ea679a0e-a512-463b-a9c5-deda4ef28e82,2024-08-08,B1,3.4608
ea679a0e-a512-463b-a9c5-deda4ef28e82,2024-08-09,B1,2.8243
ea679a0e-a512-463b-a9c5-deda4ef28e82,2024-08-10,B1,2.1947
ea679a0e-a512-463b-a9c5-deda4ef28e82,2024-08-08,B2,5.1912
ea679a0e-a512-463b-a9c5-deda4ef28e82,2024-08-09,B2,4.2365
ea679a0e-a512-463b-a9c5-deda4ef28e82,2024-08-10,B2,3.2921
ea679a0e-a512-463b-a9c5-deda4ef28e82,2024-08-08,B3,4.1176
ea679a0e-a512-463b-a9c5-deda4ef28e82,2024-08-09,B3,3.3603
ea679a0e-a512-463b-a9c5-deda4ef28e82,2024-08-10,B3,2.6113
ea746da5-3447-4ba8-952e-1786c037fd6f,2024-08-08,B1,5.768
ea746da5-3447-4ba8-952e-1786c037fd6f,2024-08-09,B1,4.7072
ea746da5-3447-4ba8-952e-1786c037fd6f,2024-08-10,B1,3.6579
ea746da5-3447-4ba8-952e-1786c037fd6f,2024-08-08,B2,2.6478
ea746da5-3447-4ba8-952e-1786c037fd6f,2024-08-09,B2,2.1608
ea746da5-3447-4ba8-952e-1786c037fd6f,2024-08-10,B2,1.6791
ea746da5-3447-4ba8-952e-1786c037fd6f,2024-08-08,B3,12.2421
ea746da5-3447-4ba8-952e-1786c037fd6f,2024-08-09,B3,9.9906
ea746da5-3447-4ba8-952e-1786c037fd6f,2024-08-10,B3,7.7636
ea95f79a-44a4-447a-a8ae-c8f2e01def51,2024-08-08,M1,4.2206
ea95f79a-44a4-447a-a8ae-c8f2e01def51,2024-08-09,M1,3.7731
ea95f79a-44a4-447a-a8ae-c8f2e01def51,2024-08-10,M1,3.4419
ea95f79a-44a4-447a-a8ae-c8f2e01def51,2024-08-08,M2,5.3004
ea95f79a-44a4-447a-a8ae-c8f2e01def51,2024-08-09,M2,4.7384
ea95f79a-44a4-447a-a8ae-c8f2e01def51,2024-08-10,M2,4.3225
ea95f79a-44a4-447a-a8ae-c8f2e01def51,2024-08-08,M3,7.478
ea95f79a-44a4-447a-a8ae-c8f2e01def51,2024-08-09,M3,6.6852
ea95f79a-44a4-447a-a8ae-c8f2e01def51,2024-08-10,M3,6.0983
ea95f79a-44a4-447a-a8ae-c8f2e01def51,2024-08-08,M4,4.9558
ea95f79a-44a4-447a-a8ae-c8f2e01def51,2024-08-09,M4,4.4304
ea95f79a-44a4-447a-a8ae-c8f2e01def51,2024-08-10,M4,4.0415
ea95f79a-44a4-447a-a8ae-c8f2e01def51,2024-08-08,M5,2.1103
ea95f79a-44a4-447a-a8ae-c8f2e01def51,2024-08-09,M5,1.8866
ea95f79a-44a4-447a-a8ae-c8f2e01def51,2024-08-10,M5,1.7209
eb071d0c-5304-498d-807f-8490b8bc6e2d,2024-08-08,M1,2.0313
eb071d0c-5304-498d-807f-8490b8bc6e2d,2024-08-09,M1,1.816
eb071d0c-5304-498d-807f-8490b8bc6e2d,2024-08-10,M1,1.6565
eb071d0c-5304-498d-807f-8490b8bc6e2d,2024-08-08,M2,7.2598
eb071d0c-5304-498d-807f-8490b8bc6e2d,2024-08-09,M2,6.4901
eb071d0c-5304-498d-807f-8490b8bc6e2d,2024-08-10,M2,5.9204
eb071d0c-5304-498d-807f-8490b8bc6e2d,2024-08-08,M3,11.459
eb071d0c-5304-498d-807f-8490b8bc6e2d,2024-08-09,M3,10.2442
eb071d0c-5304-498d-807f-8490b8bc6e2d,2024-08-10,M3,9.3449
eb071d0c-5304-498d-807f-8490b8bc6e2d,2024-08-08,M4,4.1357
eb071d0c-5304-498d-807f-8490b8bc6e2d,2024-08-09,M4,3.6972
eb071d0c-5304-498d-807f-8490b8bc6e2d,2024-08-10,M4,3.3726
eb071d0c-5304-498d-807f-8490b8bc6e2d,2024-08-08,M5,2.4994
eb071d0c-5304-498d-807f-8490b8bc6e2d,2024-08-09,M5,2.2344
eb071d0c-5304-498d-807f-8490b8bc6e2d,2024-08-10,M5,2.0383
eb0b7f42-4142-4f83-956f-29c141d66da6,2024-08-08,B1,1.8116
eb0b7f42-4142-4f83-956f-29c141d66da6,2024-08-09,B1,1.4784
eb0b7f42-4142-4f83-956f-29c141d66da6,2024-08-10,B1,1.1489
eb0b7f42-4142-4f83-956f-29c141d66da6,2024-08-08,B2,1.8346
eb0b7f42-4142-4f83-956f-29c141d66da6,2024-08-09,B2,1.4972
eb0b7f42-4142-4f83-956f-29c141d66da6,2024-08-10,B2,1.1635
eb0b7f42-4142-4f83-956f-29c141d66da6,2024-08-08,B3,3.2734
eb0b7f42-4142-4f83-956f-29c141d66da6,2024-08-09,B3,2.6714
eb0b7f42-4142-4f83-956f-29c141d66da6,2024-08-10,B3,2.0759
eb83cdae-2684-4046-99de-a999cb593e12,2024-08-08,B1,11.641
eb83cdae-2684-4046-99de-a999cb593e12,2024-08-09,B1,9.5
eb83cdae-2684-4046-99de-a999cb593e12,2024-08-10,B1,7.3824
eb83cdae-2684-4046-99de-a999cb593e12,2024-08-08,B2,8.4077
eb83cdae-2684-4046-99de-a999cb593e12,2024-08-09,B2,6.8614
eb83cdae-2684-4046-99de-a999cb593e12,2024-08-10,B2,5.3319
eb83cdae-2684-4046-99de-a999cb593e12,2024-08-08,B3,56.3822
eb83cdae-2684-4046-99de-a999cb593e12,2024-08-09,B3,46.0126
eb83cdae-2684-4046-99de-a999cb593e12,2024-08-10,B3,35.756
eb8a8222-9911-4799-b070-9e82cc261878,2024-08-08,M2,2.5064
eb8a8222-9911-4799-b070-9e82cc261878,2024-08-09,M2,2.2407
eb8a8222-9911-4799-b070-9e82cc261878,2024-08-10,M2,2.044
eb8a8222-9911-4799-b070-9e82cc261878,2024-08-08,M3,3.4134
eb8a8222-9911-4799-b070-9e82cc261878,2024-08-09,M3,3.0515
eb8a8222-9911-4799-b070-9e82cc261878,2024-08-10,M3,2.7836
eb8a8222-9911-4799-b070-9e82cc261878,2024-08-08,M4,2.0565
eb8a8222-9911-4799-b070-9e82cc261878,2024-08-09,M4,1.8385
eb8a8222-9911-4799-b070-9e82cc261878,2024-08-10,M4,1.6771
ebd1eb4d-af9f-4074-95ed-d197b2acc7d6,2024-08-08,B1,10.3824
ebd1eb4d-af9f-4074-95ed-d197b2acc7d6,2024-08-09,B1,8.4729
ebd1eb4d-af9f-4074-95ed-d197b2acc7d6,2024-08-10,B1,6.5842
ebd1eb4d-af9f-4074-95ed-d197b2acc7d6,2024-08-08,B2,26.5328
ebd1eb4d-af9f-4074-95ed-d197b2acc7d6,2024-08-09,B2,21.653
ebd1eb4d-af9f-4074-95ed-d197b2acc7d6,2024-08-10,B2,16.8263
ebd1eb4d-af9f-4074-95ed-d197b2acc7d6,2024-08-08,B3,3.6477
ebd1eb4d-af9f-4074-95ed-d197b2acc7d6,2024-08-09,B3,2.9768
ebd1eb4d-af9f-4074-95ed-d197b2acc7d6,2024-08-10,B3,2.3133
ebd6353c-bcd4-4400-96d9-6b9de55571db,2024-08-08,B2,1.1536
ebd6353c-bcd4-4400-96d9-6b9de55571db,2024-08-09,B2,0.9414
ebd6353c-bcd4-4400-96d9-6b9de55571db,2024-08-10,B2,0.7316
ebd6353c-bcd4-4400-96d9-6b9de55571db,2024-08-08,B3,2.0386
ebd6353c-bcd4-4400-96d9-6b9de55571db,2024-08-09,B3,1.6637
ebd6353c-bcd4-4400-96d9-6b9de55571db,2024-08-10,B3,1.2928
ebfacc6d-fef8-4398-8f8e-872fe2125317,2024-08-08,B3,1.8405
ebfacc6d-fef8-4398-8f8e-872fe2125317,2024-08-09,B3,1.502
ebfacc6d-fef8-4398-8f8e-872fe2125317,2024-08-10,B3,1.1672
ec0664b0-e87b-401e-8159-2966718da7fe,2024-08-08,B2,2.3072
ec0664b0-e87b-401e-8159-2966718da7fe,2024-08-09,B2,1.8829
ec0664b0-e87b-401e-8159-2966718da7fe,2024-08-10,B2,1.4632
ec0664b0-e87b-401e-8159-2966718da7fe,2024-08-08,B3,2.3072
ec0664b0-e87b-401e-8159-2966718da7fe,2024-08-09,B3,1.8829
ec0664b0-e87b-401e-8159-2966718da7fe,2024-08-10,B3,1.4632
ec451221-95c7-49d7-b84f-6c45517b7d2e,2024-08-08,M1,1.0551
ec451221-95c7-49d7-b84f-6c45517b7d2e,2024-08-09,M1,0.9433
ec451221-95c7-49d7-b84f-6c45517b7d2e,2024-08-10,M1,0.8605
ec451221-95c7-49d7-b84f-6c45517b7d2e,2024-08-08,M2,2.8222
ec451221-95c7-49d7-b84f-6c45517b7d2e,2024-08-09,M2,2.523
ec451221-95c7-49d7-b84f-6c45517b7d2e,2024-08-10,M2,2.3015
ec451221-95c7-49d7-b84f-6c45517b7d2e,2024-08-08,M3,7.3302
ec451221-95c7-49d7-b84f-6c45517b7d2e,2024-08-09,M3,6.5531
ec451221-95c7-49d7-b84f-6c45517b7d2e,2024-08-10,M3,5.9778
ec451221-95c7-49d7-b84f-6c45517b7d2e,2024-08-08,M4,3.9041
ec451221-95c7-49d7-b84f-6c45517b7d2e,2024-08-09,M4,3.4902
ec451221-95c7-49d7-b84f-6c45517b7d2e,2024-08-10,M4,3.1838
ec451221-95c7-49d7-b84f-6c45517b7d2e,2024-08-08,M5,1.8095
ec451221-95c7-49d7-b84f-6c45517b7d2e,2024-08-09,M5,1.6176
ec451221-95c7-49d7-b84f-6c45517b7d2e,2024-08-10,M5,1.4756
ec6e876f-72af-4771-8ce2-302d661c3a88,2024-08-08,M1,2.1103
ec6e876f-72af-4771-8ce2-302d661c3a88,2024-08-09,M1,1.8866
ec6e876f-72af-4771-8ce2-302d661c3a88,2024-08-10,M1,1.7209
ec6e876f-72af-4771-8ce2-302d661c3a88,2024-08-08,M2,1.9066
ec6e876f-72af-4771-8ce2-302d661c3a88,2024-08-09,M2,1.7044
ec6e876f-72af-4771-8ce2-302d661c3a88,2024-08-10,M2,1.5548
ec6e876f-72af-4771-8ce2-302d661c3a88,2024-08-08,M3,6.565
ec6e876f-72af-4771-8ce2-302d661c3a88,2024-08-09,M3,5.869
ec6e876f-72af-4771-8ce2-302d661c3a88,2024-08-10,M3,5.3538
ec6e876f-72af-4771-8ce2-302d661c3a88,2024-08-08,M4,6.8584
ec6e876f-72af-4771-8ce2-302d661c3a88,2024-08-09,M4,6.1313
ec6e876f-72af-4771-8ce2-302d661c3a88,2024-08-10,M4,5.5931
ec8fd12a-c38a-4645-b96b-c6380803dcca,2024-08-08,B2,2.3072
ec8fd12a-c38a-4645-b96b-c6380803dcca,2024-08-09,B2,1.8829
ec8fd12a-c38a-4645-b96b-c6380803dcca,2024-08-10,B2,1.4632
ec8fd12a-c38a-4645-b96b-c6380803dcca,2024-08-08,B3,2.1466
ec8fd12a-c38a-4645-b96b-c6380803dcca,2024-08-09,B3,1.7518
ec8fd12a-c38a-4645-b96b-c6380803dcca,2024-08-10,B3,1.3613
ed5f201a-c75c-4afb-b834-8bda422ac304,2024-08-08,B2,4.6144
ed5f201a-c75c-4afb-b834-8bda422ac304,2024-08-09,B2,3.7657
ed5f201a-c75c-4afb-b834-8bda422ac304,2024-08-10,B2,2.9263
ed5f201a-c75c-4afb-b834-8bda422ac304,2024-08-08,B3,3.171
ed5f201a-c75c-4afb-b834-8bda422ac304,2024-08-09,B3,2.5878
ed5f201a-c75c-4afb-b834-8bda422ac304,2024-08-10,B3,2.011
ed942e9c-4668-48db-a1eb-ed352a135527,2024-08-08,M1,2.1103
ed942e9c-4668-48db-a1eb-ed352a135527,2024-08-09,M1,1.8866
ed942e9c-4668-48db-a1eb-ed352a135527,2024-08-10,M1,1.7209
ed942e9c-4668-48db-a1eb-ed352a135527,2024-08-08,M2,1.5827
ed942e9c-4668-48db-a1eb-ed352a135527,2024-08-09,M2,1.4149
ed942e9c-4668-48db-a1eb-ed352a135527,2024-08-10,M2,1.2907
ed942e9c-4668-48db-a1eb-ed352a135527,2024-08-08,M3,1.5827
ed942e9c-4668-48db-a1eb-ed352a135527,2024-08-09,M3,1.4149
ed942e9c-4668-48db-a1eb-ed352a135527,2024-08-10,M3,1.2907
ed942e9c-4668-48db-a1eb-ed352a135527,2024-08-08,M4,1.999
ed942e9c-4668-48db-a1eb-ed352a135527,2024-08-09,M4,1.787
ed942e9c-4668-48db-a1eb-ed352a135527,2024-08-10,M4,1.6302
ed942e9c-4668-48db-a1eb-ed352a135527,2024-08-08,M5,2.1103
ed942e9c-4668-48db-a1eb-ed352a135527,2024-08-09,M5,1.8866
ed942e9c-4668-48db-a1eb-ed352a135527,2024-08-10,M5,1.7209
edd0d8db-16b2-41b1-bfca-848551c78c28,2024-08-08,B1,8.0752
edd0d8db-16b2-41b1-bfca-848551c78c28,2024-08-09,B1,6.59
edd0d8db-16b2-41b1-bfca-848551c78c28,2024-08-10,B1,5.1211
edd0d8db-16b2-41b1-bfca-848551c78c28,2024-08-08,B2,1.1536
edd0d8db-16b2-41b1-bfca-848551c78c28,2024-08-09,B2,0.9414
edd0d8db-16b2-41b1-bfca-848551c78c28,2024-08-10,B2,0.7316
edd0d8db-16b2-41b1-bfca-848551c78c28,2024-08-08,B3,1.9093
edd0d8db-16b2-41b1-bfca-848551c78c28,2024-08-09,B3,1.5581
edd0d8db-16b2-41b1-bfca-848551c78c28,2024-08-10,B3,1.2108
ede71050-d155-46b0-a217-693c52a0561b,2024-08-08,B1,4.4988
ede71050-d155-46b0-a217-693c52a0561b,2024-08-09,B1,3.6714
ede71050-d155-46b0-a217-693c52a0561b,2024-08-10,B1,2.853
ede71050-d155-46b0-a217-693c52a0561b,2024-08-08,B2,2.7556
ede71050-d155-46b0-a217-693c52a0561b,2024-08-09,B2,2.2488
ede71050-d155-46b0-a217-693c52a0561b,2024-08-10,B2,1.7475
ede71050-d155-46b0-a217-693c52a0561b,2024-08-08,B3,8.9259
ede71050-d155-46b0-a217-693c52a0561b,2024-08-09,B3,7.2843
ede71050-d155-46b0-a217-693c52a0561b,2024-08-10,B3,5.6606
ee1f9db2-a827-4559-b3ef-092dcaf437dd,2024-08-08,M1,3.3497
ee1f9db2-a827-4559-b3ef-092dcaf437dd,2024-08-09,M1,2.9946
ee1f9db2-a827-4559-b3ef-092dcaf437dd,2024-08-10,M1,2.7317
ee1f9db2-a827-4559-b3ef-092dcaf437dd,2024-08-08,M2,7.4575
ee1f9db2-a827-4559-b3ef-092dcaf437dd,2024-08-09,M2,6.6669
ee1f9db2-a827-4559-b3ef-092dcaf437dd,2024-08-10,M2,6.0816
ee1f9db2-a827-4559-b3ef-092dcaf437dd,2024-08-08,M3,4.4808
ee1f9db2-a827-4559-b3ef-092dcaf437dd,2024-08-09,M3,4.0057
ee1f9db2-a827-4559-b3ef-092dcaf437dd,2024-08-10,M3,3.6541
ee1f9db2-a827-4559-b3ef-092dcaf437dd,2024-08-08,M4,3.5485
ee1f9db2-a827-4559-b3ef-092dcaf437dd,2024-08-09,M4,3.1723
ee1f9db2-a827-4559-b3ef-092dcaf437dd,2024-08-10,M4,2.8938
ee1f9db2-a827-4559-b3ef-092dcaf437dd,2024-08-08,M5,2.1702
ee1f9db2-a827-4559-b3ef-092dcaf437dd,2024-08-09,M5,1.9401
ee1f9db2-a827-4559-b3ef-092dcaf437dd,2024-08-10,M5,1.7698
ee368d7b-20c8-4cd6-9995-8f0d0391e6e4,2024-08-08,M1,1.0551
ee368d7b-20c8-4cd6-9995-8f0d0391e6e4,2024-08-09,M1,0.9433
ee368d7b-20c8-4cd6-9995-8f0d0391e6e4,2024-08-10,M1,0.8605
ee368d7b-20c8-4cd6-9995-8f0d0391e6e4,2024-08-08,M2,2.1103
ee368d7b-20c8-4cd6-9995-8f0d0391e6e4,2024-08-09,M2,1.8866
ee368d7b-20c8-4cd6-9995-8f0d0391e6e4,2024-08-10,M2,1.7209
ee368d7b-20c8-4cd6-9995-8f0d0391e6e4,2024-08-08,M3,2.8297
ee368d7b-20c8-4cd6-9995-8f0d0391e6e4,2024-08-09,M3,2.5297
ee368d7b-20c8-4cd6-9995-8f0d0391e6e4,2024-08-10,M3,2.3077
ee368d7b-20c8-4cd6-9995-8f0d0391e6e4,2024-08-08,M4,3.1654
ee368d7b-20c8-4cd6-9995-8f0d0391e6e4,2024-08-09,M4,2.8298
ee368d7b-20c8-4cd6-9995-8f0d0391e6e4,2024-08-10,M4,2.5814
ee368d7b-20c8-4cd6-9995-8f0d0391e6e4,2024-08-08,M5,1.0551
ee368d7b-20c8-4cd6-9995-8f0d0391e6e4,2024-08-09,M5,0.9433
ee368d7b-20c8-4cd6-9995-8f0d0391e6e4,2024-08-10,M5,0.8605
ee6b4ebf-afae-4b26-add7-057ab08e879f,2024-08-08,B1,2.078
ee6b4ebf-afae-4b26-add7-057ab08e879f,2024-08-09,B1,1.6958
ee6b4ebf-afae-4b26-add7-057ab08e879f,2024-08-10,B1,1.3178
ee6b4ebf-afae-4b26-add7-057ab08e879f,2024-08-08,B3,6.1882
ee6b4ebf-afae-4b26-add7-057ab08e879f,2024-08-09,B3,5.0501
ee6b4ebf-afae-4b26-add7-057ab08e879f,2024-08-10,B3,3.9243
ee6ec283-54b3-49e1-b9f1-94c92b425d74,2024-08-08,B1,1.1536
ee6ec283-54b3-49e1-b9f1-94c92b425d74,2024-08-09,B1,0.9414
ee6ec283-54b3-49e1-b9f1-94c92b425d74,2024-08-10,B1,0.7316
ee6ec283-54b3-49e1-b9f1-94c92b425d74,2024-08-08,B2,1.1536
ee6ec283-54b3-49e1-b9f1-94c92b425d74,2024-08-09,B2,0.9414
ee6ec283-54b3-49e1-b9f1-94c92b425d74,2024-08-10,B2,0.7316
ee6ec283-54b3-49e1-b9f1-94c92b425d74,2024-08-08,B3,1.9174
ee6ec283-54b3-49e1-b9f1-94c92b425d74,2024-08-09,B3,1.5648
ee6ec283-54b3-49e1-b9f1-94c92b425d74,2024-08-10,B3,1.216
ee744668-ffd5-4351-9f21-cfaf5cd5b92e,2024-08-08,B2,1.9041
ee744668-ffd5-4351-9f21-cfaf5cd5b92e,2024-08-09,B2,1.5539
ee744668-ffd5-4351-9f21-cfaf5cd5b92e,2024-08-10,B2,1.2075
ee744668-ffd5-4351-9f21-cfaf5cd5b92e,2024-08-08,B3,3.3487
ee744668-ffd5-4351-9f21-cfaf5cd5b92e,2024-08-09,B3,2.7328
ee744668-ffd5-4351-9f21-cfaf5cd5b92e,2024-08-10,B3,2.1237
ef1064ec-6662-4438-b6da-1aadb120081b,2024-08-08,B1,1.9574
ef1064ec-6662-4438-b6da-1aadb120081b,2024-08-09,B1,1.5974
ef1064ec-6662-4438-b6da-1aadb120081b,2024-08-10,B1,1.2413
ef1064ec-6662-4438-b6da-1aadb120081b,2024-08-08,B2,3.4608
ef1064ec-6662-4438-b6da-1aadb120081b,2024-08-09,B2,2.8243
ef1064ec-6662-4438-b6da-1aadb120081b,2024-08-10,B2,2.1947
ef1064ec-6662-4438-b6da-1aadb120081b,2024-08-08,B3,5.0218
ef1064ec-6662-4438-b6da-1aadb120081b,2024-08-09,B3,4.0982
ef1064ec-6662-4438-b6da-1aadb120081b,2024-08-10,B3,3.1847
ef40d192-2052-437d-9ec5-7d22da695663,2024-08-08,M1,1.7087
ef40d192-2052-437d-9ec5-7d22da695663,2024-08-09,M1,1.5276
ef40d192-2052-437d-9ec5-7d22da695663,2024-08-10,M1,1.3935
ef40d192-2052-437d-9ec5-7d22da695663,2024-08-08,M2,7.7518
ef40d192-2052-437d-9ec5-7d22da695663,2024-08-09,M2,6.93
ef40d192-2052-437d-9ec5-7d22da695663,2024-08-10,M2,6.3216
ef40d192-2052-437d-9ec5-7d22da695663,2024-08-08,M3,6.7336
ef40d192-2052-437d-9ec5-7d22da695663,2024-08-09,M3,6.0197
ef40d192-2052-437d-9ec5-7d22da695663,2024-08-10,M3,5.4912
ef40d192-2052-437d-9ec5-7d22da695663,2024-08-08,M4,3.1721
ef40d192-2052-437d-9ec5-7d22da695663,2024-08-09,M4,2.8358
ef40d192-2052-437d-9ec5-7d22da695663,2024-08-10,M4,2.5868
ef40d192-2052-437d-9ec5-7d22da695663,2024-08-08,M5,1.5505
ef40d192-2052-437d-9ec5-7d22da695663,2024-08-09,M5,1.3861
ef40d192-2052-437d-9ec5-7d22da695663,2024-08-10,M5,1.2644
ef755728-74fc-4677-8967-1505803418a4,2024-08-08,M2,1.0551
ef755728-74fc-4677-8967-1505803418a4,2024-08-09,M2,0.9433
ef755728-74fc-4677-8967-1505803418a4,2024-08-10,M2,0.8605
ef755728-74fc-4677-8967-1505803418a4,2024-08-08,M3,7.386
ef755728-74fc-4677-8967-1505803418a4,2024-08-09,M3,6.603
ef755728-74fc-4677-8967-1505803418a4,2024-08-10,M3,6.0233
ef755728-74fc-4677-8967-1505803418a4,2024-08-08,M5,2.1103
ef755728-74fc-4677-8967-1505803418a4,2024-08-09,M5,1.8866
ef755728-74fc-4677-8967-1505803418a4,2024-08-10,M5,1.7209
f0a937c7-d600-42ac-88af-a12318dd6215,2024-08-08,B1,13.8432
f0a937c7-d600-42ac-88af-a12318dd6215,2024-08-09,B1,11.2972
f0a937c7-d600-42ac-88af-a12318dd6215,2024-08-10,B1,8.7789
f0a937c7-d600-42ac-88af-a12318dd6215,2024-08-08,B2,19.6112
f0a937c7-d600-42ac-88af-a12318dd6215,2024-08-09,B2,16.0044
f0a937c7-d600-42ac-88af-a12318dd6215,2024-08-10,B2,12.4368
f0a937c7-d600-42ac-88af-a12318dd6215,2024-08-08,B3,6.1345
f0a937c7-d600-42ac-88af-a12318dd6215,2024-08-09,B3,5.0063
f0a937c7-d600-42ac-88af-a12318dd6215,2024-08-10,B3,3.8903
f0c4ddcb-8da7-4f28-b262-09802f7bbc58,2024-08-08,M2,1.8265
f0c4ddcb-8da7-4f28-b262-09802f7bbc58,2024-08-09,M2,1.6329
f0c4ddcb-8da7-4f28-b262-09802f7bbc58,2024-08-10,M2,1.4895
f0c4ddcb-8da7-4f28-b262-09802f7bbc58,2024-08-08,M3,2.0017
f0c4ddcb-8da7-4f28-b262-09802f7bbc58,2024-08-09,M3,1.7895
f0c4ddcb-8da7-4f28-b262-09802f7bbc58,2024-08-10,M3,1.6324
f0c4ddcb-8da7-4f28-b262-09802f7bbc58,2024-08-08,M4,1.5827
f0c4ddcb-8da7-4f28-b262-09802f7bbc58,2024-08-09,M4,1.4149
f0c4ddcb-8da7-4f28-b262-09802f7bbc58,2024-08-10,M4,1.2907
f0c4ddcb-8da7-4f28-b262-09802f7bbc58,2024-08-08,M5,2.1103
f0c4ddcb-8da7-4f28-b262-09802f7bbc58,2024-08-09,M5,1.8866
f0c4ddcb-8da7-4f28-b262-09802f7bbc58,2024-08-10,M5,1.7209
f0d383b5-b256-47e2-a9f3-4eb220c143b6,2024-08-08,B1,2.3072
f0d383b5-b256-47e2-a9f3-4eb220c143b6,2024-08-09,B1,1.8829
f0d383b5-b256-47e2-a9f3-4eb220c143b6,2024-08-10,B1,1.4632
f0d383b5-b256-47e2-a9f3-4eb220c143b6,2024-08-08,B2,1.1536
f0d383b5-b256-47e2-a9f3-4eb220c143b6,2024-08-09,B2,0.9414
f0d383b5-b256-47e2-a9f3-4eb220c143b6,2024-08-10,B2,0.7316
f0d383b5-b256-47e2-a9f3-4eb220c143b6,2024-08-08,B3,3.5855
f0d383b5-b256-47e2-a9f3-4eb220c143b6,2024-08-09,B3,2.926
f0d383b5-b256-47e2-a9f3-4eb220c143b6,2024-08-10,B3,2.2738
f0dbfae9-c014-4ebc-b075-009180651306,2024-08-08,B1,2.1089
f0dbfae9-c014-4ebc-b075-009180651306,2024-08-09,B1,1.721
f0dbfae9-c014-4ebc-b075-009180651306,2024-08-10,B1,1.3374
f0dbfae9-c014-4ebc-b075-009180651306,2024-08-08,B2,2.3072
f0dbfae9-c014-4ebc-b075-009180651306,2024-08-09,B2,1.8829
f0dbfae9-c014-4ebc-b075-009180651306,2024-08-10,B2,1.4632
f0dbfae9-c014-4ebc-b075-009180651306,2024-08-08,B3,2.9543
f0dbfae9-c014-4ebc-b075-009180651306,2024-08-09,B3,2.411
f0dbfae9-c014-4ebc-b075-009180651306,2024-08-10,B3,1.8735
f1f246d9-a707-44c8-ae02-9a9e48fe1385,2024-08-08,B1,2.4255
f1f246d9-a707-44c8-ae02-9a9e48fe1385,2024-08-09,B1,1.9794
f1f246d9-a707-44c8-ae02-9a9e48fe1385,2024-08-10,B1,1.5382
f1f246d9-a707-44c8-ae02-9a9e48fe1385,2024-08-08,B2,1.784
f1f246d9-a707-44c8-ae02-9a9e48fe1385,2024-08-09,B2,1.4559
f1f246d9-a707-44c8-ae02-9a9e48fe1385,2024-08-10,B2,1.1313
f1f246d9-a707-44c8-ae02-9a9e48fe1385,2024-08-08,B3,5.4503
f1f246d9-a707-44c8-ae02-9a9e48fe1385,2024-08-09,B3,4.4479
f1f246d9-a707-44c8-ae02-9a9e48fe1385,2024-08-10,B3,3.4564
f219080e-b7e9-4f64-844e-22f5ec4a654f,2024-08-08,B1,2.5006
f219080e-b7e9-4f64-844e-22f5ec4a654f,2024-08-09,B1,2.0407
f219080e-b7e9-4f64-844e-22f5ec4a654f,2024-08-10,B1,1.5858
f219080e-b7e9-4f64-844e-22f5ec4a654f,2024-08-08,B2,6.9216
f219080e-b7e9-4f64-844e-22f5ec4a654f,2024-08-09,B2,5.6486
f219080e-b7e9-4f64-844e-22f5ec4a654f,2024-08-10,B2,4.3895
f219080e-b7e9-4f64-844e-22f5ec4a654f,2024-08-08,B3,7.9597
f219080e-b7e9-4f64-844e-22f5ec4a654f,2024-08-09,B3,6.4958
f219080e-b7e9-4f64-844e-22f5ec4a654f,2024-08-10,B3,5.0478
f21a335f-5536-40d3-bfb4-b97a555ad17f,2024-08-08,M2,28.4889
f21a335f-5536-40d3-bfb4-b97a555ad17f,2024-08-09,M2,25.4686
f21a335f-5536-40d3-bfb4-b97a555ad17f,2024-08-10,M2,23.2328
f21a335f-5536-40d3-bfb4-b97a555ad17f,2024-08-08,M3,2.7318
f21a335f-5536-40d3-bfb4-b97a555ad17f,2024-08-09,M3,2.4422
f21a335f-5536-40d3-bfb4-b97a555ad17f,2024-08-10,M3,2.2278
f21a335f-5536-40d3-bfb4-b97a555ad17f,2024-08-08,M4,2.6379
f21a335f-5536-40d3-bfb4-b97a555ad17f,2024-08-09,M4,2.3582
f21a335f-5536-40d3-bfb4-b97a555ad17f,2024-08-10,M4,2.1512
f248e97b-3121-4cd0-996d-7188536d981a,2024-08-08,B1,3.4608
f248e97b-3121-4cd0-996d-7188536d981a,2024-08-09,B1,2.8243
f248e97b-3121-4cd0-996d-7188536d981a,2024-08-10,B1,2.1947
f248e97b-3121-4cd0-996d-7188536d981a,2024-08-08,B3,2.4219
f248e97b-3121-4cd0-996d-7188536d981a,2024-08-09,B3,1.9764
f248e97b-3121-4cd0-996d-7188536d981a,2024-08-10,B3,1.5359
f2c89bb9-99aa-4224-b943-1a41815e0370,2024-08-08,B1,1.8911
f2c89bb9-99aa-4224-b943-1a41815e0370,2024-08-09,B1,1.5433
f2c89bb9-99aa-4224-b943-1a41815e0370,2024-08-10,B1,1.1993
f2c89bb9-99aa-4224-b943-1a41815e0370,2024-08-08,B2,2.4393
f2c89bb9-99aa-4224-b943-1a41815e0370,2024-08-09,B2,1.9907
f2c89bb9-99aa-4224-b943-1a41815e0370,2024-08-10,B2,1.5469
f2c89bb9-99aa-4224-b943-1a41815e0370,2024-08-08,B3,5.5813
f2c89bb9-99aa-4224-b943-1a41815e0370,2024-08-09,B3,4.5549
f2c89bb9-99aa-4224-b943-1a41815e0370,2024-08-10,B3,3.5395
f366b438-6e53-4705-b104-dab5961faa2a,2024-08-08,B1,2.0345
f366b438-6e53-4705-b104-dab5961faa2a,2024-08-09,B1,1.6603
f366b438-6e53-4705-b104-dab5961faa2a,2024-08-10,B1,1.2902
f366b438-6e53-4705-b104-dab5961faa2a,2024-08-08,B2,5.768
f366b438-6e53-4705-b104-dab5961faa2a,2024-08-09,B2,4.7072
f366b438-6e53-4705-b104-dab5961faa2a,2024-08-10,B2,3.6579
f366b438-6e53-4705-b104-dab5961faa2a,2024-08-08,B3,3.5358
f366b438-6e53-4705-b104-dab5961faa2a,2024-08-09,B3,2.8856
f366b438-6e53-4705-b104-dab5961faa2a,2024-08-10,B3,2.2423
f371ee07-2b1f-4165-a058-bceeb2c79967,2024-08-08,B1,2.2581
f371ee07-2b1f-4165-a058-bceeb2c79967,2024-08-09,B1,1.8428
f371ee07-2b1f-4165-a058-bceeb2c79967,2024-08-10,B1,1.432
f371ee07-2b1f-4165-a058-bceeb2c79967,2024-08-08,B2,5.768
f371ee07-2b1f-4165-a058-bceeb2c79967,2024-08-09,B2,4.7072
f371ee07-2b1f-4165-a058-bceeb2c79967,2024-08-10,B2,3.6579
f371ee07-2b1f-4165-a058-bceeb2c79967,2024-08-08,B3,2.3225
f371ee07-2b1f-4165-a058-bceeb2c79967,2024-08-09,B3,1.8954
f371ee07-2b1f-4165-a058-bceeb2c79967,2024-08-10,B3,1.4729
f3e92513-441c-4993-a7ee-204c6445c6b1,2024-08-08,B1,2.3072
f3e92513-441c-4993-a7ee-204c6445c6b1,2024-08-09,B1,1.8829
f3e92513-441c-4993-a7ee-204c6445c6b1,2024-08-10,B1,1.4632
f3e92513-441c-4993-a7ee-204c6445c6b1,2024-08-08,B2,3.4608
f3e92513-441c-4993-a7ee-204c6445c6b1,2024-08-09,B2,2.8243
f3e92513-441c-4993-a7ee-204c6445c6b1,2024-08-10,B2,2.1947
f3e92513-441c-4993-a7ee-204c6445c6b1,2024-08-08,B3,3.6159
f3e92513-441c-4993-a7ee-204c6445c6b1,2024-08-09,B3,2.9508
f3e92513-441c-4993-a7ee-204c6445c6b1,2024-08-10,B3,2.2931
f4034be0-1e0c-4df4-980e-3b69af0a5360,2024-08-08,B1,3.9975
f4034be0-1e0c-4df4-980e-3b69af0a5360,2024-08-09,B1,3.2623
f4034be0-1e0c-4df4-980e-3b69af0a5360,2024-08-10,B1,2.5351
f4034be0-1e0c-4df4-980e-3b69af0a5360,2024-08-08,B2,4.7467
f4034be0-1e0c-4df4-980e-3b69af0a5360,2024-08-09,B2,3.8737
f4034be0-1e0c-4df4-980e-3b69af0a5360,2024-08-10,B2,3.0102
f4034be0-1e0c-4df4-980e-3b69af0a5360,2024-08-08,B3,11.3464
f4034be0-1e0c-4df4-980e-3b69af0a5360,2024-08-09,B3,9.2596
f4034be0-1e0c-4df4-980e-3b69af0a5360,2024-08-10,B3,7.1955
f43c645a-6935-4ffa-b027-3329c4aa437e,2024-08-08,M1,2.1103
f43c645a-6935-4ffa-b027-3329c4aa437e,2024-08-09,M1,1.8866
f43c645a-6935-4ffa-b027-3329c4aa437e,2024-08-10,M1,1.7209
f43c645a-6935-4ffa-b027-3329c4aa437e,2024-08-08,M2,2.7126
f43c645a-6935-4ffa-b027-3329c4aa437e,2024-08-09,M2,2.4251
f43c645a-6935-4ffa-b027-3329c4aa437e,2024-08-10,M2,2.2122
f43c645a-6935-4ffa-b027-3329c4aa437e,2024-08-08,M3,3.4304
f43c645a-6935-4ffa-b027-3329c4aa437e,2024-08-09,M3,3.0668
f43c645a-6935-4ffa-b027-3329c4aa437e,2024-08-10,M3,2.7975
f43c645a-6935-4ffa-b027-3329c4aa437e,2024-08-08,M4,2.017
f43c645a-6935-4ffa-b027-3329c4aa437e,2024-08-09,M4,1.8031
f43c645a-6935-4ffa-b027-3329c4aa437e,2024-08-10,M4,1.6449
f43c645a-6935-4ffa-b027-3329c4aa437e,2024-08-08,M5,1.8218
f43c645a-6935-4ffa-b027-3329c4aa437e,2024-08-09,M5,1.6287
f43c645a-6935-4ffa-b027-3329c4aa437e,2024-08-10,M5,1.4857
f45b2ec3-d967-4bd0-a0cb-69e2e4b79a62,2024-08-08,M1,2.2163
f45b2ec3-d967-4bd0-a0cb-69e2e4b79a62,2024-08-09,M1,1.9813
f45b2ec3-d967-4bd0-a0cb-69e2e4b79a62,2024-08-10,M1,1.8074
f45b2ec3-d967-4bd0-a0cb-69e2e4b79a62,2024-08-08,M2,4.7777
f45b2ec3-d967-4bd0-a0cb-69e2e4b79a62,2024-08-09,M2,4.2712
f45b2ec3-d967-4bd0-a0cb-69e2e4b79a62,2024-08-10,M2,3.8962
f45b2ec3-d967-4bd0-a0cb-69e2e4b79a62,2024-08-08,M3,11.4642
f45b2ec3-d967-4bd0-a0cb-69e2e4b79a62,2024-08-09,M3,10.2488
f45b2ec3-d967-4bd0-a0cb-69e2e4b79a62,2024-08-10,M3,9.3491
f45b2ec3-d967-4bd0-a0cb-69e2e4b79a62,2024-08-08,M4,7.5201
f45b2ec3-d967-4bd0-a0cb-69e2e4b79a62,2024-08-09,M4,6.7229
f45b2ec3-d967-4bd0-a0cb-69e2e4b79a62,2024-08-10,M4,6.1327
f45b2ec3-d967-4bd0-a0cb-69e2e4b79a62,2024-08-08,M5,2.811
f45b2ec3-d967-4bd0-a0cb-69e2e4b79a62,2024-08-09,M5,2.513
f45b2ec3-d967-4bd0-a0cb-69e2e4b79a62,2024-08-10,M5,2.2924
f4e1a2d8-e41d-4b0b-872b-39278ef9e197,2024-08-08,B1,2.3072
f4e1a2d8-e41d-4b0b-872b-39278ef9e197,2024-08-09,B1,1.8829
f4e1a2d8-e41d-4b0b-872b-39278ef9e197,2024-08-10,B1,1.4632
f4e1a2d8-e41d-4b0b-872b-39278ef9e197,2024-08-08,B2,3.4608
f4e1a2d8-e41d-4b0b-872b-39278ef9e197,2024-08-09,B2,2.8243
f4e1a2d8-e41d-4b0b-872b-39278ef9e197,2024-08-10,B2,2.1947
f4e1a2d8-e41d-4b0b-872b-39278ef9e197,2024-08-08,B3,2.884
f4e1a2d8-e41d-4b0b-872b-39278ef9e197,2024-08-09,B3,2.3536
f4e1a2d8-e41d-4b0b-872b-39278ef9e197,2024-08-10,B3,1.8289
f4e8bda6-ad7d-4205-84ae-755e6793ba7c,2024-08-08,M1,1.0551
f4e8bda6-ad7d-4205-84ae-755e6793ba7c,2024-08-09,M1,0.9433
f4e8bda6-ad7d-4205-84ae-755e6793ba7c,2024-08-10,M1,0.8605
f4e8bda6-ad7d-4205-84ae-755e6793ba7c,2024-08-08,M2,2.4945
f4e8bda6-ad7d-4205-84ae-755e6793ba7c,2024-08-09,M2,2.2301
f4e8bda6-ad7d-4205-84ae-755e6793ba7c,2024-08-10,M2,2.0343
f4e8bda6-ad7d-4205-84ae-755e6793ba7c,2024-08-08,M3,2.7387
f4e8bda6-ad7d-4205-84ae-755e6793ba7c,2024-08-09,M3,2.4484
f4e8bda6-ad7d-4205-84ae-755e6793ba7c,2024-08-10,M3,2.2334
f4e8bda6-ad7d-4205-84ae-755e6793ba7c,2024-08-08,M4,5.2757
f4e8bda6-ad7d-4205-84ae-755e6793ba7c,2024-08-09,M4,4.7164
f4e8bda6-ad7d-4205-84ae-755e6793ba7c,2024-08-10,M4,4.3024
f4e8bda6-ad7d-4205-84ae-755e6793ba7c,2024-08-08,M5,2.1103
f4e8bda6-ad7d-4205-84ae-755e6793ba7c,2024-08-09,M5,1.8866
f4e8bda6-ad7d-4205-84ae-755e6793ba7c,2024-08-10,M5,1.7209
f55a01ec-4f11-445e-83eb-46169490e3a3,2024-08-08,M3,7.9136
f55a01ec-4f11-445e-83eb-46169490e3a3,2024-08-09,M3,7.0746
f55a01ec-4f11-445e-83eb-46169490e3a3,2024-08-10,M3,6.4536
f55a01ec-4f11-445e-83eb-46169490e3a3,2024-08-08,M5,1.0551
f55a01ec-4f11-445e-83eb-46169490e3a3,2024-08-09,M5,0.9433
f55a01ec-4f11-445e-83eb-46169490e3a3,2024-08-10,M5,0.8605
f5799df6-9026-479a-b350-a3ae95d3f373,2024-08-08,B2,1.9061
f5799df6-9026-479a-b350-a3ae95d3f373,2024-08-09,B2,1.5555
f5799df6-9026-479a-b350-a3ae95d3f373,2024-08-10,B2,1.2088
f5799df6-9026-479a-b350-a3ae95d3f373,2024-08-08,B3,2.4458
f5799df6-9026-479a-b350-a3ae95d3f373,2024-08-09,B3,1.996
f5799df6-9026-479a-b350-a3ae95d3f373,2024-08-10,B3,1.551
f58457de-a8c2-4f74-ac66-59d06e1555fd,2024-08-08,B1,2.3072
f58457de-a8c2-4f74-ac66-59d06e1555fd,2024-08-09,B1,1.8829
f58457de-a8c2-4f74-ac66-59d06e1555fd,2024-08-10,B1,1.4632
f58457de-a8c2-4f74-ac66-59d06e1555fd,2024-08-08,B2,2.0978
f58457de-a8c2-4f74-ac66-59d06e1555fd,2024-08-09,B2,1.712
f58457de-a8c2-4f74-ac66-59d06e1555fd,2024-08-10,B2,1.3304
f58457de-a8c2-4f74-ac66-59d06e1555fd,2024-08-08,B3,4.02
f58457de-a8c2-4f74-ac66-59d06e1555fd,2024-08-09,B3,3.2807
f58457de-a8c2-4f74-ac66-59d06e1555fd,2024-08-10,B3,2.5494
f5aca7c4-711d-40d8-8dc4-e525cdd8c9cc,2024-08-08,B1,2.5561
f5aca7c4-711d-40d8-8dc4-e525cdd8c9cc,2024-08-09,B1,2.086
f5aca7c4-711d-40d8-8dc4-e525cdd8c9cc,2024-08-10,B1,1.621
f5aca7c4-711d-40d8-8dc4-e525cdd8c9cc,2024-08-08,B2,3.2105
f5aca7c4-711d-40d8-8dc4-e525cdd8c9cc,2024-08-09,B2,2.6201
f5aca7c4-711d-40d8-8dc4-e525cdd8c9cc,2024-08-10,B2,2.036
f5aca7c4-711d-40d8-8dc4-e525cdd8c9cc,2024-08-08,B3,9.1626
f5aca7c4-711d-40d8-8dc4-e525cdd8c9cc,2024-08-09,B3,7.4775
f5aca7c4-711d-40d8-8dc4-e525cdd8c9cc,2024-08-10,B3,5.8107
f5c5493a-ebf7-4282-9432-ad37de969fb7,2024-08-08,B2,1.1536
f5c5493a-ebf7-4282-9432-ad37de969fb7,2024-08-09,B2,0.9414
f5c5493a-ebf7-4282-9432-ad37de969fb7,2024-08-10,B2,0.7316
f5c5493a-ebf7-4282-9432-ad37de969fb7,2024-08-08,B3,3.6229
f5c5493a-ebf7-4282-9432-ad37de969fb7,2024-08-09,B3,2.9566
f5c5493a-ebf7-4282-9432-ad37de969fb7,2024-08-10,B3,2.2976
f60b0b7c-abde-4b3c-9339-d9808efa7605,2024-08-08,B1,1.1536
f60b0b7c-abde-4b3c-9339-d9808efa7605,2024-08-09,B1,0.9414
f60b0b7c-abde-4b3c-9339-d9808efa7605,2024-08-10,B1,0.7316
f60b0b7c-abde-4b3c-9339-d9808efa7605,2024-08-08,B3,3.6122
f60b0b7c-abde-4b3c-9339-d9808efa7605,2024-08-09,B3,2.9478
f60b0b7c-abde-4b3c-9339-d9808efa7605,2024-08-10,B3,2.2907
f617768a-19d0-4261-abad-f5fecf546b44,2024-08-08,B3,6.3721
f617768a-19d0-4261-abad-f5fecf546b44,2024-08-09,B3,5.2002
f617768a-19d0-4261-abad-f5fecf546b44,2024-08-10,B3,4.041
f6547e60-bee0-4b81-9832-e13f769157de,2024-08-08,B2,1.1536
f6547e60-bee0-4b81-9832-e13f769157de,2024-08-09,B2,0.9414
f6547e60-bee0-4b81-9832-e13f769157de,2024-08-10,B2,0.7316
f6547e60-bee0-4b81-9832-e13f769157de,2024-08-08,B3,2.0959
f6547e60-bee0-4b81-9832-e13f769157de,2024-08-09,B3,1.7104
f6547e60-bee0-4b81-9832-e13f769157de,2024-08-10,B3,1.3292
f753244b-634f-471c-bf6c-7585df0ca044,2024-08-08,M1,1.9777
f753244b-634f-471c-bf6c-7585df0ca044,2024-08-09,M1,1.768
f753244b-634f-471c-bf6c-7585df0ca044,2024-08-10,M1,1.6128
f753244b-634f-471c-bf6c-7585df0ca044,2024-08-08,M2,4.301
f753244b-634f-471c-bf6c-7585df0ca044,2024-08-09,M2,3.845
f753244b-634f-471c-bf6c-7585df0ca044,2024-08-10,M2,3.5075
f753244b-634f-471c-bf6c-7585df0ca044,2024-08-08,M3,7.6094
f753244b-634f-471c-bf6c-7585df0ca044,2024-08-09,M3,6.8027
f753244b-634f-471c-bf6c-7585df0ca044,2024-08-10,M3,6.2055
f753244b-634f-471c-bf6c-7585df0ca044,2024-08-08,M4,2.5689
f753244b-634f-471c-bf6c-7585df0ca044,2024-08-09,M4,2.2965
f753244b-634f-471c-bf6c-7585df0ca044,2024-08-10,M4,2.0949
f753244b-634f-471c-bf6c-7585df0ca044,2024-08-08,M5,1.733
f753244b-634f-471c-bf6c-7585df0ca044,2024-08-09,M5,1.5493
f753244b-634f-471c-bf6c-7585df0ca044,2024-08-10,M5,1.4133
f7b8e621-e9fc-48ed-9b8a-a87c8c393278,2024-08-08,M2,1.903
f7b8e621-e9fc-48ed-9b8a-a87c8c393278,2024-08-09,M2,1.7013
f7b8e621-e9fc-48ed-9b8a-a87c8c393278,2024-08-10,M2,1.5519
f7b8e621-e9fc-48ed-9b8a-a87c8c393278,2024-08-08,M3,2.6259
f7b8e621-e9fc-48ed-9b8a-a87c8c393278,2024-08-09,M3,2.3475
f7b8e621-e9fc-48ed-9b8a-a87c8c393278,2024-08-10,M3,2.1414
f7b8e621-e9fc-48ed-9b8a-a87c8c393278,2024-08-08,M4,1.0551
f7b8e621-e9fc-48ed-9b8a-a87c8c393278,2024-08-09,M4,0.9433
f7b8e621-e9fc-48ed-9b8a-a87c8c393278,2024-08-10,M4,0.8605
f8fa044c-fe0b-4545-9df9-beaab6d755f0,2024-08-08,B1,5.768
f8fa044c-fe0b-4545-9df9-beaab6d755f0,2024-08-09,B1,4.7072
f8fa044c-fe0b-4545-9df9-beaab6d755f0,2024-08-10,B1,3.6579
f8fa044c-fe0b-4545-9df9-beaab6d755f0,2024-08-08,B2,2.1693
f8fa044c-fe0b-4545-9df9-beaab6d755f0,2024-08-09,B2,1.7703
f8fa044c-fe0b-4545-9df9-beaab6d755f0,2024-08-10,B2,1.3757
f8fa044c-fe0b-4545-9df9-beaab6d755f0,2024-08-08,B3,3.1495
f8fa044c-fe0b-4545-9df9-beaab6d755f0,2024-08-09,B3,2.5702
f8fa044c-fe0b-4545-9df9-beaab6d755f0,2024-08-10,B3,1.9973
f90111ab-1464-4df8-8829-3bca2c0858ae,2024-08-08,M1,2.1461
f90111ab-1464-4df8-8829-3bca2c0858ae,2024-08-09,M1,1.9186
f90111ab-1464-4df8-8829-3bca2c0858ae,2024-08-10,M1,1.7502
f90111ab-1464-4df8-8829-3bca2c0858ae,2024-08-08,M2,3.8972
f90111ab-1464-4df8-8829-3bca2c0858ae,2024-08-09,M2,3.484
f90111ab-1464-4df8-8829-3bca2c0858ae,2024-08-10,M2,3.1782
f90111ab-1464-4df8-8829-3bca2c0858ae,2024-08-08,M3,19.9534
f90111ab-1464-4df8-8829-3bca2c0858ae,2024-08-09,M3,17.838
f90111ab-1464-4df8-8829-3bca2c0858ae,2024-08-10,M3,16.2721
f90111ab-1464-4df8-8829-3bca2c0858ae,2024-08-08,M4,4.5344
f90111ab-1464-4df8-8829-3bca2c0858ae,2024-08-09,M4,4.0537
f90111ab-1464-4df8-8829-3bca2c0858ae,2024-08-10,M4,3.6978
f90111ab-1464-4df8-8829-3bca2c0858ae,2024-08-08,M5,2.1792
f90111ab-1464-4df8-8829-3bca2c0858ae,2024-08-09,M5,1.9482
f90111ab-1464-4df8-8829-3bca2c0858ae,2024-08-10,M5,1.7771
f95b7b37-2f87-4e2c-bfc1-574bab806a5c,2024-08-08,B1,3.4371
f95b7b37-2f87-4e2c-bfc1-574bab806a5c,2024-08-09,B1,2.8049
f95b7b37-2f87-4e2c-bfc1-574bab806a5c,2024-08-10,B1,2.1797
f95b7b37-2f87-4e2c-bfc1-574bab806a5c,2024-08-08,B2,2.1202
f95b7b37-2f87-4e2c-bfc1-574bab806a5c,2024-08-09,B2,1.7303
f95b7b37-2f87-4e2c-bfc1-574bab806a5c,2024-08-10,B2,1.3446
f95b7b37-2f87-4e2c-bfc1-574bab806a5c,2024-08-08,B3,12.2734
f95b7b37-2f87-4e2c-bfc1-574bab806a5c,2024-08-09,B3,10.0162
f95b7b37-2f87-4e2c-bfc1-574bab806a5c,2024-08-10,B3,7.7835
f96e2221-047b-4a47-94d5-f1c41e259b06,2024-08-08,M1,1.0551
f96e2221-047b-4a47-94d5-f1c41e259b06,2024-08-09,M1,0.9433
f96e2221-047b-4a47-94d5-f1c41e259b06,2024-08-10,M1,0.8605
f96e2221-047b-4a47-94d5-f1c41e259b06,2024-08-08,M2,2.0581
f96e2221-047b-4a47-94d5-f1c41e259b06,2024-08-09,M2,1.8399
f96e2221-047b-4a47-94d5-f1c41e259b06,2024-08-10,M2,1.6784
f96e2221-047b-4a47-94d5-f1c41e259b06,2024-08-08,M3,3.4425
f96e2221-047b-4a47-94d5-f1c41e259b06,2024-08-09,M3,3.0775
f96e2221-047b-4a47-94d5-f1c41e259b06,2024-08-10,M3,2.8074
f96e2221-047b-4a47-94d5-f1c41e259b06,2024-08-08,M4,1.9335
f96e2221-047b-4a47-94d5-f1c41e259b06,2024-08-09,M4,1.7285
f96e2221-047b-4a47-94d5-f1c41e259b06,2024-08-10,M4,1.5767
f9c7a0df-a41e-4c8a-b357-7c1aca558a41,2024-08-08,M1,1.8975
f9c7a0df-a41e-4c8a-b357-7c1aca558a41,2024-08-09,M1,1.6964
f9c7a0df-a41e-4c8a-b357-7c1aca558a41,2024-08-10,M1,1.5475
f9c7a0df-a41e-4c8a-b357-7c1aca558a41,2024-08-08,M2,6.3158
f9c7a0df-a41e-4c8a-b357-7c1aca558a41,2024-08-09,M2,5.6463
f9c7a0df-a41e-4c8a-b357-7c1aca558a41,2024-08-10,M2,5.1506
f9c7a0df-a41e-4c8a-b357-7c1aca558a41,2024-08-08,M3,13.5486
f9c7a0df-a41e-4c8a-b357-7c1aca558a41,2024-08-09,M3,12.1123
f9c7a0df-a41e-4c8a-b357-7c1aca558a41,2024-08-10,M3,11.0489
f9c7a0df-a41e-4c8a-b357-7c1aca558a41,2024-08-08,M4,3.854
f9c7a0df-a41e-4c8a-b357-7c1aca558a41,2024-08-09,M4,3.4454
f9c7a0df-a41e-4c8a-b357-7c1aca558a41,2024-08-10,M4,3.143
f9c7a0df-a41e-4c8a-b357-7c1aca558a41,2024-08-08,M5,1.8971
f9c7a0df-a41e-4c8a-b357-7c1aca558a41,2024-08-09,M5,1.696
f9c7a0df-a41e-4c8a-b357-7c1aca558a41,2024-08-10,M5,1.5471
fa09fd5f-4953-4bab-a4ea-bdaa5cd9ce54,2024-08-08,B1,9.7312
fa09fd5f-4953-4bab-a4ea-bdaa5cd9ce54,2024-08-09,B1,7.9415
fa09fd5f-4953-4bab-a4ea-bdaa5cd9ce54,2024-08-10,B1,6.1712
fa09fd5f-4953-4bab-a4ea-bdaa5cd9ce54,2024-08-08,B2,7.4366
fa09fd5f-4953-4bab-a4ea-bdaa5cd9ce54,2024-08-09,B2,6.0689
fa09fd5f-4953-4bab-a4ea-bdaa5cd9ce54,2024-08-10,B2,4.7161
fa09fd5f-4953-4bab-a4ea-bdaa5cd9ce54,2024-08-08,B3,22.445
fa09fd5f-4953-4bab-a4ea-bdaa5cd9ce54,2024-08-09,B3,18.317
fa09fd5f-4953-4bab-a4ea-bdaa5cd9ce54,2024-08-10,B3,14.234
fa9bf7d0-e580-4a2d-aeca-ce8487b75833,2024-08-08,B3,2.4122
fa9bf7d0-e580-4a2d-aeca-ce8487b75833,2024-08-09,B3,1.9686
fa9bf7d0-e580-4a2d-aeca-ce8487b75833,2024-08-10,B3,1.5298
fb3b9ddc-a7c2-4844-9106-4edd80c2d2b9,2024-08-08,B1,2.3072
fb3b9ddc-a7c2-4844-9106-4edd80c2d2b9,2024-08-09,B1,1.8829
fb3b9ddc-a7c2-4844-9106-4edd80c2d2b9,2024-08-10,B1,1.4632
fb3b9ddc-a7c2-4844-9106-4edd80c2d2b9,2024-08-08,B2,1.7304
fb3b9ddc-a7c2-4844-9106-4edd80c2d2b9,2024-08-09,B2,1.4122
fb3b9ddc-a7c2-4844-9106-4edd80c2d2b9,2024-08-10,B2,1.0974
fb3b9ddc-a7c2-4844-9106-4edd80c2d2b9,2024-08-08,B3,2.3024
fb3b9ddc-a7c2-4844-9106-4edd80c2d2b9,2024-08-09,B3,1.879
fb3b9ddc-a7c2-4844-9106-4edd80c2d2b9,2024-08-10,B3,1.4601
fb60ac97-2463-4245-b533-337e2fcef4af,2024-08-08,B1,40.9945
fb60ac97-2463-4245-b533-337e2fcef4af,2024-08-09,B1,33.455
fb60ac97-2463-4245-b533-337e2fcef4af,2024-08-10,B1,25.9975
fb60ac97-2463-4245-b533-337e2fcef4af,2024-08-08,B2,36.3518
fb60ac97-2463-4245-b533-337e2fcef4af,2024-08-09,B2,29.6661
fb60ac97-2463-4245-b533-337e2fcef4af,2024-08-10,B2,23.0533
fb60ac97-2463-4245-b533-337e2fcef4af,2024-08-08,B3,883.0685
fb60ac97-2463-4245-b533-337e2fcef4af,2024-08-09,B3,720.6586
fb60ac97-2463-4245-b533-337e2fcef4af,2024-08-10,B3,560.0168
fb6a09ea-dc12-4190-8f83-6258d805302e,2024-08-08,B1,1.8485
fb6a09ea-dc12-4190-8f83-6258d805302e,2024-08-09,B1,1.5085
fb6a09ea-dc12-4190-8f83-6258d805302e,2024-08-10,B1,1.1722
fb6a09ea-dc12-4190-8f83-6258d805302e,2024-08-08,B2,2.1109
fb6a09ea-dc12-4190-8f83-6258d805302e,2024-08-09,B2,1.7226
fb6a09ea-dc12-4190-8f83-6258d805302e,2024-08-10,B2,1.3387
fb6a09ea-dc12-4190-8f83-6258d805302e,2024-08-08,B3,6.6689
fb6a09ea-dc12-4190-8f83-6258d805302e,2024-08-09,B3,5.4424
fb6a09ea-dc12-4190-8f83-6258d805302e,2024-08-10,B3,4.2292
fbdb4665-3c74-424a-8af6-240731711a4c,2024-08-08,B1,4.5152
fbdb4665-3c74-424a-8af6-240731711a4c,2024-08-09,B1,3.6848
fbdb4665-3c74-424a-8af6-240731711a4c,2024-08-10,B1,2.8634
fbdb4665-3c74-424a-8af6-240731711a4c,2024-08-08,B2,3.8486
fbdb4665-3c74-424a-8af6-240731711a4c,2024-08-09,B2,3.1408
fbdb4665-3c74-424a-8af6-240731711a4c,2024-08-10,B2,2.4407
fbdb4665-3c74-424a-8af6-240731711a4c,2024-08-08,B3,3.6511
fbdb4665-3c74-424a-8af6-240731711a4c,2024-08-09,B3,2.9796
fbdb4665-3c74-424a-8af6-240731711a4c,2024-08-10,B3,2.3155
fbf3d023-4fc4-4d13-8b09-f566d1daf7ff,2024-08-08,B1,1.1536
fbf3d023-4fc4-4d13-8b09-f566d1daf7ff,2024-08-09,B1,0.9414
fbf3d023-4fc4-4d13-8b09-f566d1daf7ff,2024-08-10,B1,0.7316
fbf3d023-4fc4-4d13-8b09-f566d1daf7ff,2024-08-08,B2,1.1536
fbf3d023-4fc4-4d13-8b09-f566d1daf7ff,2024-08-09,B2,0.9414
fbf3d023-4fc4-4d13-8b09-f566d1daf7ff,2024-08-10,B2,0.7316
fbf3d023-4fc4-4d13-8b09-f566d1daf7ff,2024-08-08,B3,2.1157
fbf3d023-4fc4-4d13-8b09-f566d1daf7ff,2024-08-09,B3,1.7266
fbf3d023-4fc4-4d13-8b09-f566d1daf7ff,2024-08-10,B3,1.3417
fc5e84a1-ab31-4367-b55c-7c782bac2a9e,2024-08-08,M1,1.6277
fc5e84a1-ab31-4367-b55c-7c782bac2a9e,2024-08-09,M1,1.4551
fc5e84a1-ab31-4367-b55c-7c782bac2a9e,2024-08-10,M1,1.3274
fc5e84a1-ab31-4367-b55c-7c782bac2a9e,2024-08-08,M2,3.0196
fc5e84a1-ab31-4367-b55c-7c782bac2a9e,2024-08-09,M2,2.6995
fc5e84a1-ab31-4367-b55c-7c782bac2a9e,2024-08-10,M2,2.4625
fc5e84a1-ab31-4367-b55c-7c782bac2a9e,2024-08-08,M3,3.7518
fc5e84a1-ab31-4367-b55c-7c782bac2a9e,2024-08-09,M3,3.354
fc5e84a1-ab31-4367-b55c-7c782bac2a9e,2024-08-10,M3,3.0596
fc5e84a1-ab31-4367-b55c-7c782bac2a9e,2024-08-08,M4,3.9258
fc5e84a1-ab31-4367-b55c-7c782bac2a9e,2024-08-09,M4,3.5096
fc5e84a1-ab31-4367-b55c-7c782bac2a9e,2024-08-10,M4,3.2015
fc5e84a1-ab31-4367-b55c-7c782bac2a9e,2024-08-08,M5,1.5893
fc5e84a1-ab31-4367-b55c-7c782bac2a9e,2024-08-09,M5,1.4208
fc5e84a1-ab31-4367-b55c-7c782bac2a9e,2024-08-10,M5,1.296
fd3a6821-4fd5-4a09-98ba-d38993ce100a,2024-08-08,M2,4.7481
fd3a6821-4fd5-4a09-98ba-d38993ce100a,2024-08-09,M2,4.2448
fd3a6821-4fd5-4a09-98ba-d38993ce100a,2024-08-10,M2,3.8721
fd3a6821-4fd5-4a09-98ba-d38993ce100a,2024-08-08,M3,1.9124
fd3a6821-4fd5-4a09-98ba-d38993ce100a,2024-08-09,M3,1.7096
fd3a6821-4fd5-4a09-98ba-d38993ce100a,2024-08-10,M3,1.5595
fd3a6821-4fd5-4a09-98ba-d38993ce100a,2024-08-08,M4,2.1103
fd3a6821-4fd5-4a09-98ba-d38993ce100a,2024-08-09,M4,1.8866
fd3a6821-4fd5-4a09-98ba-d38993ce100a,2024-08-10,M4,1.7209
fd3a6821-4fd5-4a09-98ba-d38993ce100a,2024-08-08,M5,1.0551
fd3a6821-4fd5-4a09-98ba-d38993ce100a,2024-08-09,M5,0.9433
fd3a6821-4fd5-4a09-98ba-d38993ce100a,2024-08-10,M5,0.8605
fd54815d-8126-4299-871b-c5931a02f22e,2024-08-08,B3,1.9866
fd54815d-8126-4299-871b-c5931a02f22e,2024-08-09,B3,1.6212
fd54815d-8126-4299-871b-c5931a02f22e,2024-08-10,B3,1.2598
fd5e34b7-b42d-41ea-a3f8-dd4b1824589c,2024-08-08,M1,2.1286
fd5e34b7-b42d-41ea-a3f8-dd4b1824589c,2024-08-09,M1,1.9029
fd5e34b7-b42d-41ea-a3f8-dd4b1824589c,2024-08-10,M1,1.7359
fd5e34b7-b42d-41ea-a3f8-dd4b1824589c,2024-08-08,M2,5.0465
fd5e34b7-b42d-41ea-a3f8-dd4b1824589c,2024-08-09,M2,4.5115
fd5e34b7-b42d-41ea-a3f8-dd4b1824589c,2024-08-10,M2,4.1154
fd5e34b7-b42d-41ea-a3f8-dd4b1824589c,2024-08-08,M3,10.158
fd5e34b7-b42d-41ea-a3f8-dd4b1824589c,2024-08-09,M3,9.0811
fd5e34b7-b42d-41ea-a3f8-dd4b1824589c,2024-08-10,M3,8.2839
fd5e34b7-b42d-41ea-a3f8-dd4b1824589c,2024-08-08,M4,7.7831
fd5e34b7-b42d-41ea-a3f8-dd4b1824589c,2024-08-09,M4,6.958
fd5e34b7-b42d-41ea-a3f8-dd4b1824589c,2024-08-10,M4,6.3471
fd5e34b7-b42d-41ea-a3f8-dd4b1824589c,2024-08-08,M5,1.5768
fd5e34b7-b42d-41ea-a3f8-dd4b1824589c,2024-08-09,M5,1.4097
fd5e34b7-b42d-41ea-a3f8-dd4b1824589c,2024-08-10,M5,1.2859
fdb3ac34-92cb-4aa8-a09d-501198c23767,2024-08-08,B1,1.8058
fdb3ac34-92cb-4aa8-a09d-501198c23767,2024-08-09,B1,1.4737
fdb3ac34-92cb-4aa8-a09d-501198c23767,2024-08-10,B1,1.1452
fdb3ac34-92cb-4aa8-a09d-501198c23767,2024-08-08,B2,1.1536
fdb3ac34-92cb-4aa8-a09d-501198c23767,2024-08-09,B2,0.9414
fdb3ac34-92cb-4aa8-a09d-501198c23767,2024-08-10,B2,0.7316
fdb3ac34-92cb-4aa8-a09d-501198c23767,2024-08-08,B3,3.5542
fdb3ac34-92cb-4aa8-a09d-501198c23767,2024-08-09,B3,2.9005
fdb3ac34-92cb-4aa8-a09d-501198c23767,2024-08-10,B3,2.2539
fdbc0fb1-017b-4dab-9046-15f05206f4e6,2024-08-08,B1,1.1536
fdbc0fb1-017b-4dab-9046-15f05206f4e6,2024-08-09,B1,0.9414
fdbc0fb1-017b-4dab-9046-15f05206f4e6,2024-08-10,B1,0.7316
fdbc0fb1-017b-4dab-9046-15f05206f4e6,2024-08-08,B2,3.4608
fdbc0fb1-017b-4dab-9046-15f05206f4e6,2024-08-09,B2,2.8243
fdbc0fb1-017b-4dab-9046-15f05206f4e6,2024-08-10,B2,2.1947
fdbc0fb1-017b-4dab-9046-15f05206f4e6,2024-08-08,B3,2.6307
fdbc0fb1-017b-4dab-9046-15f05206f4e6,2024-08-09,B3,2.1469
fdbc0fb1-017b-4dab-9046-15f05206f4e6,2024-08-10,B3,1.6683
fdc30dbe-788e-412f-b943-be75a2e1af72,2024-08-08,B1,1.9973
fdc30dbe-788e-412f-b943-be75a2e1af72,2024-08-09,B1,1.6299
fdc30dbe-788e-412f-b943-be75a2e1af72,2024-08-10,B1,1.2666
fdc30dbe-788e-412f-b943-be75a2e1af72,2024-08-08,B2,1.8413
fdc30dbe-788e-412f-b943-be75a2e1af72,2024-08-09,B2,1.5027
fdc30dbe-788e-412f-b943-be75a2e1af72,2024-08-10,B2,1.1677
fdc30dbe-788e-412f-b943-be75a2e1af72,2024-08-08,B3,5.0126
fdc30dbe-788e-412f-b943-be75a2e1af72,2024-08-09,B3,4.0907
fdc30dbe-788e-412f-b943-be75a2e1af72,2024-08-10,B3,3.1788
fdfae901-61c9-485a-808e-24b8ad5b2ac2,2024-08-08,B3,1.1536
fdfae901-61c9-485a-808e-24b8ad5b2ac2,2024-08-09,B3,0.9414
fdfae901-61c9-485a-808e-24b8ad5b2ac2,2024-08-10,B3,0.7316
fe2dca78-fa59-43f3-a164-e0a322bb67a0,2024-08-08,B1,1.7304
fe2dca78-fa59-43f3-a164-e0a322bb67a0,2024-08-09,B1,1.4122
fe2dca78-fa59-43f3-a164-e0a322bb67a0,2024-08-10,B1,1.0974
fe2dca78-fa59-43f3-a164-e0a322bb67a0,2024-08-08,B3,2.9822
fe2dca78-fa59-43f3-a164-e0a322bb67a0,2024-08-09,B3,2.4337
fe2dca78-fa59-43f3-a164-e0a322bb67a0,2024-08-10,B3,1.8912
fe315793-9956-441b-addc-68b76fa7df06,2024-08-08,B1,2.0351
fe315793-9956-441b-addc-68b76fa7df06,2024-08-09,B1,1.6608
fe315793-9956-441b-addc-68b76fa7df06,2024-08-10,B1,1.2906
fe315793-9956-441b-addc-68b76fa7df06,2024-08-08,B2,5.733
fe315793-9956-441b-addc-68b76fa7df06,2024-08-09,B2,4.6786
fe315793-9956-441b-addc-68b76fa7df06,2024-08-10,B2,3.6357
fe315793-9956-441b-addc-68b76fa7df06,2024-08-08,B3,7.3287
fe315793-9956-441b-addc-68b76fa7df06,2024-08-09,B3,5.9808
fe315793-9956-441b-addc-68b76fa7df06,2024-08-10,B3,4.6476
fed0c486-fcc3-486f-8749-4d28b0de323f,2024-08-08,B1,4.4064
fed0c486-fcc3-486f-8749-4d28b0de323f,2024-08-09,B1,3.596
fed0c486-fcc3-486f-8749-4d28b0de323f,2024-08-10,B1,2.7944
fed0c486-fcc3-486f-8749-4d28b0de323f,2024-08-08,B2,3.996
fed0c486-fcc3-486f-8749-4d28b0de323f,2024-08-09,B2,3.2611
fed0c486-fcc3-486f-8749-4d28b0de323f,2024-08-10,B2,2.5341
fed0c486-fcc3-486f-8749-4d28b0de323f,2024-08-08,B3,11.7598
fed0c486-fcc3-486f-8749-4d28b0de323f,2024-08-09,B3,9.597
fed0c486-fcc3-486f-8749-4d28b0de323f,2024-08-10,B3,7.4577
